season,round,race_name,driver,constructor,grid,position,points,status,laps
2010,1,Bahrain Grand Prix,alonso,ferrari,3,1,25.0,Finished,49
2010,1,Bahrain Grand Prix,massa,ferrari,2,2,18.0,Finished,49
2010,1,Bahrain Grand Prix,hamilton,mclaren,4,3,15.0,Finished,49
2010,1,Bahrain Grand Prix,vettel,red_bull,1,4,12.0,Finished,49
2010,1,Bahrain Grand Prix,rosberg,mercedes,5,5,10.0,Finished,49
2010,1,Bahrain Grand Prix,michael_schumacher,mercedes,7,6,8.0,Finished,49
2010,1,Bahrain Grand Prix,button,mclaren,8,7,6.0,Finished,49
2010,1,Bahrain Grand Prix,webber,red_bull,6,8,4.0,Finished,49
2010,1,Bahrain Grand Prix,liuzzi,force_india,12,9,2.0,Finished,49
2010,1,Bahrain Grand Prix,barrichello,williams,11,10,1.0,Finished,49
2010,1,Bahrain Grand Prix,kubica,renault,9,11,0.0,Finished,49
2010,1,Bahrain Grand Prix,sutil,force_india,10,12,0.0,Finished,49
2010,1,Bahrain Grand Prix,alguersuari,toro_rosso,18,13,0.0,Finished,49
2010,1,Bahrain Grand Prix,hulkenberg,williams,13,14,0.0,+1 Lap,48
2010,1,Bahrain Grand Prix,kovalainen,lotus_racing,21,15,0.0,+2 Laps,47
2010,1,Bahrain Grand Prix,buemi,toro_rosso,15,16,0.0,Electrical,46
2010,1,Bahrain Grand Prix,trulli,lotus_racing,20,17,0.0,Hydraulics,46
2010,1,Bahrain Grand Prix,rosa,sauber,14,18,0.0,Hydraulics,28
2010,1,Bahrain Grand Prix,bruno_senna,hrt,23,19,0.0,Overheating,17
2010,1,Bahrain Grand Prix,glock,virgin,19,20,0.0,Gearbox,16
2010,1,Bahrain Grand Prix,petrov,renault,17,21,0.0,Suspension,13
2010,1,Bahrain Grand Prix,kobayashi,sauber,16,22,0.0,Hydraulics,11
2010,1,Bahrain Grand Prix,grassi,virgin,22,23,0.0,Hydraulics,2
2010,1,Bahrain Grand Prix,chandhok,hrt,24,24,0.0,Accident,1
2010,2,Australian Grand Prix,button,mclaren,4,1,25.0,Finished,58
2010,2,Australian Grand Prix,kubica,renault,9,2,18.0,Finished,58
2010,2,Australian Grand Prix,massa,ferrari,5,3,15.0,Finished,58
2010,2,Australian Grand Prix,alonso,ferrari,3,4,12.0,Finished,58
2010,2,Australian Grand Prix,rosberg,mercedes,6,5,10.0,Finished,58
2010,2,Australian Grand Prix,hamilton,mclaren,11,6,8.0,Finished,58
2010,2,Australian Grand Prix,liuzzi,force_india,13,7,6.0,Finished,58
2010,2,Australian Grand Prix,barrichello,williams,8,8,4.0,Finished,58
2010,2,Australian Grand Prix,webber,red_bull,2,9,2.0,Finished,58
2010,2,Australian Grand Prix,michael_schumacher,mercedes,7,10,1.0,Finished,58
2010,2,Australian Grand Prix,alguersuari,toro_rosso,17,11,0.0,Finished,58
2010,2,Australian Grand Prix,rosa,sauber,14,12,0.0,Finished,58
2010,2,Australian Grand Prix,kovalainen,lotus_racing,19,13,0.0,+2 Laps,56
2010,2,Australian Grand Prix,chandhok,hrt,22,14,0.0,+5 Laps,53
2010,2,Australian Grand Prix,glock,virgin,23,15,0.0,Suspension,41
2010,2,Australian Grand Prix,grassi,virgin,24,16,0.0,Hydraulics,26
2010,2,Australian Grand Prix,vettel,red_bull,1,17,0.0,Wheel,25
2010,2,Australian Grand Prix,sutil,force_india,10,18,0.0,Engine,9
2010,2,Australian Grand Prix,petrov,renault,18,19,0.0,Spun off,9
2010,2,Australian Grand Prix,bruno_senna,hrt,21,20,0.0,Hydraulics,4
2010,2,Australian Grand Prix,buemi,toro_rosso,12,21,0.0,Collision,0
2010,2,Australian Grand Prix,hulkenberg,williams,15,22,0.0,Collision,0
2010,2,Australian Grand Prix,kobayashi,sauber,16,23,0.0,Collision,0
2010,2,Australian Grand Prix,trulli,lotus_racing,20,24,0.0,Hydraulics,0
2010,3,Malaysian Grand Prix,vettel,red_bull,3,1,25.0,Finished,56
2010,3,Malaysian Grand Prix,webber,red_bull,1,2,18.0,Finished,56
2010,3,Malaysian Grand Prix,rosberg,mercedes,2,3,15.0,Finished,56
2010,3,Malaysian Grand Prix,kubica,renault,6,4,12.0,Finished,56
2010,3,Malaysian Grand Prix,sutil,force_india,4,5,10.0,Finished,56
2010,3,Malaysian Grand Prix,hamilton,mclaren,20,6,8.0,Finished,56
2010,3,Malaysian Grand Prix,massa,ferrari,21,7,6.0,Finished,56
2010,3,Malaysian Grand Prix,button,mclaren,17,8,4.0,Finished,56
2010,3,Malaysian Grand Prix,alguersuari,toro_rosso,14,9,2.0,Finished,56
2010,3,Malaysian Grand Prix,hulkenberg,williams,5,10,1.0,Finished,56
2010,3,Malaysian Grand Prix,buemi,toro_rosso,13,11,0.0,Finished,56
2010,3,Malaysian Grand Prix,barrichello,williams,7,12,0.0,+1 Lap,55
2010,3,Malaysian Grand Prix,alonso,ferrari,19,13,0.0,Engine,54
2010,3,Malaysian Grand Prix,grassi,virgin,24,14,0.0,+3 Laps,53
2010,3,Malaysian Grand Prix,chandhok,hrt,22,15,0.0,+3 Laps,53
2010,3,Malaysian Grand Prix,bruno_senna,hrt,23,16,0.0,+4 Laps,52
2010,3,Malaysian Grand Prix,trulli,lotus_racing,18,17,0.0,+5 Laps,51
2010,3,Malaysian Grand Prix,kovalainen,lotus_racing,15,18,0.0,+10 Laps,46
2010,3,Malaysian Grand Prix,petrov,renault,11,19,0.0,Gearbox,32
2010,3,Malaysian Grand Prix,liuzzi,force_india,10,20,0.0,Throttle,12
2010,3,Malaysian Grand Prix,michael_schumacher,mercedes,8,21,0.0,Wheel,9
2010,3,Malaysian Grand Prix,kobayashi,sauber,9,22,0.0,Engine,8
2010,3,Malaysian Grand Prix,glock,virgin,16,23,0.0,Spun off,2
2010,3,Malaysian Grand Prix,rosa,sauber,12,24,0.0,Engine,0
2010,4,Chinese Grand Prix,button,mclaren,5,1,25.0,Finished,56
2010,4,Chinese Grand Prix,hamilton,mclaren,6,2,18.0,Finished,56
2010,4,Chinese Grand Prix,rosberg,mercedes,4,3,15.0,Finished,56
2010,4,Chinese Grand Prix,alonso,ferrari,3,4,12.0,Finished,56
2010,4,Chinese Grand Prix,kubica,renault,8,5,10.0,Finished,56
2010,4,Chinese Grand Prix,vettel,red_bull,1,6,8.0,Finished,56
2010,4,Chinese Grand Prix,petrov,renault,14,7,6.0,Finished,56
2010,4,Chinese Grand Prix,webber,red_bull,2,8,4.0,Finished,56
2010,4,Chinese Grand Prix,massa,ferrari,7,9,2.0,Finished,56
2010,4,Chinese Grand Prix,michael_schumacher,mercedes,9,10,1.0,Finished,56
2010,4,Chinese Grand Prix,sutil,force_india,10,11,0.0,Finished,56
2010,4,Chinese Grand Prix,barrichello,williams,11,12,0.0,Finished,56
2010,4,Chinese Grand Prix,alguersuari,toro_rosso,12,13,0.0,Finished,56
2010,4,Chinese Grand Prix,kovalainen,lotus_racing,21,14,0.0,+1 Lap,55
2010,4,Chinese Grand Prix,hulkenberg,williams,16,15,0.0,+1 Lap,55
2010,4,Chinese Grand Prix,bruno_senna,hrt,23,16,0.0,+2 Laps,54
2010,4,Chinese Grand Prix,chandhok,hrt,24,17,0.0,+4 Laps,52
2010,4,Chinese Grand Prix,trulli,lotus_racing,20,18,0.0,Hydraulics,26
2010,4,Chinese Grand Prix,grassi,virgin,22,19,0.0,Clutch,8
2010,4,Chinese Grand Prix,rosa,sauber,17,20,0.0,Technical,7
2010,4,Chinese Grand Prix,buemi,toro_rosso,13,21,0.0,Accident,0
2010,4,Chinese Grand Prix,kobayashi,sauber,15,22,0.0,Accident,0
2010,4,Chinese Grand Prix,liuzzi,force_india,18,23,0.0,Accident,0
2010,4,Chinese Grand Prix,glock,virgin,19,24,0.0,Engine,0
2010,5,Spanish Grand Prix,webber,red_bull,1,1,25.0,Finished,66
2010,5,Spanish Grand Prix,alonso,ferrari,4,2,18.0,Finished,66
2010,5,Spanish Grand Prix,vettel,red_bull,2,3,15.0,Finished,66
2010,5,Spanish Grand Prix,michael_schumacher,mercedes,6,4,12.0,Finished,66
2010,5,Spanish Grand Prix,button,mclaren,5,5,10.0,Finished,66
2010,5,Spanish Grand Prix,massa,ferrari,9,6,8.0,Finished,66
2010,5,Spanish Grand Prix,sutil,force_india,11,7,6.0,Finished,66
2010,5,Spanish Grand Prix,kubica,renault,7,8,4.0,Finished,66
2010,5,Spanish Grand Prix,barrichello,williams,17,9,2.0,+1 Lap,65
2010,5,Spanish Grand Prix,alguersuari,toro_rosso,15,10,1.0,+1 Lap,65
2010,5,Spanish Grand Prix,petrov,renault,19,11,0.0,+1 Lap,65
2010,5,Spanish Grand Prix,kobayashi,sauber,10,12,0.0,+1 Lap,65
2010,5,Spanish Grand Prix,rosberg,mercedes,8,13,0.0,+1 Lap,65
2010,5,Spanish Grand Prix,hamilton,mclaren,3,14,0.0,Puncture,64
2010,5,Spanish Grand Prix,liuzzi,force_india,16,15,0.0,Engine,64
2010,5,Spanish Grand Prix,hulkenberg,williams,13,16,0.0,+2 Laps,64
2010,5,Spanish Grand Prix,trulli,lotus_racing,18,17,0.0,+3 Laps,63
2010,5,Spanish Grand Prix,glock,virgin,22,18,0.0,+3 Laps,63
2010,5,Spanish Grand Prix,grassi,virgin,23,19,0.0,+4 Laps,62
2010,5,Spanish Grand Prix,buemi,toro_rosso,14,20,0.0,Hydraulics,42
2010,5,Spanish Grand Prix,chandhok,hrt,24,21,0.0,Suspension,27
2010,5,Spanish Grand Prix,rosa,sauber,12,22,0.0,Collision,18
2010,5,Spanish Grand Prix,bruno_senna,hrt,21,23,0.0,Accident,0
2010,5,Spanish Grand Prix,kovalainen,lotus_racing,20,24,0.0,Gearbox,0
2010,6,Monaco Grand Prix,webber,red_bull,1,1,25.0,Finished,78
2010,6,Monaco Grand Prix,vettel,red_bull,3,2,18.0,Finished,78
2010,6,Monaco Grand Prix,kubica,renault,2,3,15.0,Finished,78
2010,6,Monaco Grand Prix,massa,ferrari,4,4,12.0,Finished,78
2010,6,Monaco Grand Prix,hamilton,mclaren,5,5,10.0,Finished,78
2010,6,Monaco Grand Prix,alonso,ferrari,24,6,8.0,Finished,78
2010,6,Monaco Grand Prix,rosberg,mercedes,6,7,6.0,Finished,78
2010,6,Monaco Grand Prix,sutil,force_india,12,8,4.0,Finished,78
2010,6,Monaco Grand Prix,liuzzi,force_india,10,9,2.0,Finished,78
2010,6,Monaco Grand Prix,buemi,toro_rosso,13,10,1.0,Finished,78
2010,6,Monaco Grand Prix,alguersuari,toro_rosso,17,11,0.0,Finished,78
2010,6,Monaco Grand Prix,michael_schumacher,mercedes,7,12,0.0,Finished,78
2010,6,Monaco Grand Prix,petrov,renault,14,13,0.0,Brakes,73
2010,6,Monaco Grand Prix,chandhok,hrt,23,14,0.0,Collision,70
2010,6,Monaco Grand Prix,trulli,lotus_racing,19,15,0.0,Collision,70
2010,6,Monaco Grand Prix,kovalainen,lotus_racing,18,16,0.0,Steering,58
2010,6,Monaco Grand Prix,bruno_senna,hrt,22,17,0.0,Hydraulics,58
2010,6,Monaco Grand Prix,barrichello,williams,9,18,0.0,Suspension,30
2010,6,Monaco Grand Prix,kobayashi,sauber,16,19,0.0,Gearbox,26
2010,6,Monaco Grand Prix,grassi,virgin,21,20,0.0,Wheel,25
2010,6,Monaco Grand Prix,glock,virgin,20,21,0.0,Track rod,22
2010,6,Monaco Grand Prix,rosa,sauber,15,22,0.0,Hydraulics,21
2010,6,Monaco Grand Prix,button,mclaren,8,23,0.0,Engine,2
2010,6,Monaco Grand Prix,hulkenberg,williams,11,24,0.0,Front wing,0
2010,7,Turkish Grand Prix,hamilton,mclaren,2,1,25.0,Finished,58
2010,7,Turkish Grand Prix,button,mclaren,4,2,18.0,Finished,58
2010,7,Turkish Grand Prix,webber,red_bull,1,3,15.0,Finished,58
2010,7,Turkish Grand Prix,michael_schumacher,mercedes,5,4,12.0,Finished,58
2010,7,Turkish Grand Prix,rosberg,mercedes,6,5,10.0,Finished,58
2010,7,Turkish Grand Prix,kubica,renault,7,6,8.0,Finished,58
2010,7,Turkish Grand Prix,massa,ferrari,8,7,6.0,Finished,58
2010,7,Turkish Grand Prix,alonso,ferrari,12,8,4.0,Finished,58
2010,7,Turkish Grand Prix,sutil,force_india,11,9,2.0,Finished,58
2010,7,Turkish Grand Prix,kobayashi,sauber,10,10,1.0,Finished,58
2010,7,Turkish Grand Prix,rosa,sauber,13,11,0.0,Finished,58
2010,7,Turkish Grand Prix,alguersuari,toro_rosso,16,12,0.0,Finished,58
2010,7,Turkish Grand Prix,liuzzi,force_india,18,13,0.0,+1 Lap,57
2010,7,Turkish Grand Prix,barrichello,williams,15,14,0.0,+1 Lap,57
2010,7,Turkish Grand Prix,petrov,renault,9,15,0.0,+1 Lap,57
2010,7,Turkish Grand Prix,buemi,toro_rosso,14,16,0.0,+1 Lap,57
2010,7,Turkish Grand Prix,hulkenberg,williams,17,17,0.0,+1 Lap,57
2010,7,Turkish Grand Prix,glock,virgin,21,18,0.0,+3 Laps,55
2010,7,Turkish Grand Prix,grassi,virgin,23,19,0.0,+3 Laps,55
2010,7,Turkish Grand Prix,chandhok,hrt,24,20,0.0,Fuel pump,52
2010,7,Turkish Grand Prix,bruno_senna,hrt,22,21,0.0,Fuel pressure,46
2010,7,Turkish Grand Prix,vettel,red_bull,3,22,0.0,Collision,39
2010,7,Turkish Grand Prix,kovalainen,lotus_racing,20,23,0.0,Hydraulics,33
2010,7,Turkish Grand Prix,trulli,lotus_racing,19,24,0.0,Hydraulics,32
2010,8,Canadian Grand Prix,hamilton,mclaren,1,1,25.0,Finished,70
2010,8,Canadian Grand Prix,button,mclaren,4,2,18.0,Finished,70
2010,8,Canadian Grand Prix,alonso,ferrari,3,3,15.0,Finished,70
2010,8,Canadian Grand Prix,vettel,red_bull,2,4,12.0,Finished,70
2010,8,Canadian Grand Prix,webber,red_bull,7,5,10.0,Finished,70
2010,8,Canadian Grand Prix,rosberg,mercedes,10,6,8.0,Finished,70
2010,8,Canadian Grand Prix,kubica,renault,8,7,6.0,Finished,70
2010,8,Canadian Grand Prix,buemi,toro_rosso,15,8,4.0,+1 Lap,69
2010,8,Canadian Grand Prix,liuzzi,force_india,5,9,2.0,+1 Lap,69
2010,8,Canadian Grand Prix,sutil,force_india,9,10,1.0,+1 Lap,69
2010,8,Canadian Grand Prix,michael_schumacher,mercedes,13,11,0.0,+1 Lap,69
2010,8,Canadian Grand Prix,alguersuari,toro_rosso,16,12,0.0,+1 Lap,69
2010,8,Canadian Grand Prix,hulkenberg,williams,12,13,0.0,+1 Lap,69
2010,8,Canadian Grand Prix,barrichello,williams,11,14,0.0,+1 Lap,69
2010,8,Canadian Grand Prix,massa,ferrari,6,15,0.0,+1 Lap,69
2010,8,Canadian Grand Prix,kovalainen,lotus_racing,19,16,0.0,+2 Laps,68
2010,8,Canadian Grand Prix,petrov,renault,14,17,0.0,+2 Laps,68
2010,8,Canadian Grand Prix,chandhok,hrt,24,18,0.0,+4 Laps,66
2010,8,Canadian Grand Prix,grassi,virgin,23,19,0.0,+5 Laps,65
2010,8,Canadian Grand Prix,glock,virgin,21,20,0.0,Mechanical,55
2010,8,Canadian Grand Prix,trulli,lotus_racing,20,21,0.0,Brakes,47
2010,8,Canadian Grand Prix,rosa,sauber,17,22,0.0,Engine,31
2010,8,Canadian Grand Prix,bruno_senna,hrt,22,23,0.0,Hydraulics,14
2010,8,Canadian Grand Prix,kobayashi,sauber,18,24,0.0,Accident,1
2010,9,European Grand Prix,vettel,red_bull,1,1,25.0,Finished,57
2010,9,European Grand Prix,hamilton,mclaren,3,2,18.0,Finished,57
2010,9,European Grand Prix,button,mclaren,7,3,15.0,Finished,57
2010,9,European Grand Prix,barrichello,williams,9,4,12.0,Finished,57
2010,9,European Grand Prix,kubica,renault,6,5,10.0,Finished,57
2010,9,European Grand Prix,sutil,force_india,13,6,8.0,Finished,57
2010,9,European Grand Prix,kobayashi,sauber,18,7,6.0,Finished,57
2010,9,European Grand Prix,alonso,ferrari,4,8,4.0,Finished,57
2010,9,European Grand Prix,buemi,toro_rosso,11,9,2.0,Finished,57
2010,9,European Grand Prix,rosberg,mercedes,12,10,1.0,Finished,57
2010,9,European Grand Prix,massa,ferrari,5,11,0.0,Finished,57
2010,9,European Grand Prix,rosa,sauber,16,12,0.0,Finished,57
2010,9,European Grand Prix,alguersuari,toro_rosso,17,13,0.0,Finished,57
2010,9,European Grand Prix,petrov,renault,10,14,0.0,Finished,57
2010,9,European Grand Prix,michael_schumacher,mercedes,15,15,0.0,Finished,57
2010,9,European Grand Prix,liuzzi,force_india,14,16,0.0,Finished,57
2010,9,European Grand Prix,grassi,virgin,21,17,0.0,+1 Lap,56
2010,9,European Grand Prix,chandhok,hrt,23,18,0.0,+2 Laps,55
2010,9,European Grand Prix,glock,virgin,22,19,0.0,+2 Laps,55
2010,9,European Grand Prix,bruno_senna,hrt,24,20,0.0,+2 Laps,55
2010,9,European Grand Prix,trulli,lotus_racing,19,21,0.0,+4 Laps,53
2010,9,European Grand Prix,hulkenberg,williams,8,22,0.0,Exhaust,49
2010,9,European Grand Prix,kovalainen,lotus_racing,20,23,0.0,Collision,8
2010,9,European Grand Prix,webber,red_bull,2,24,0.0,Collision,8
2010,10,British Grand Prix,webber,red_bull,2,1,25.0,Finished,52
2010,10,British Grand Prix,hamilton,mclaren,4,2,18.0,Finished,52
2010,10,British Grand Prix,rosberg,mercedes,5,3,15.0,Finished,52
2010,10,British Grand Prix,button,mclaren,14,4,12.0,Finished,52
2010,10,British Grand Prix,barrichello,williams,8,5,10.0,Finished,52
2010,10,British Grand Prix,kobayashi,sauber,12,6,8.0,Finished,52
2010,10,British Grand Prix,vettel,red_bull,1,7,6.0,Finished,52
2010,10,British Grand Prix,sutil,force_india,11,8,4.0,Finished,52
2010,10,British Grand Prix,michael_schumacher,mercedes,10,9,2.0,Finished,52
2010,10,British Grand Prix,hulkenberg,williams,13,10,1.0,Finished,52
2010,10,British Grand Prix,liuzzi,force_india,20,11,0.0,Finished,52
2010,10,British Grand Prix,buemi,toro_rosso,16,12,0.0,Finished,52
2010,10,British Grand Prix,petrov,renault,15,13,0.0,Finished,52
2010,10,British Grand Prix,alonso,ferrari,3,14,0.0,Finished,52
2010,10,British Grand Prix,massa,ferrari,7,15,0.0,Finished,52
2010,10,British Grand Prix,trulli,lotus_racing,21,16,0.0,+1 Lap,51
2010,10,British Grand Prix,kovalainen,lotus_racing,18,17,0.0,+1 Lap,51
2010,10,British Grand Prix,glock,virgin,19,18,0.0,+2 Laps,50
2010,10,British Grand Prix,chandhok,hrt,23,19,0.0,+2 Laps,50
2010,10,British Grand Prix,yamamoto,hrt,24,20,0.0,+2 Laps,50
2010,10,British Grand Prix,alguersuari,toro_rosso,17,21,0.0,Brakes,44
2010,10,British Grand Prix,rosa,sauber,9,22,0.0,Collision,29
2010,10,British Grand Prix,kubica,renault,6,23,0.0,Driveshaft,19
2010,10,British Grand Prix,grassi,virgin,22,24,0.0,Hydraulics,9
2010,11,German Grand Prix,alonso,ferrari,2,1,25.0,Finished,67
2010,11,German Grand Prix,massa,ferrari,3,2,18.0,Finished,67
2010,11,German Grand Prix,vettel,red_bull,1,3,15.0,Finished,67
2010,11,German Grand Prix,hamilton,mclaren,6,4,12.0,Finished,67
2010,11,German Grand Prix,button,mclaren,5,5,10.0,Finished,67
2010,11,German Grand Prix,webber,red_bull,4,6,8.0,Finished,67
2010,11,German Grand Prix,kubica,renault,7,7,6.0,+1 Lap,66
2010,11,German Grand Prix,rosberg,mercedes,9,8,4.0,+1 Lap,66
2010,11,German Grand Prix,michael_schumacher,mercedes,11,9,2.0,+1 Lap,66
2010,11,German Grand Prix,petrov,renault,13,10,1.0,+1 Lap,66
2010,11,German Grand Prix,kobayashi,sauber,12,11,0.0,+1 Lap,66
2010,11,German Grand Prix,barrichello,williams,8,12,0.0,+1 Lap,66
2010,11,German Grand Prix,hulkenberg,williams,10,13,0.0,+1 Lap,66
2010,11,German Grand Prix,rosa,sauber,14,14,0.0,+1 Lap,66
2010,11,German Grand Prix,alguersuari,toro_rosso,15,15,0.0,+1 Lap,66
2010,11,German Grand Prix,liuzzi,force_india,21,16,0.0,+2 Laps,65
2010,11,German Grand Prix,sutil,force_india,19,17,0.0,+2 Laps,65
2010,11,German Grand Prix,glock,virgin,23,18,0.0,+3 Laps,64
2010,11,German Grand Prix,bruno_senna,hrt,20,19,0.0,+4 Laps,63
2010,11,German Grand Prix,kovalainen,lotus_racing,18,20,0.0,Collision,56
2010,11,German Grand Prix,grassi,virgin,24,21,0.0,Gearbox,50
2010,11,German Grand Prix,yamamoto,hrt,22,22,0.0,Engine,19
2010,11,German Grand Prix,trulli,lotus_racing,17,23,0.0,Gearbox,3
2010,11,German Grand Prix,buemi,toro_rosso,16,24,0.0,Collision,1
2010,12,Hungarian Grand Prix,webber,red_bull,2,1,25.0,Finished,70
2010,12,Hungarian Grand Prix,alonso,ferrari,3,2,18.0,Finished,70
2010,12,Hungarian Grand Prix,vettel,red_bull,1,3,15.0,Finished,70
2010,12,Hungarian Grand Prix,massa,ferrari,4,4,12.0,Finished,70
2010,12,Hungarian Grand Prix,petrov,renault,7,5,10.0,Finished,70
2010,12,Hungarian Grand Prix,hulkenberg,williams,10,6,8.0,Finished,70
2010,12,Hungarian Grand Prix,rosa,sauber,9,7,6.0,+1 Lap,69
2010,12,Hungarian Grand Prix,button,mclaren,11,8,4.0,+1 Lap,69
2010,12,Hungarian Grand Prix,kobayashi,sauber,23,9,2.0,+1 Lap,69
2010,12,Hungarian Grand Prix,barrichello,williams,12,10,1.0,+1 Lap,69
2010,12,Hungarian Grand Prix,michael_schumacher,mercedes,14,11,0.0,+1 Lap,69
2010,12,Hungarian Grand Prix,buemi,toro_rosso,15,12,0.0,+1 Lap,69
2010,12,Hungarian Grand Prix,liuzzi,force_india,16,13,0.0,+1 Lap,69
2010,12,Hungarian Grand Prix,kovalainen,lotus_racing,19,14,0.0,+3 Laps,67
2010,12,Hungarian Grand Prix,trulli,lotus_racing,20,15,0.0,+3 Laps,67
2010,12,Hungarian Grand Prix,glock,virgin,18,16,0.0,+3 Laps,67
2010,12,Hungarian Grand Prix,bruno_senna,hrt,22,17,0.0,+3 Laps,67
2010,12,Hungarian Grand Prix,grassi,virgin,21,18,0.0,+4 Laps,66
2010,12,Hungarian Grand Prix,yamamoto,hrt,24,19,0.0,+4 Laps,66
2010,12,Hungarian Grand Prix,hamilton,mclaren,5,20,0.0,Gearbox,23
2010,12,Hungarian Grand Prix,kubica,renault,8,21,0.0,Retired,23
2010,12,Hungarian Grand Prix,rosberg,mercedes,6,22,0.0,Wheel,15
2010,12,Hungarian Grand Prix,sutil,force_india,13,23,0.0,Collision,15
2010,12,Hungarian Grand Prix,alguersuari,toro_rosso,17,24,0.0,Engine,1
2010,13,Belgian Grand Prix,hamilton,mclaren,2,1,25.0,Finished,44
2010,13,Belgian Grand Prix,webber,red_bull,1,2,18.0,Finished,44
2010,13,Belgian Grand Prix,kubica,renault,3,3,15.0,Finished,44
2010,13,Belgian Grand Prix,massa,ferrari,6,4,12.0,Finished,44
2010,13,Belgian Grand Prix,sutil,force_india,8,5,10.0,Finished,44
2010,13,Belgian Grand Prix,rosberg,mercedes,14,6,8.0,Finished,44
2010,13,Belgian Grand Prix,michael_schumacher,mercedes,21,7,6.0,Finished,44
2010,13,Belgian Grand Prix,kobayashi,sauber,17,8,4.0,Finished,44
2010,13,Belgian Grand Prix,petrov,renault,23,9,2.0,Finished,44
2010,13,Belgian Grand Prix,liuzzi,force_india,12,10,1.0,Finished,44
2010,13,Belgian Grand Prix,rosa,sauber,24,11,0.0,Finished,44
2010,13,Belgian Grand Prix,buemi,toro_rosso,16,12,0.0,Finished,44
2010,13,Belgian Grand Prix,alguersuari,toro_rosso,11,13,0.0,Finished,44
2010,13,Belgian Grand Prix,hulkenberg,williams,9,14,0.0,+1 Lap,43
2010,13,Belgian Grand Prix,vettel,red_bull,4,15,0.0,+1 Lap,43
2010,13,Belgian Grand Prix,kovalainen,lotus_racing,13,16,0.0,+1 Lap,43
2010,13,Belgian Grand Prix,grassi,virgin,22,17,0.0,+1 Lap,43
2010,13,Belgian Grand Prix,glock,virgin,20,18,0.0,+1 Lap,43
2010,13,Belgian Grand Prix,trulli,lotus_racing,15,19,0.0,+1 Lap,43
2010,13,Belgian Grand Prix,yamamoto,hrt,19,20,0.0,+2 Laps,42
2010,13,Belgian Grand Prix,alonso,ferrari,10,21,0.0,Accident,37
2010,13,Belgian Grand Prix,button,mclaren,5,22,0.0,Collision,15
2010,13,Belgian Grand Prix,bruno_senna,hrt,18,23,0.0,Retired,5
2010,13,Belgian Grand Prix,barrichello,williams,7,24,0.0,Collision,0
2010,14,Italian Grand Prix,alonso,ferrari,1,1,25.0,Finished,53
2010,14,Italian Grand Prix,button,mclaren,2,2,18.0,Finished,53
2010,14,Italian Grand Prix,massa,ferrari,3,3,15.0,Finished,53
2010,14,Italian Grand Prix,vettel,red_bull,6,4,12.0,Finished,53
2010,14,Italian Grand Prix,rosberg,mercedes,7,5,10.0,Finished,53
2010,14,Italian Grand Prix,webber,red_bull,4,6,8.0,Finished,53
2010,14,Italian Grand Prix,hulkenberg,williams,8,7,6.0,Finished,53
2010,14,Italian Grand Prix,kubica,renault,9,8,4.0,Finished,53
2010,14,Italian Grand Prix,michael_schumacher,mercedes,12,9,2.0,Finished,53
2010,14,Italian Grand Prix,barrichello,williams,10,10,1.0,Finished,53
2010,14,Italian Grand Prix,buemi,toro_rosso,14,11,0.0,Finished,53
2010,14,Italian Grand Prix,liuzzi,force_india,19,12,0.0,Finished,53
2010,14,Italian Grand Prix,petrov,renault,20,13,0.0,Finished,53
2010,14,Italian Grand Prix,rosa,sauber,16,14,0.0,+1 Lap,52
2010,14,Italian Grand Prix,alguersuari,toro_rosso,15,15,0.0,+1 Lap,52
2010,14,Italian Grand Prix,sutil,force_india,11,16,0.0,+1 Lap,52
2010,14,Italian Grand Prix,glock,virgin,24,17,0.0,+2 Laps,51
2010,14,Italian Grand Prix,kovalainen,lotus_racing,18,18,0.0,+2 Laps,51
2010,14,Italian Grand Prix,yamamoto,hrt,23,19,0.0,+2 Laps,51
2010,14,Italian Grand Prix,grassi,virgin,21,20,0.0,+3 Laps,50
2010,14,Italian Grand Prix,trulli,lotus_racing,17,21,0.0,Engine,46
2010,14,Italian Grand Prix,bruno_senna,hrt,22,22,0.0,Retired,11
2010,14,Italian Grand Prix,hamilton,mclaren,5,23,0.0,Collision,0
2010,14,Italian Grand Prix,kobayashi,sauber,13,24,0.0,Gearbox,0
2010,15,Singapore Grand Prix,alonso,ferrari,1,1,25.0,Finished,61
2010,15,Singapore Grand Prix,vettel,red_bull,2,2,18.0,Finished,61
2010,15,Singapore Grand Prix,webber,red_bull,5,3,15.0,Finished,61
2010,15,Singapore Grand Prix,button,mclaren,4,4,12.0,Finished,61
2010,15,Singapore Grand Prix,rosberg,mercedes,7,5,10.0,Finished,61
2010,15,Singapore Grand Prix,barrichello,williams,6,6,8.0,Finished,61
2010,15,Singapore Grand Prix,kubica,renault,8,7,6.0,Finished,61
2010,15,Singapore Grand Prix,massa,ferrari,24,8,4.0,Finished,61
2010,15,Singapore Grand Prix,sutil,force_india,15,9,2.0,Finished,61
2010,15,Singapore Grand Prix,hulkenberg,williams,17,10,1.0,Finished,61
2010,15,Singapore Grand Prix,petrov,renault,12,11,0.0,+1 Lap,60
2010,15,Singapore Grand Prix,alguersuari,toro_rosso,11,12,0.0,+1 Lap,60
2010,15,Singapore Grand Prix,michael_schumacher,mercedes,9,13,0.0,+1 Lap,60
2010,15,Singapore Grand Prix,buemi,toro_rosso,13,14,0.0,+1 Lap,60
2010,15,Singapore Grand Prix,grassi,virgin,20,15,0.0,+2 Laps,59
2010,15,Singapore Grand Prix,kovalainen,lotus_racing,19,16,0.0,Engine,58
2010,15,Singapore Grand Prix,glock,virgin,18,17,0.0,Hydraulics,49
2010,15,Singapore Grand Prix,heidfeld,sauber,14,18,0.0,Collision,36
2010,15,Singapore Grand Prix,hamilton,mclaren,3,19,0.0,Collision,35
2010,15,Singapore Grand Prix,klien,hrt,22,20,0.0,Hydraulics,31
2010,15,Singapore Grand Prix,kobayashi,sauber,10,21,0.0,Accident,30
2010,15,Singapore Grand Prix,bruno_senna,hrt,23,22,0.0,Accident,29
2010,15,Singapore Grand Prix,trulli,lotus_racing,21,23,0.0,Hydraulics,27
2010,15,Singapore Grand Prix,liuzzi,force_india,16,24,0.0,Collision,1
2010,16,Japanese Grand Prix,vettel,red_bull,1,1,25.0,Finished,53
2010,16,Japanese Grand Prix,webber,red_bull,2,2,18.0,Finished,53
2010,16,Japanese Grand Prix,alonso,ferrari,4,3,15.0,Finished,53
2010,16,Japanese Grand Prix,button,mclaren,5,4,12.0,Finished,53
2010,16,Japanese Grand Prix,hamilton,mclaren,8,5,10.0,Finished,53
2010,16,Japanese Grand Prix,michael_schumacher,mercedes,10,6,8.0,Finished,53
2010,16,Japanese Grand Prix,kobayashi,sauber,14,7,6.0,Finished,53
2010,16,Japanese Grand Prix,heidfeld,sauber,11,8,4.0,Finished,53
2010,16,Japanese Grand Prix,barrichello,williams,7,9,2.0,Finished,53
2010,16,Japanese Grand Prix,buemi,toro_rosso,18,10,1.0,Finished,53
2010,16,Japanese Grand Prix,alguersuari,toro_rosso,16,11,0.0,+1 Lap,52
2010,16,Japanese Grand Prix,kovalainen,lotus_racing,20,12,0.0,+1 Lap,52
2010,16,Japanese Grand Prix,trulli,lotus_racing,19,13,0.0,+2 Laps,51
2010,16,Japanese Grand Prix,glock,virgin,22,14,0.0,+2 Laps,51
2010,16,Japanese Grand Prix,bruno_senna,hrt,23,15,0.0,+2 Laps,51
2010,16,Japanese Grand Prix,yamamoto,hrt,24,16,0.0,+3 Laps,50
2010,16,Japanese Grand Prix,rosberg,mercedes,6,17,0.0,Suspension,47
2010,16,Japanese Grand Prix,sutil,force_india,15,18,0.0,Oil leak,44
2010,16,Japanese Grand Prix,kubica,renault,3,19,0.0,Wheel,2
2010,16,Japanese Grand Prix,hulkenberg,williams,9,20,0.0,Accident,0
2010,16,Japanese Grand Prix,massa,ferrari,12,21,0.0,Accident,0
2010,16,Japanese Grand Prix,petrov,renault,13,22,0.0,Accident,0
2010,16,Japanese Grand Prix,liuzzi,force_india,17,23,0.0,Accident,0
2010,16,Japanese Grand Prix,grassi,virgin,21,24,0.0,Suspension,0
2010,17,Korean Grand Prix,alonso,ferrari,3,1,25.0,Finished,55
2010,17,Korean Grand Prix,hamilton,mclaren,4,2,18.0,Finished,55
2010,17,Korean Grand Prix,massa,ferrari,6,3,15.0,Finished,55
2010,17,Korean Grand Prix,michael_schumacher,mercedes,9,4,12.0,Finished,55
2010,17,Korean Grand Prix,kubica,renault,8,5,10.0,Finished,55
2010,17,Korean Grand Prix,liuzzi,force_india,17,6,8.0,Finished,55
2010,17,Korean Grand Prix,barrichello,williams,10,7,6.0,Finished,55
2010,17,Korean Grand Prix,kobayashi,sauber,12,8,4.0,Finished,55
2010,17,Korean Grand Prix,heidfeld,sauber,13,9,2.0,Finished,55
2010,17,Korean Grand Prix,hulkenberg,williams,11,10,1.0,Finished,55
2010,17,Korean Grand Prix,alguersuari,toro_rosso,15,11,0.0,Finished,55
2010,17,Korean Grand Prix,button,mclaren,7,12,0.0,Finished,55
2010,17,Korean Grand Prix,kovalainen,lotus_racing,21,13,0.0,+1 Lap,54
2010,17,Korean Grand Prix,bruno_senna,hrt,24,14,0.0,+2 Laps,53
2010,17,Korean Grand Prix,yamamoto,hrt,23,15,0.0,+2 Laps,53
2010,17,Korean Grand Prix,sutil,force_india,14,16,0.0,Collision,46
2010,17,Korean Grand Prix,vettel,red_bull,1,17,0.0,Engine,45
2010,17,Korean Grand Prix,petrov,renault,20,18,0.0,Accident,39
2010,17,Korean Grand Prix,glock,virgin,19,19,0.0,Collision,31
2010,17,Korean Grand Prix,buemi,toro_rosso,16,20,0.0,Collision,30
2010,17,Korean Grand Prix,grassi,virgin,22,21,0.0,Accident,25
2010,17,Korean Grand Prix,trulli,lotus_racing,18,22,0.0,Hydraulics,25
2010,17,Korean Grand Prix,webber,red_bull,2,23,0.0,Accident,18
2010,17,Korean Grand Prix,rosberg,mercedes,5,24,0.0,Collision,18
2010,18,Brazilian Grand Prix,vettel,red_bull,2,1,25.0,Finished,71
2010,18,Brazilian Grand Prix,webber,red_bull,3,2,18.0,Finished,71
2010,18,Brazilian Grand Prix,alonso,ferrari,5,3,15.0,Finished,71
2010,18,Brazilian Grand Prix,hamilton,mclaren,4,4,12.0,Finished,71
2010,18,Brazilian Grand Prix,button,mclaren,11,5,10.0,Finished,71
2010,18,Brazilian Grand Prix,rosberg,mercedes,13,6,8.0,Finished,71
2010,18,Brazilian Grand Prix,michael_schumacher,mercedes,8,7,6.0,Finished,71
2010,18,Brazilian Grand Prix,hulkenberg,williams,1,8,4.0,+1 Lap,70
2010,18,Brazilian Grand Prix,kubica,renault,7,9,2.0,+1 Lap,70
2010,18,Brazilian Grand Prix,kobayashi,sauber,12,10,1.0,+1 Lap,70
2010,18,Brazilian Grand Prix,alguersuari,toro_rosso,14,11,0.0,+1 Lap,70
2010,18,Brazilian Grand Prix,sutil,force_india,22,12,0.0,+1 Lap,70
2010,18,Brazilian Grand Prix,buemi,toro_rosso,19,13,0.0,+1 Lap,70
2010,18,Brazilian Grand Prix,barrichello,williams,6,14,0.0,+1 Lap,70
2010,18,Brazilian Grand Prix,massa,ferrari,9,15,0.0,+1 Lap,70
2010,18,Brazilian Grand Prix,petrov,renault,10,16,0.0,+1 Lap,70
2010,18,Brazilian Grand Prix,heidfeld,sauber,15,17,0.0,+1 Lap,70
2010,18,Brazilian Grand Prix,kovalainen,lotus_racing,20,18,0.0,+2 Laps,69
2010,18,Brazilian Grand Prix,trulli,lotus_racing,18,19,0.0,+2 Laps,69
2010,18,Brazilian Grand Prix,glock,virgin,17,20,0.0,+2 Laps,69
2010,18,Brazilian Grand Prix,bruno_senna,hrt,24,21,0.0,+2 Laps,69
2010,18,Brazilian Grand Prix,klien,hrt,23,22,0.0,+6 Laps,65
2010,18,Brazilian Grand Prix,grassi,virgin,21,23,0.0,+9 Laps,62
2010,18,Brazilian Grand Prix,liuzzi,force_india,16,24,0.0,Accident,49
2010,19,Abu Dhabi Grand Prix,vettel,red_bull,1,1,25.0,Finished,55
2010,19,Abu Dhabi Grand Prix,hamilton,mclaren,2,2,18.0,Finished,55
2010,19,Abu Dhabi Grand Prix,button,mclaren,4,3,15.0,Finished,55
2010,19,Abu Dhabi Grand Prix,rosberg,mercedes,9,4,12.0,Finished,55
2010,19,Abu Dhabi Grand Prix,kubica,renault,11,5,10.0,Finished,55
2010,19,Abu Dhabi Grand Prix,petrov,renault,10,6,8.0,Finished,55
2010,19,Abu Dhabi Grand Prix,alonso,ferrari,3,7,6.0,Finished,55
2010,19,Abu Dhabi Grand Prix,webber,red_bull,5,8,4.0,Finished,55
2010,19,Abu Dhabi Grand Prix,alguersuari,toro_rosso,17,9,2.0,Finished,55
2010,19,Abu Dhabi Grand Prix,massa,ferrari,6,10,1.0,Finished,55
2010,19,Abu Dhabi Grand Prix,heidfeld,sauber,14,11,0.0,Finished,55
2010,19,Abu Dhabi Grand Prix,barrichello,williams,7,12,0.0,Finished,55
2010,19,Abu Dhabi Grand Prix,sutil,force_india,13,13,0.0,Finished,55
2010,19,Abu Dhabi Grand Prix,kobayashi,sauber,12,14,0.0,Finished,55
2010,19,Abu Dhabi Grand Prix,buemi,toro_rosso,18,15,0.0,Finished,55
2010,19,Abu Dhabi Grand Prix,hulkenberg,williams,15,16,0.0,Finished,55
2010,19,Abu Dhabi Grand Prix,kovalainen,lotus_racing,20,17,0.0,+1 Lap,54
2010,19,Abu Dhabi Grand Prix,grassi,virgin,22,18,0.0,+2 Laps,53
2010,19,Abu Dhabi Grand Prix,bruno_senna,hrt,23,19,0.0,+2 Laps,53
2010,19,Abu Dhabi Grand Prix,klien,hrt,24,20,0.0,+2 Laps,53
2010,19,Abu Dhabi Grand Prix,trulli,lotus_racing,19,21,0.0,Rear wing,51
2010,19,Abu Dhabi Grand Prix,glock,virgin,21,22,0.0,Gearbox,43
2010,19,Abu Dhabi Grand Prix,michael_schumacher,mercedes,8,23,0.0,Collision,0
2010,19,Abu Dhabi Grand Prix,liuzzi,force_india,16,24,0.0,Collision,0
2011,1,Australian Grand Prix,vettel,red_bull,1,1,25.0,Finished,58
2011,1,Australian Grand Prix,hamilton,mclaren,2,2,18.0,Finished,58
2011,1,Australian Grand Prix,petrov,renault,6,3,15.0,Finished,58
2011,1,Australian Grand Prix,alonso,ferrari,5,4,12.0,Finished,58
2011,1,Australian Grand Prix,webber,red_bull,3,5,10.0,Finished,58
2011,1,Australian Grand Prix,button,mclaren,4,6,8.0,Finished,58
2011,1,Australian Grand Prix,massa,ferrari,8,7,6.0,Finished,58
2011,1,Australian Grand Prix,buemi,toro_rosso,10,8,4.0,+1 Lap,57
2011,1,Australian Grand Prix,sutil,force_india,16,9,2.0,+1 Lap,57
2011,1,Australian Grand Prix,resta,force_india,14,10,1.0,+1 Lap,57
2011,1,Australian Grand Prix,alguersuari,toro_rosso,12,11,0.0,+1 Lap,57
2011,1,Australian Grand Prix,heidfeld,renault,18,12,0.0,+1 Lap,57
2011,1,Australian Grand Prix,trulli,lotus_racing,20,13,0.0,+2 Laps,56
2011,1,Australian Grand Prix,ambrosio,virgin,22,14,0.0,+4 Laps,54
2011,1,Australian Grand Prix,glock,virgin,21,15,0.0,+9 Laps,49
2011,1,Australian Grand Prix,barrichello,williams,17,16,0.0,Transmission,48
2011,1,Australian Grand Prix,rosberg,mercedes,7,17,0.0,Collision,22
2011,1,Australian Grand Prix,kovalainen,lotus_racing,19,18,0.0,Water leak,19
2011,1,Australian Grand Prix,michael_schumacher,mercedes,11,19,0.0,Collision,19
2011,1,Australian Grand Prix,maldonado,williams,15,20,0.0,Transmission,9
2011,1,Australian Grand Prix,kobayashi,sauber,9,21,0.0,Disqualified,58
2011,1,Australian Grand Prix,perez,sauber,13,22,0.0,Disqualified,58
2011,2,Malaysian Grand Prix,vettel,red_bull,1,1,25.0,Finished,56
2011,2,Malaysian Grand Prix,button,mclaren,4,2,18.0,Finished,56
2011,2,Malaysian Grand Prix,heidfeld,renault,6,3,15.0,Finished,56
2011,2,Malaysian Grand Prix,webber,red_bull,3,4,12.0,Finished,56
2011,2,Malaysian Grand Prix,massa,ferrari,7,5,10.0,Finished,56
2011,2,Malaysian Grand Prix,alonso,ferrari,5,6,8.0,Finished,56
2011,2,Malaysian Grand Prix,kobayashi,sauber,10,7,6.0,Finished,56
2011,2,Malaysian Grand Prix,hamilton,mclaren,2,8,4.0,Finished,56
2011,2,Malaysian Grand Prix,michael_schumacher,mercedes,11,9,2.0,Finished,56
2011,2,Malaysian Grand Prix,resta,force_india,14,10,1.0,Finished,56
2011,2,Malaysian Grand Prix,sutil,force_india,17,11,0.0,+1 Lap,55
2011,2,Malaysian Grand Prix,rosberg,mercedes,9,12,0.0,+1 Lap,55
2011,2,Malaysian Grand Prix,buemi,toro_rosso,12,13,0.0,+1 Lap,55
2011,2,Malaysian Grand Prix,alguersuari,toro_rosso,13,14,0.0,+1 Lap,55
2011,2,Malaysian Grand Prix,kovalainen,lotus_racing,19,15,0.0,+1 Lap,55
2011,2,Malaysian Grand Prix,glock,virgin,21,16,0.0,+2 Laps,54
2011,2,Malaysian Grand Prix,petrov,renault,8,17,0.0,Accident,52
2011,2,Malaysian Grand Prix,liuzzi,hrt,23,18,0.0,+10 Laps,46
2011,2,Malaysian Grand Prix,ambrosio,virgin,22,19,0.0,Accident,42
2011,2,Malaysian Grand Prix,trulli,lotus_racing,20,20,0.0,Clutch,31
2011,2,Malaysian Grand Prix,perez,sauber,16,21,0.0,Accident,23
2011,2,Malaysian Grand Prix,barrichello,williams,15,22,0.0,Gearbox,22
2011,2,Malaysian Grand Prix,karthikeyan,hrt,24,23,0.0,+42 Laps,14
2011,2,Malaysian Grand Prix,maldonado,williams,18,24,0.0,Engine misfire,8
2011,3,Chinese Grand Prix,hamilton,mclaren,3,1,25.0,Finished,56
2011,3,Chinese Grand Prix,vettel,red_bull,1,2,18.0,Finished,56
2011,3,Chinese Grand Prix,webber,red_bull,18,3,15.0,Finished,56
2011,3,Chinese Grand Prix,button,mclaren,2,4,12.0,Finished,56
2011,3,Chinese Grand Prix,rosberg,mercedes,4,5,10.0,Finished,56
2011,3,Chinese Grand Prix,massa,ferrari,6,6,8.0,Finished,56
2011,3,Chinese Grand Prix,alonso,ferrari,5,7,6.0,Finished,56
2011,3,Chinese Grand Prix,michael_schumacher,mercedes,14,8,4.0,Finished,56
2011,3,Chinese Grand Prix,petrov,renault,10,9,2.0,Finished,56
2011,3,Chinese Grand Prix,kobayashi,sauber,13,10,1.0,Finished,56
2011,3,Chinese Grand Prix,resta,force_india,8,11,0.0,Finished,56
2011,3,Chinese Grand Prix,heidfeld,renault,16,12,0.0,Finished,56
2011,3,Chinese Grand Prix,barrichello,williams,15,13,0.0,Finished,56
2011,3,Chinese Grand Prix,buemi,toro_rosso,9,14,0.0,Finished,56
2011,3,Chinese Grand Prix,sutil,force_india,11,15,0.0,+1 Lap,55
2011,3,Chinese Grand Prix,kovalainen,lotus_racing,19,16,0.0,+1 Lap,55
2011,3,Chinese Grand Prix,perez,sauber,12,17,0.0,+1 Lap,55
2011,3,Chinese Grand Prix,maldonado,williams,17,18,0.0,+1 Lap,55
2011,3,Chinese Grand Prix,trulli,lotus_racing,20,19,0.0,+1 Lap,55
2011,3,Chinese Grand Prix,ambrosio,virgin,21,20,0.0,+2 Laps,54
2011,3,Chinese Grand Prix,glock,virgin,22,21,0.0,+2 Laps,54
2011,3,Chinese Grand Prix,liuzzi,hrt,23,22,0.0,+2 Laps,54
2011,3,Chinese Grand Prix,karthikeyan,hrt,24,23,0.0,+2 Laps,54
2011,3,Chinese Grand Prix,alguersuari,toro_rosso,7,24,0.0,Wheel,9
2011,4,Turkish Grand Prix,vettel,red_bull,1,1,25.0,Finished,58
2011,4,Turkish Grand Prix,webber,red_bull,2,2,18.0,Finished,58
2011,4,Turkish Grand Prix,alonso,ferrari,5,3,15.0,Finished,58
2011,4,Turkish Grand Prix,hamilton,mclaren,4,4,12.0,Finished,58
2011,4,Turkish Grand Prix,rosberg,mercedes,3,5,10.0,Finished,58
2011,4,Turkish Grand Prix,button,mclaren,6,6,8.0,Finished,58
2011,4,Turkish Grand Prix,heidfeld,renault,9,7,6.0,Finished,58
2011,4,Turkish Grand Prix,petrov,renault,7,8,4.0,Finished,58
2011,4,Turkish Grand Prix,buemi,toro_rosso,16,9,2.0,Finished,58
2011,4,Turkish Grand Prix,kobayashi,sauber,24,10,1.0,Finished,58
2011,4,Turkish Grand Prix,massa,ferrari,10,11,0.0,Finished,58
2011,4,Turkish Grand Prix,michael_schumacher,mercedes,8,12,0.0,Finished,58
2011,4,Turkish Grand Prix,sutil,force_india,12,13,0.0,+1 Lap,57
2011,4,Turkish Grand Prix,perez,sauber,15,14,0.0,+1 Lap,57
2011,4,Turkish Grand Prix,barrichello,williams,11,15,0.0,+1 Lap,57
2011,4,Turkish Grand Prix,alguersuari,toro_rosso,17,16,0.0,+1 Lap,57
2011,4,Turkish Grand Prix,maldonado,williams,14,17,0.0,+1 Lap,57
2011,4,Turkish Grand Prix,trulli,lotus_racing,19,18,0.0,+1 Lap,57
2011,4,Turkish Grand Prix,kovalainen,lotus_racing,18,19,0.0,+2 Laps,56
2011,4,Turkish Grand Prix,ambrosio,virgin,23,20,0.0,+2 Laps,56
2011,4,Turkish Grand Prix,karthikeyan,hrt,22,21,0.0,+3 Laps,55
2011,4,Turkish Grand Prix,liuzzi,hrt,20,22,0.0,+5 Laps,53
2011,4,Turkish Grand Prix,resta,force_india,13,23,0.0,Retired,44
2011,4,Turkish Grand Prix,glock,virgin,21,24,0.0,Gearbox,0
2011,5,Spanish Grand Prix,vettel,red_bull,2,1,25.0,Finished,66
2011,5,Spanish Grand Prix,hamilton,mclaren,3,2,18.0,Finished,66
2011,5,Spanish Grand Prix,button,mclaren,5,3,15.0,Finished,66
2011,5,Spanish Grand Prix,webber,red_bull,1,4,12.0,Finished,66
2011,5,Spanish Grand Prix,alonso,ferrari,4,5,10.0,+1 Lap,65
2011,5,Spanish Grand Prix,michael_schumacher,mercedes,10,6,8.0,+1 Lap,65
2011,5,Spanish Grand Prix,rosberg,mercedes,7,7,6.0,+1 Lap,65
2011,5,Spanish Grand Prix,heidfeld,renault,24,8,4.0,+1 Lap,65
2011,5,Spanish Grand Prix,perez,sauber,12,9,2.0,+1 Lap,65
2011,5,Spanish Grand Prix,kobayashi,sauber,14,10,1.0,+1 Lap,65
2011,5,Spanish Grand Prix,petrov,renault,6,11,0.0,+1 Lap,65
2011,5,Spanish Grand Prix,resta,force_india,16,12,0.0,+1 Lap,65
2011,5,Spanish Grand Prix,sutil,force_india,17,13,0.0,+1 Lap,65
2011,5,Spanish Grand Prix,buemi,toro_rosso,11,14,0.0,+1 Lap,65
2011,5,Spanish Grand Prix,maldonado,williams,9,15,0.0,+1 Lap,65
2011,5,Spanish Grand Prix,alguersuari,toro_rosso,13,16,0.0,+2 Laps,64
2011,5,Spanish Grand Prix,barrichello,williams,19,17,0.0,+2 Laps,64
2011,5,Spanish Grand Prix,trulli,lotus_racing,18,18,0.0,+2 Laps,64
2011,5,Spanish Grand Prix,glock,virgin,20,19,0.0,+3 Laps,63
2011,5,Spanish Grand Prix,ambrosio,virgin,23,20,0.0,+4 Laps,62
2011,5,Spanish Grand Prix,karthikeyan,hrt,22,21,0.0,+5 Laps,61
2011,5,Spanish Grand Prix,massa,ferrari,8,22,0.0,Gearbox,58
2011,5,Spanish Grand Prix,kovalainen,lotus_racing,15,23,0.0,Accident,48
2011,5,Spanish Grand Prix,liuzzi,hrt,21,24,0.0,Gearbox,28
2011,6,Monaco Grand Prix,vettel,red_bull,1,1,25.0,Finished,78
2011,6,Monaco Grand Prix,alonso,ferrari,4,2,18.0,Finished,78
2011,6,Monaco Grand Prix,button,mclaren,2,3,15.0,Finished,78
2011,6,Monaco Grand Prix,webber,red_bull,3,4,12.0,Finished,78
2011,6,Monaco Grand Prix,kobayashi,sauber,12,5,10.0,Finished,78
2011,6,Monaco Grand Prix,hamilton,mclaren,9,6,8.0,Finished,78
2011,6,Monaco Grand Prix,sutil,force_india,14,7,6.0,+1 Lap,77
2011,6,Monaco Grand Prix,heidfeld,renault,15,8,4.0,+1 Lap,77
2011,6,Monaco Grand Prix,barrichello,williams,11,9,2.0,+1 Lap,77
2011,6,Monaco Grand Prix,buemi,toro_rosso,16,10,1.0,+1 Lap,77
2011,6,Monaco Grand Prix,rosberg,mercedes,7,11,0.0,+2 Laps,76
2011,6,Monaco Grand Prix,resta,force_india,13,12,0.0,+2 Laps,76
2011,6,Monaco Grand Prix,trulli,lotus_racing,18,13,0.0,+2 Laps,76
2011,6,Monaco Grand Prix,kovalainen,lotus_racing,17,14,0.0,+2 Laps,76
2011,6,Monaco Grand Prix,ambrosio,virgin,21,15,0.0,+3 Laps,75
2011,6,Monaco Grand Prix,liuzzi,hrt,23,16,0.0,+3 Laps,75
2011,6,Monaco Grand Prix,karthikeyan,hrt,22,17,0.0,+4 Laps,74
2011,6,Monaco Grand Prix,maldonado,williams,8,18,0.0,Accident,73
2011,6,Monaco Grand Prix,petrov,renault,10,19,0.0,Collision,67
2011,6,Monaco Grand Prix,alguersuari,toro_rosso,19,20,0.0,Collision,66
2011,6,Monaco Grand Prix,massa,ferrari,6,21,0.0,Accident,32
2011,6,Monaco Grand Prix,michael_schumacher,mercedes,5,22,0.0,Engine,32
2011,6,Monaco Grand Prix,glock,virgin,20,23,0.0,Suspension,30
2011,6,Monaco Grand Prix,perez,sauber,0,24,0.0,Injury,0
2011,7,Canadian Grand Prix,button,mclaren,7,1,25.0,Finished,70
2011,7,Canadian Grand Prix,vettel,red_bull,1,2,18.0,Finished,70
2011,7,Canadian Grand Prix,webber,red_bull,4,3,15.0,Finished,70
2011,7,Canadian Grand Prix,michael_schumacher,mercedes,8,4,12.0,Finished,70
2011,7,Canadian Grand Prix,petrov,renault,10,5,10.0,Finished,70
2011,7,Canadian Grand Prix,massa,ferrari,3,6,8.0,Finished,70
2011,7,Canadian Grand Prix,kobayashi,sauber,13,7,6.0,Finished,70
2011,7,Canadian Grand Prix,alguersuari,toro_rosso,24,8,4.0,Finished,70
2011,7,Canadian Grand Prix,barrichello,williams,16,9,2.0,Finished,70
2011,7,Canadian Grand Prix,buemi,toro_rosso,15,10,1.0,Finished,70
2011,7,Canadian Grand Prix,rosberg,mercedes,6,11,0.0,Finished,70
2011,7,Canadian Grand Prix,rosa,sauber,17,12,0.0,Finished,70
2011,7,Canadian Grand Prix,liuzzi,hrt,20,13,0.0,+1 Lap,69
2011,7,Canadian Grand Prix,ambrosio,virgin,23,14,0.0,+1 Lap,69
2011,7,Canadian Grand Prix,glock,virgin,21,15,0.0,+1 Lap,69
2011,7,Canadian Grand Prix,trulli,lotus_racing,18,16,0.0,+1 Lap,69
2011,7,Canadian Grand Prix,karthikeyan,hrt,22,17,0.0,+1 Lap,69
2011,7,Canadian Grand Prix,resta,force_india,11,18,0.0,Accident,67
2011,7,Canadian Grand Prix,maldonado,williams,12,19,0.0,Retired,61
2011,7,Canadian Grand Prix,heidfeld,renault,9,20,0.0,Accident,55
2011,7,Canadian Grand Prix,sutil,force_india,14,21,0.0,Accident,49
2011,7,Canadian Grand Prix,alonso,ferrari,2,22,0.0,Collision,36
2011,7,Canadian Grand Prix,kovalainen,lotus_racing,19,23,0.0,Transmission,28
2011,7,Canadian Grand Prix,hamilton,mclaren,5,24,0.0,Collision,7
2011,8,European Grand Prix,vettel,red_bull,1,1,25.0,Finished,57
2011,8,European Grand Prix,alonso,ferrari,4,2,18.0,Finished,57
2011,8,European Grand Prix,webber,red_bull,2,3,15.0,Finished,57
2011,8,European Grand Prix,hamilton,mclaren,3,4,12.0,Finished,57
2011,8,European Grand Prix,massa,ferrari,5,5,10.0,Finished,57
2011,8,European Grand Prix,button,mclaren,6,6,8.0,Finished,57
2011,8,European Grand Prix,rosberg,mercedes,7,7,6.0,Finished,57
2011,8,European Grand Prix,alguersuari,toro_rosso,18,8,4.0,+1 Lap,56
2011,8,European Grand Prix,sutil,force_india,10,9,2.0,+1 Lap,56
2011,8,European Grand Prix,heidfeld,renault,9,10,1.0,+1 Lap,56
2011,8,European Grand Prix,perez,sauber,16,11,0.0,+1 Lap,56
2011,8,European Grand Prix,barrichello,williams,13,12,0.0,+1 Lap,56
2011,8,European Grand Prix,buemi,toro_rosso,17,13,0.0,+1 Lap,56
2011,8,European Grand Prix,resta,force_india,12,14,0.0,+1 Lap,56
2011,8,European Grand Prix,petrov,renault,11,15,0.0,+1 Lap,56
2011,8,European Grand Prix,kobayashi,sauber,14,16,0.0,+1 Lap,56
2011,8,European Grand Prix,michael_schumacher,mercedes,8,17,0.0,+1 Lap,56
2011,8,European Grand Prix,maldonado,williams,15,18,0.0,+1 Lap,56
2011,8,European Grand Prix,kovalainen,lotus_racing,19,19,0.0,+2 Laps,55
2011,8,European Grand Prix,trulli,lotus_racing,20,20,0.0,+2 Laps,55
2011,8,European Grand Prix,glock,virgin,21,21,0.0,+2 Laps,55
2011,8,European Grand Prix,ambrosio,virgin,23,22,0.0,+2 Laps,55
2011,8,European Grand Prix,liuzzi,hrt,22,23,0.0,+3 Laps,54
2011,8,European Grand Prix,karthikeyan,hrt,24,24,0.0,+3 Laps,54
2011,9,British Grand Prix,alonso,ferrari,3,1,25.0,Finished,52
2011,9,British Grand Prix,vettel,red_bull,2,2,18.0,Finished,52
2011,9,British Grand Prix,webber,red_bull,1,3,15.0,Finished,52
2011,9,British Grand Prix,hamilton,mclaren,10,4,12.0,Finished,52
2011,9,British Grand Prix,massa,ferrari,4,5,10.0,Finished,52
2011,9,British Grand Prix,rosberg,mercedes,9,6,8.0,Finished,52
2011,9,British Grand Prix,perez,sauber,12,7,6.0,Finished,52
2011,9,British Grand Prix,heidfeld,renault,16,8,4.0,Finished,52
2011,9,British Grand Prix,michael_schumacher,mercedes,13,9,2.0,Finished,52
2011,9,British Grand Prix,alguersuari,toro_rosso,18,10,1.0,Finished,52
2011,9,British Grand Prix,sutil,force_india,11,11,0.0,Finished,52
2011,9,British Grand Prix,petrov,renault,14,12,0.0,Finished,52
2011,9,British Grand Prix,barrichello,williams,15,13,0.0,+1 Lap,51
2011,9,British Grand Prix,maldonado,williams,7,14,0.0,+1 Lap,51
2011,9,British Grand Prix,resta,force_india,6,15,0.0,+1 Lap,51
2011,9,British Grand Prix,glock,virgin,20,16,0.0,+2 Laps,50
2011,9,British Grand Prix,ambrosio,virgin,22,17,0.0,+2 Laps,50
2011,9,British Grand Prix,liuzzi,hrt,23,18,0.0,+2 Laps,50
2011,9,British Grand Prix,ricciardo,hrt,24,19,0.0,+3 Laps,49
2011,9,British Grand Prix,button,mclaren,5,20,0.0,Wheel nut,39
2011,9,British Grand Prix,buemi,toro_rosso,19,21,0.0,Accident,25
2011,9,British Grand Prix,kobayashi,sauber,8,22,0.0,Engine,23
2011,9,British Grand Prix,trulli,lotus_racing,21,23,0.0,Oil leak,10
2011,9,British Grand Prix,kovalainen,lotus_racing,17,24,0.0,Gearbox,2
2011,10,German Grand Prix,hamilton,mclaren,2,1,25.0,Finished,60
2011,10,German Grand Prix,alonso,ferrari,4,2,18.0,Finished,60
2011,10,German Grand Prix,webber,red_bull,1,3,15.0,Finished,60
2011,10,German Grand Prix,vettel,red_bull,3,4,12.0,Finished,60
2011,10,German Grand Prix,massa,ferrari,5,5,10.0,Finished,60
2011,10,German Grand Prix,sutil,force_india,8,6,8.0,Finished,60
2011,10,German Grand Prix,rosberg,mercedes,6,7,6.0,+1 Lap,59
2011,10,German Grand Prix,michael_schumacher,mercedes,10,8,4.0,+1 Lap,59
2011,10,German Grand Prix,kobayashi,sauber,17,9,2.0,+1 Lap,59
2011,10,German Grand Prix,petrov,renault,9,10,1.0,+1 Lap,59
2011,10,German Grand Prix,perez,sauber,15,11,0.0,+1 Lap,59
2011,10,German Grand Prix,alguersuari,toro_rosso,16,12,0.0,+1 Lap,59
2011,10,German Grand Prix,resta,force_india,12,13,0.0,+1 Lap,59
2011,10,German Grand Prix,maldonado,williams,13,14,0.0,+1 Lap,59
2011,10,German Grand Prix,buemi,toro_rosso,24,15,0.0,+1 Lap,59
2011,10,German Grand Prix,kovalainen,lotus_racing,18,16,0.0,+2 Laps,58
2011,10,German Grand Prix,glock,virgin,19,17,0.0,+3 Laps,57
2011,10,German Grand Prix,ambrosio,virgin,21,18,0.0,+3 Laps,57
2011,10,German Grand Prix,ricciardo,hrt,22,19,0.0,+3 Laps,57
2011,10,German Grand Prix,chandhok,lotus_racing,20,20,0.0,+4 Laps,56
2011,10,German Grand Prix,liuzzi,hrt,23,21,0.0,Electrical,37
2011,10,German Grand Prix,button,mclaren,7,22,0.0,Hydraulics,35
2011,10,German Grand Prix,barrichello,williams,14,23,0.0,Oil leak,16
2011,10,German Grand Prix,heidfeld,renault,11,24,0.0,Collision,9
2011,11,Hungarian Grand Prix,button,mclaren,3,1,25.0,Finished,70
2011,11,Hungarian Grand Prix,vettel,red_bull,1,2,18.0,Finished,70
2011,11,Hungarian Grand Prix,alonso,ferrari,5,3,15.0,Finished,70
2011,11,Hungarian Grand Prix,hamilton,mclaren,2,4,12.0,Finished,70
2011,11,Hungarian Grand Prix,webber,red_bull,6,5,10.0,Finished,70
2011,11,Hungarian Grand Prix,massa,ferrari,4,6,8.0,Finished,70
2011,11,Hungarian Grand Prix,resta,force_india,11,7,6.0,+1 Lap,69
2011,11,Hungarian Grand Prix,buemi,toro_rosso,23,8,4.0,+1 Lap,69
2011,11,Hungarian Grand Prix,rosberg,mercedes,7,9,2.0,+1 Lap,69
2011,11,Hungarian Grand Prix,alguersuari,toro_rosso,16,10,1.0,+1 Lap,69
2011,11,Hungarian Grand Prix,kobayashi,sauber,13,11,0.0,+1 Lap,69
2011,11,Hungarian Grand Prix,petrov,renault,12,12,0.0,+1 Lap,69
2011,11,Hungarian Grand Prix,barrichello,williams,15,13,0.0,+2 Laps,68
2011,11,Hungarian Grand Prix,sutil,force_india,8,14,0.0,+2 Laps,68
2011,11,Hungarian Grand Prix,perez,sauber,10,15,0.0,+2 Laps,68
2011,11,Hungarian Grand Prix,maldonado,williams,17,16,0.0,+2 Laps,68
2011,11,Hungarian Grand Prix,glock,virgin,20,17,0.0,+4 Laps,66
2011,11,Hungarian Grand Prix,ricciardo,hrt,22,18,0.0,+4 Laps,66
2011,11,Hungarian Grand Prix,ambrosio,virgin,24,19,0.0,+5 Laps,65
2011,11,Hungarian Grand Prix,liuzzi,hrt,21,20,0.0,+5 Laps,65
2011,11,Hungarian Grand Prix,kovalainen,lotus_racing,18,21,0.0,Water leak,55
2011,11,Hungarian Grand Prix,michael_schumacher,mercedes,9,22,0.0,Gearbox,26
2011,11,Hungarian Grand Prix,heidfeld,renault,14,23,0.0,Heat shield fire,23
2011,11,Hungarian Grand Prix,trulli,lotus_racing,19,24,0.0,Oil leak,17
2011,12,Belgian Grand Prix,vettel,red_bull,1,1,25.0,Finished,44
2011,12,Belgian Grand Prix,webber,red_bull,3,2,18.0,Finished,44
2011,12,Belgian Grand Prix,button,mclaren,13,3,15.0,Finished,44
2011,12,Belgian Grand Prix,alonso,ferrari,8,4,12.0,Finished,44
2011,12,Belgian Grand Prix,michael_schumacher,mercedes,24,5,10.0,Finished,44
2011,12,Belgian Grand Prix,rosberg,mercedes,5,6,8.0,Finished,44
2011,12,Belgian Grand Prix,sutil,force_india,15,7,6.0,Finished,44
2011,12,Belgian Grand Prix,massa,ferrari,4,8,4.0,Finished,44
2011,12,Belgian Grand Prix,petrov,renault,10,9,2.0,Finished,44
2011,12,Belgian Grand Prix,maldonado,williams,21,10,1.0,Finished,44
2011,12,Belgian Grand Prix,resta,force_india,17,11,0.0,Finished,44
2011,12,Belgian Grand Prix,kobayashi,sauber,12,12,0.0,Finished,44
2011,12,Belgian Grand Prix,bruno_senna,renault,7,13,0.0,Finished,44
2011,12,Belgian Grand Prix,trulli,lotus_racing,18,14,0.0,+1 Lap,43
2011,12,Belgian Grand Prix,kovalainen,lotus_racing,16,15,0.0,+1 Lap,43
2011,12,Belgian Grand Prix,barrichello,williams,14,16,0.0,+1 Lap,43
2011,12,Belgian Grand Prix,ambrosio,virgin,20,17,0.0,+1 Lap,43
2011,12,Belgian Grand Prix,glock,virgin,19,18,0.0,+1 Lap,43
2011,12,Belgian Grand Prix,liuzzi,hrt,22,19,0.0,+1 Lap,43
2011,12,Belgian Grand Prix,perez,sauber,9,20,0.0,Suspension,27
2011,12,Belgian Grand Prix,ricciardo,hrt,23,21,0.0,Engine,13
2011,12,Belgian Grand Prix,hamilton,mclaren,2,22,0.0,Collision,12
2011,12,Belgian Grand Prix,buemi,toro_rosso,11,23,0.0,Rear wing,6
2011,12,Belgian Grand Prix,alguersuari,toro_rosso,6,24,0.0,Collision,0
2011,13,Italian Grand Prix,vettel,red_bull,1,1,25.0,Finished,53
2011,13,Italian Grand Prix,button,mclaren,3,2,18.0,Finished,53
2011,13,Italian Grand Prix,alonso,ferrari,4,3,15.0,Finished,53
2011,13,Italian Grand Prix,hamilton,mclaren,2,4,12.0,Finished,53
2011,13,Italian Grand Prix,michael_schumacher,mercedes,8,5,10.0,Finished,53
2011,13,Italian Grand Prix,massa,ferrari,6,6,8.0,Finished,53
2011,13,Italian Grand Prix,alguersuari,toro_rosso,18,7,6.0,+1 Lap,52
2011,13,Italian Grand Prix,resta,force_india,11,8,4.0,+1 Lap,52
2011,13,Italian Grand Prix,bruno_senna,renault,10,9,2.0,+1 Lap,52
2011,13,Italian Grand Prix,buemi,toro_rosso,16,10,1.0,+1 Lap,52
2011,13,Italian Grand Prix,maldonado,williams,14,11,0.0,+1 Lap,52
2011,13,Italian Grand Prix,barrichello,williams,13,12,0.0,+1 Lap,52
2011,13,Italian Grand Prix,kovalainen,lotus_racing,20,13,0.0,+2 Laps,51
2011,13,Italian Grand Prix,trulli,lotus_racing,19,14,0.0,+2 Laps,51
2011,13,Italian Grand Prix,glock,virgin,21,15,0.0,+2 Laps,51
2011,13,Italian Grand Prix,ricciardo,hrt,23,16,0.0,+14 Laps,39
2011,13,Italian Grand Prix,perez,sauber,15,17,0.0,Gearbox,32
2011,13,Italian Grand Prix,kobayashi,sauber,17,18,0.0,Gearbox,21
2011,13,Italian Grand Prix,sutil,force_india,12,19,0.0,Hydraulics,9
2011,13,Italian Grand Prix,webber,red_bull,5,20,0.0,Accident,4
2011,13,Italian Grand Prix,ambrosio,virgin,22,21,0.0,Gearbox,1
2011,13,Italian Grand Prix,petrov,renault,7,22,0.0,Collision,0
2011,13,Italian Grand Prix,rosberg,mercedes,9,23,0.0,Collision,0
2011,13,Italian Grand Prix,liuzzi,hrt,24,24,0.0,Collision,0
2011,14,Singapore Grand Prix,vettel,red_bull,1,1,25.0,Finished,61
2011,14,Singapore Grand Prix,button,mclaren,3,2,18.0,Finished,61
2011,14,Singapore Grand Prix,webber,red_bull,2,3,15.0,Finished,61
2011,14,Singapore Grand Prix,alonso,ferrari,5,4,12.0,Finished,61
2011,14,Singapore Grand Prix,hamilton,mclaren,4,5,10.0,Finished,61
2011,14,Singapore Grand Prix,resta,force_india,10,6,8.0,Finished,61
2011,14,Singapore Grand Prix,rosberg,mercedes,7,7,6.0,+1 Lap,60
2011,14,Singapore Grand Prix,sutil,force_india,9,8,4.0,+1 Lap,60
2011,14,Singapore Grand Prix,massa,ferrari,6,9,2.0,+1 Lap,60
2011,14,Singapore Grand Prix,perez,sauber,11,10,1.0,+1 Lap,60
2011,14,Singapore Grand Prix,maldonado,williams,13,11,0.0,+1 Lap,60
2011,14,Singapore Grand Prix,buemi,toro_rosso,14,12,0.0,+1 Lap,60
2011,14,Singapore Grand Prix,barrichello,williams,12,13,0.0,+1 Lap,60
2011,14,Singapore Grand Prix,kobayashi,sauber,17,14,0.0,+2 Laps,59
2011,14,Singapore Grand Prix,bruno_senna,renault,15,15,0.0,+2 Laps,59
2011,14,Singapore Grand Prix,kovalainen,lotus_racing,19,16,0.0,+2 Laps,59
2011,14,Singapore Grand Prix,petrov,renault,18,17,0.0,+2 Laps,59
2011,14,Singapore Grand Prix,ambrosio,virgin,22,18,0.0,+2 Laps,59
2011,14,Singapore Grand Prix,ricciardo,hrt,23,19,0.0,+4 Laps,57
2011,14,Singapore Grand Prix,liuzzi,hrt,24,20,0.0,+4 Laps,57
2011,14,Singapore Grand Prix,alguersuari,toro_rosso,16,21,0.0,Accident,56
2011,14,Singapore Grand Prix,trulli,lotus_racing,20,22,0.0,Gearbox,47
2011,14,Singapore Grand Prix,michael_schumacher,mercedes,8,23,0.0,Accident,28
2011,14,Singapore Grand Prix,glock,virgin,21,24,0.0,Accident,9
2011,15,Japanese Grand Prix,button,mclaren,2,1,25.0,Finished,53
2011,15,Japanese Grand Prix,alonso,ferrari,5,2,18.0,Finished,53
2011,15,Japanese Grand Prix,vettel,red_bull,1,3,15.0,Finished,53
2011,15,Japanese Grand Prix,webber,red_bull,6,4,12.0,Finished,53
2011,15,Japanese Grand Prix,hamilton,mclaren,3,5,10.0,Finished,53
2011,15,Japanese Grand Prix,michael_schumacher,mercedes,8,6,8.0,Finished,53
2011,15,Japanese Grand Prix,massa,ferrari,4,7,6.0,Finished,53
2011,15,Japanese Grand Prix,perez,sauber,17,8,4.0,Finished,53
2011,15,Japanese Grand Prix,petrov,renault,10,9,2.0,Finished,53
2011,15,Japanese Grand Prix,rosberg,mercedes,23,10,1.0,Finished,53
2011,15,Japanese Grand Prix,sutil,force_india,11,11,0.0,Finished,53
2011,15,Japanese Grand Prix,resta,force_india,12,12,0.0,Finished,53
2011,15,Japanese Grand Prix,kobayashi,sauber,7,13,0.0,Finished,53
2011,15,Japanese Grand Prix,maldonado,williams,14,14,0.0,Finished,53
2011,15,Japanese Grand Prix,alguersuari,toro_rosso,16,15,0.0,Finished,53
2011,15,Japanese Grand Prix,bruno_senna,renault,9,16,0.0,Finished,53
2011,15,Japanese Grand Prix,barrichello,williams,13,17,0.0,Finished,53
2011,15,Japanese Grand Prix,kovalainen,lotus_racing,18,18,0.0,Finished,53
2011,15,Japanese Grand Prix,trulli,lotus_racing,19,19,0.0,Finished,53
2011,15,Japanese Grand Prix,glock,virgin,21,20,0.0,+2 Laps,51
2011,15,Japanese Grand Prix,ambrosio,virgin,20,21,0.0,+2 Laps,51
2011,15,Japanese Grand Prix,ricciardo,hrt,22,22,0.0,+2 Laps,51
2011,15,Japanese Grand Prix,liuzzi,hrt,24,23,0.0,+3 Laps,50
2011,15,Japanese Grand Prix,buemi,toro_rosso,15,24,0.0,Wheel,11
2011,16,Korean Grand Prix,vettel,red_bull,2,1,25.0,Finished,55
2011,16,Korean Grand Prix,hamilton,mclaren,1,2,18.0,Finished,55
2011,16,Korean Grand Prix,webber,red_bull,4,3,15.0,Finished,55
2011,16,Korean Grand Prix,button,mclaren,3,4,12.0,Finished,55
2011,16,Korean Grand Prix,alonso,ferrari,6,5,10.0,Finished,55
2011,16,Korean Grand Prix,massa,ferrari,5,6,8.0,Finished,55
2011,16,Korean Grand Prix,alguersuari,toro_rosso,11,7,6.0,Finished,55
2011,16,Korean Grand Prix,rosberg,mercedes,7,8,4.0,Finished,55
2011,16,Korean Grand Prix,buemi,toro_rosso,13,9,2.0,Finished,55
2011,16,Korean Grand Prix,resta,force_india,9,10,1.0,Finished,55
2011,16,Korean Grand Prix,sutil,force_india,10,11,0.0,Finished,55
2011,16,Korean Grand Prix,barrichello,williams,18,12,0.0,Finished,55
2011,16,Korean Grand Prix,bruno_senna,renault,15,13,0.0,+1 Lap,54
2011,16,Korean Grand Prix,kovalainen,lotus_racing,19,14,0.0,+1 Lap,54
2011,16,Korean Grand Prix,kobayashi,sauber,14,15,0.0,+1 Lap,54
2011,16,Korean Grand Prix,perez,sauber,17,16,0.0,+1 Lap,54
2011,16,Korean Grand Prix,trulli,lotus_racing,20,17,0.0,+1 Lap,54
2011,16,Korean Grand Prix,glock,virgin,21,18,0.0,+1 Lap,54
2011,16,Korean Grand Prix,ricciardo,hrt,24,19,0.0,+1 Lap,54
2011,16,Korean Grand Prix,ambrosio,virgin,22,20,0.0,+1 Lap,54
2011,16,Korean Grand Prix,liuzzi,hrt,23,21,0.0,+3 Laps,52
2011,16,Korean Grand Prix,maldonado,williams,16,22,0.0,Clutch,30
2011,16,Korean Grand Prix,petrov,renault,8,23,0.0,Collision,16
2011,16,Korean Grand Prix,michael_schumacher,mercedes,12,24,0.0,Collision,15
2011,17,Indian Grand Prix,vettel,red_bull,1,1,25.0,Finished,60
2011,17,Indian Grand Prix,button,mclaren,4,2,18.0,Finished,60
2011,17,Indian Grand Prix,alonso,ferrari,3,3,15.0,Finished,60
2011,17,Indian Grand Prix,webber,red_bull,2,4,12.0,Finished,60
2011,17,Indian Grand Prix,michael_schumacher,mercedes,11,5,10.0,Finished,60
2011,17,Indian Grand Prix,rosberg,mercedes,7,6,8.0,Finished,60
2011,17,Indian Grand Prix,hamilton,mclaren,5,7,6.0,Finished,60
2011,17,Indian Grand Prix,alguersuari,toro_rosso,10,8,4.0,+1 Lap,59
2011,17,Indian Grand Prix,sutil,force_india,8,9,2.0,+1 Lap,59
2011,17,Indian Grand Prix,perez,sauber,20,10,1.0,+1 Lap,59
2011,17,Indian Grand Prix,petrov,renault,16,11,0.0,+1 Lap,59
2011,17,Indian Grand Prix,bruno_senna,renault,14,12,0.0,+1 Lap,59
2011,17,Indian Grand Prix,resta,force_india,12,13,0.0,+1 Lap,59
2011,17,Indian Grand Prix,kovalainen,lotus_racing,18,14,0.0,+2 Laps,58
2011,17,Indian Grand Prix,barrichello,williams,15,15,0.0,+2 Laps,58
2011,17,Indian Grand Prix,ambrosio,virgin,21,16,0.0,+3 Laps,57
2011,17,Indian Grand Prix,karthikeyan,hrt,24,17,0.0,+3 Laps,57
2011,17,Indian Grand Prix,ricciardo,hrt,23,18,0.0,+3 Laps,57
2011,17,Indian Grand Prix,trulli,lotus_racing,19,19,0.0,+5 Laps,55
2011,17,Indian Grand Prix,massa,ferrari,6,20,0.0,Suspension,32
2011,17,Indian Grand Prix,buemi,toro_rosso,9,21,0.0,Engine,24
2011,17,Indian Grand Prix,maldonado,williams,13,22,0.0,Gearbox,12
2011,17,Indian Grand Prix,glock,virgin,22,23,0.0,Collision,2
2011,17,Indian Grand Prix,kobayashi,sauber,17,24,0.0,Collision,0
2011,18,Abu Dhabi Grand Prix,hamilton,mclaren,2,1,25.0,Finished,55
2011,18,Abu Dhabi Grand Prix,alonso,ferrari,5,2,18.0,Finished,55
2011,18,Abu Dhabi Grand Prix,button,mclaren,3,3,15.0,Finished,55
2011,18,Abu Dhabi Grand Prix,webber,red_bull,4,4,12.0,Finished,55
2011,18,Abu Dhabi Grand Prix,massa,ferrari,6,5,10.0,Finished,55
2011,18,Abu Dhabi Grand Prix,rosberg,mercedes,7,6,8.0,Finished,55
2011,18,Abu Dhabi Grand Prix,michael_schumacher,mercedes,8,7,6.0,Finished,55
2011,18,Abu Dhabi Grand Prix,sutil,force_india,9,8,4.0,Finished,55
2011,18,Abu Dhabi Grand Prix,resta,force_india,10,9,2.0,Finished,55
2011,18,Abu Dhabi Grand Prix,kobayashi,sauber,16,10,1.0,+1 Lap,54
2011,18,Abu Dhabi Grand Prix,perez,sauber,11,11,0.0,+1 Lap,54
2011,18,Abu Dhabi Grand Prix,barrichello,williams,24,12,0.0,+1 Lap,54
2011,18,Abu Dhabi Grand Prix,petrov,renault,12,13,0.0,+1 Lap,54
2011,18,Abu Dhabi Grand Prix,maldonado,williams,23,14,0.0,+1 Lap,54
2011,18,Abu Dhabi Grand Prix,alguersuari,toro_rosso,15,15,0.0,+1 Lap,54
2011,18,Abu Dhabi Grand Prix,bruno_senna,renault,14,16,0.0,+1 Lap,54
2011,18,Abu Dhabi Grand Prix,kovalainen,lotus_racing,17,17,0.0,+1 Lap,54
2011,18,Abu Dhabi Grand Prix,trulli,lotus_racing,18,18,0.0,+2 Laps,53
2011,18,Abu Dhabi Grand Prix,glock,virgin,19,19,0.0,+2 Laps,53
2011,18,Abu Dhabi Grand Prix,liuzzi,hrt,22,20,0.0,+2 Laps,53
2011,18,Abu Dhabi Grand Prix,ricciardo,hrt,20,21,0.0,Mechanical,48
2011,18,Abu Dhabi Grand Prix,buemi,toro_rosso,13,22,0.0,Hydraulics,19
2011,18,Abu Dhabi Grand Prix,ambrosio,virgin,21,23,0.0,Brakes,18
2011,18,Abu Dhabi Grand Prix,vettel,red_bull,1,24,0.0,Puncture,1
2011,19,Brazilian Grand Prix,webber,red_bull,2,1,25.0,Finished,71
2011,19,Brazilian Grand Prix,vettel,red_bull,1,2,18.0,Finished,71
2011,19,Brazilian Grand Prix,button,mclaren,3,3,15.0,Finished,71
2011,19,Brazilian Grand Prix,alonso,ferrari,5,4,12.0,Finished,71
2011,19,Brazilian Grand Prix,massa,ferrari,7,5,10.0,Finished,71
2011,19,Brazilian Grand Prix,sutil,force_india,8,6,8.0,+1 Lap,70
2011,19,Brazilian Grand Prix,rosberg,mercedes,6,7,6.0,+1 Lap,70
2011,19,Brazilian Grand Prix,resta,force_india,11,8,4.0,+1 Lap,70
2011,19,Brazilian Grand Prix,kobayashi,sauber,16,9,2.0,+1 Lap,70
2011,19,Brazilian Grand Prix,petrov,renault,15,10,1.0,+1 Lap,70
2011,19,Brazilian Grand Prix,alguersuari,toro_rosso,13,11,0.0,+1 Lap,70
2011,19,Brazilian Grand Prix,buemi,toro_rosso,14,12,0.0,+1 Lap,70
2011,19,Brazilian Grand Prix,perez,sauber,17,13,0.0,+1 Lap,70
2011,19,Brazilian Grand Prix,barrichello,williams,12,14,0.0,+1 Lap,70
2011,19,Brazilian Grand Prix,michael_schumacher,mercedes,10,15,0.0,+1 Lap,70
2011,19,Brazilian Grand Prix,kovalainen,lotus_racing,19,16,0.0,+2 Laps,69
2011,19,Brazilian Grand Prix,bruno_senna,renault,9,17,0.0,+2 Laps,69
2011,19,Brazilian Grand Prix,trulli,lotus_racing,20,18,0.0,+2 Laps,69
2011,19,Brazilian Grand Prix,ambrosio,virgin,23,19,0.0,+3 Laps,68
2011,19,Brazilian Grand Prix,ricciardo,hrt,22,20,0.0,+3 Laps,68
2011,19,Brazilian Grand Prix,liuzzi,hrt,21,21,0.0,Retired,61
2011,19,Brazilian Grand Prix,hamilton,mclaren,4,22,0.0,Gearbox,46
2011,19,Brazilian Grand Prix,maldonado,williams,18,23,0.0,Retired,26
2011,19,Brazilian Grand Prix,glock,virgin,24,24,0.0,Retired,21
2012,1,Australian Grand Prix,button,mclaren,2,1,25.0,Finished,58
2012,1,Australian Grand Prix,vettel,red_bull,6,2,18.0,Finished,58
2012,1,Australian Grand Prix,hamilton,mclaren,1,3,15.0,Finished,58
2012,1,Australian Grand Prix,webber,red_bull,5,4,12.0,Finished,58
2012,1,Australian Grand Prix,alonso,ferrari,12,5,10.0,Finished,58
2012,1,Australian Grand Prix,kobayashi,sauber,13,6,8.0,Finished,58
2012,1,Australian Grand Prix,raikkonen,lotus_f1,17,7,6.0,Finished,58
2012,1,Australian Grand Prix,perez,sauber,22,8,4.0,Finished,58
2012,1,Australian Grand Prix,ricciardo,toro_rosso,10,9,2.0,Finished,58
2012,1,Australian Grand Prix,resta,force_india,15,10,1.0,Finished,58
2012,1,Australian Grand Prix,vergne,toro_rosso,11,11,0.0,Finished,58
2012,1,Australian Grand Prix,rosberg,mercedes,7,12,0.0,Finished,58
2012,1,Australian Grand Prix,maldonado,williams,8,13,0.0,Accident,57
2012,1,Australian Grand Prix,glock,marussia,20,14,0.0,+1 Lap,57
2012,1,Australian Grand Prix,pic,marussia,21,15,0.0,+5 Laps,53
2012,1,Australian Grand Prix,bruno_senna,williams,14,16,0.0,Collision,52
2012,1,Australian Grand Prix,massa,ferrari,16,17,0.0,Collision,46
2012,1,Australian Grand Prix,kovalainen,caterham,18,18,0.0,Suspension,38
2012,1,Australian Grand Prix,petrov,caterham,19,19,0.0,Steering,34
2012,1,Australian Grand Prix,michael_schumacher,mercedes,4,20,0.0,Gearbox,10
2012,1,Australian Grand Prix,grosjean,lotus_f1,3,21,0.0,Collision,1
2012,1,Australian Grand Prix,hulkenberg,force_india,9,22,0.0,Collision,0
2012,2,Malaysian Grand Prix,alonso,ferrari,8,1,25.0,Finished,56
2012,2,Malaysian Grand Prix,perez,sauber,9,2,18.0,Finished,56
2012,2,Malaysian Grand Prix,hamilton,mclaren,1,3,15.0,Finished,56
2012,2,Malaysian Grand Prix,webber,red_bull,4,4,12.0,Finished,56
2012,2,Malaysian Grand Prix,raikkonen,lotus_f1,10,5,10.0,Finished,56
2012,2,Malaysian Grand Prix,bruno_senna,williams,13,6,8.0,Finished,56
2012,2,Malaysian Grand Prix,resta,force_india,14,7,6.0,Finished,56
2012,2,Malaysian Grand Prix,vergne,toro_rosso,18,8,4.0,Finished,56
2012,2,Malaysian Grand Prix,hulkenberg,force_india,16,9,2.0,Finished,56
2012,2,Malaysian Grand Prix,michael_schumacher,mercedes,3,10,1.0,Finished,56
2012,2,Malaysian Grand Prix,vettel,red_bull,5,11,0.0,Finished,56
2012,2,Malaysian Grand Prix,ricciardo,toro_rosso,15,12,0.0,Finished,56
2012,2,Malaysian Grand Prix,rosberg,mercedes,7,13,0.0,Finished,56
2012,2,Malaysian Grand Prix,button,mclaren,2,14,0.0,Finished,56
2012,2,Malaysian Grand Prix,massa,ferrari,12,15,0.0,Finished,56
2012,2,Malaysian Grand Prix,petrov,caterham,19,16,0.0,+1 Lap,55
2012,2,Malaysian Grand Prix,glock,marussia,20,17,0.0,+1 Lap,55
2012,2,Malaysian Grand Prix,kovalainen,caterham,24,18,0.0,+1 Lap,55
2012,2,Malaysian Grand Prix,maldonado,williams,11,19,0.0,Engine,54
2012,2,Malaysian Grand Prix,pic,marussia,21,20,0.0,+2 Laps,54
2012,2,Malaysian Grand Prix,karthikeyan,hrt,23,21,0.0,+2 Laps,54
2012,2,Malaysian Grand Prix,rosa,hrt,22,22,0.0,+2 Laps,54
2012,2,Malaysian Grand Prix,kobayashi,sauber,17,23,0.0,Retired,46
2012,2,Malaysian Grand Prix,grosjean,lotus_f1,6,24,0.0,Collision,3
2012,3,Chinese Grand Prix,rosberg,mercedes,1,1,25.0,Finished,56
2012,3,Chinese Grand Prix,button,mclaren,5,2,18.0,Finished,56
2012,3,Chinese Grand Prix,hamilton,mclaren,7,3,15.0,Finished,56
2012,3,Chinese Grand Prix,webber,red_bull,6,4,12.0,Finished,56
2012,3,Chinese Grand Prix,vettel,red_bull,11,5,10.0,Finished,56
2012,3,Chinese Grand Prix,grosjean,lotus_f1,10,6,8.0,Finished,56
2012,3,Chinese Grand Prix,bruno_senna,williams,14,7,6.0,Finished,56
2012,3,Chinese Grand Prix,maldonado,williams,13,8,4.0,Finished,56
2012,3,Chinese Grand Prix,alonso,ferrari,9,9,2.0,Finished,56
2012,3,Chinese Grand Prix,kobayashi,sauber,3,10,1.0,Finished,56
2012,3,Chinese Grand Prix,perez,sauber,8,11,0.0,Finished,56
2012,3,Chinese Grand Prix,resta,force_india,15,12,0.0,Finished,56
2012,3,Chinese Grand Prix,massa,ferrari,12,13,0.0,Finished,56
2012,3,Chinese Grand Prix,raikkonen,lotus_f1,4,14,0.0,Finished,56
2012,3,Chinese Grand Prix,hulkenberg,force_india,16,15,0.0,Finished,56
2012,3,Chinese Grand Prix,vergne,toro_rosso,24,16,0.0,Finished,56
2012,3,Chinese Grand Prix,ricciardo,toro_rosso,17,17,0.0,Finished,56
2012,3,Chinese Grand Prix,petrov,caterham,19,18,0.0,+1 Lap,55
2012,3,Chinese Grand Prix,glock,marussia,20,19,0.0,+1 Lap,55
2012,3,Chinese Grand Prix,pic,marussia,21,20,0.0,+1 Lap,55
2012,3,Chinese Grand Prix,rosa,hrt,22,21,0.0,+1 Lap,55
2012,3,Chinese Grand Prix,karthikeyan,hrt,23,22,0.0,+2 Laps,54
2012,3,Chinese Grand Prix,kovalainen,caterham,18,23,0.0,+3 Laps,53
2012,3,Chinese Grand Prix,michael_schumacher,mercedes,2,24,0.0,Wheel nut,12
2012,4,Bahrain Grand Prix,vettel,red_bull,1,1,25.0,Finished,57
2012,4,Bahrain Grand Prix,raikkonen,lotus_f1,11,2,18.0,Finished,57
2012,4,Bahrain Grand Prix,grosjean,lotus_f1,7,3,15.0,Finished,57
2012,4,Bahrain Grand Prix,webber,red_bull,3,4,12.0,Finished,57
2012,4,Bahrain Grand Prix,rosberg,mercedes,5,5,10.0,Finished,57
2012,4,Bahrain Grand Prix,resta,force_india,10,6,8.0,Finished,57
2012,4,Bahrain Grand Prix,alonso,ferrari,9,7,6.0,Finished,57
2012,4,Bahrain Grand Prix,hamilton,mclaren,2,8,4.0,Finished,57
2012,4,Bahrain Grand Prix,massa,ferrari,14,9,2.0,Finished,57
2012,4,Bahrain Grand Prix,michael_schumacher,mercedes,22,10,1.0,Finished,57
2012,4,Bahrain Grand Prix,perez,sauber,8,11,0.0,Finished,57
2012,4,Bahrain Grand Prix,hulkenberg,force_india,13,12,0.0,Finished,57
2012,4,Bahrain Grand Prix,kobayashi,sauber,12,13,0.0,Finished,57
2012,4,Bahrain Grand Prix,vergne,toro_rosso,17,14,0.0,Finished,57
2012,4,Bahrain Grand Prix,ricciardo,toro_rosso,6,15,0.0,+1 Lap,56
2012,4,Bahrain Grand Prix,petrov,caterham,18,16,0.0,+1 Lap,56
2012,4,Bahrain Grand Prix,kovalainen,caterham,16,17,0.0,+1 Lap,56
2012,4,Bahrain Grand Prix,button,mclaren,4,18,0.0,Exhaust,55
2012,4,Bahrain Grand Prix,glock,marussia,23,19,0.0,+2 Laps,55
2012,4,Bahrain Grand Prix,rosa,hrt,20,20,0.0,+2 Laps,55
2012,4,Bahrain Grand Prix,karthikeyan,hrt,24,21,0.0,+2 Laps,55
2012,4,Bahrain Grand Prix,bruno_senna,williams,15,22,0.0,Vibrations,54
2012,4,Bahrain Grand Prix,maldonado,williams,21,23,0.0,Puncture,25
2012,4,Bahrain Grand Prix,pic,marussia,19,24,0.0,Engine,24
2012,5,Spanish Grand Prix,maldonado,williams,1,1,25.0,Finished,66
2012,5,Spanish Grand Prix,alonso,ferrari,2,2,18.0,Finished,66
2012,5,Spanish Grand Prix,raikkonen,lotus_f1,4,3,15.0,Finished,66
2012,5,Spanish Grand Prix,grosjean,lotus_f1,3,4,12.0,Finished,66
2012,5,Spanish Grand Prix,kobayashi,sauber,9,5,10.0,Finished,66
2012,5,Spanish Grand Prix,vettel,red_bull,7,6,8.0,Finished,66
2012,5,Spanish Grand Prix,rosberg,mercedes,6,7,6.0,Finished,66
2012,5,Spanish Grand Prix,hamilton,mclaren,24,8,4.0,Finished,66
2012,5,Spanish Grand Prix,button,mclaren,10,9,2.0,Finished,66
2012,5,Spanish Grand Prix,hulkenberg,force_india,13,10,1.0,+1 Lap,65
2012,5,Spanish Grand Prix,webber,red_bull,11,11,0.0,+1 Lap,65
2012,5,Spanish Grand Prix,vergne,toro_rosso,14,12,0.0,+1 Lap,65
2012,5,Spanish Grand Prix,ricciardo,toro_rosso,15,13,0.0,+1 Lap,65
2012,5,Spanish Grand Prix,resta,force_india,12,14,0.0,+1 Lap,65
2012,5,Spanish Grand Prix,massa,ferrari,16,15,0.0,+1 Lap,65
2012,5,Spanish Grand Prix,kovalainen,caterham,19,16,0.0,+1 Lap,65
2012,5,Spanish Grand Prix,petrov,caterham,18,17,0.0,+1 Lap,65
2012,5,Spanish Grand Prix,glock,marussia,21,18,0.0,+2 Laps,64
2012,5,Spanish Grand Prix,rosa,hrt,22,19,0.0,+3 Laps,63
2012,5,Spanish Grand Prix,perez,sauber,5,20,0.0,Wheel nut,37
2012,5,Spanish Grand Prix,pic,marussia,20,21,0.0,Mechanical,35
2012,5,Spanish Grand Prix,karthikeyan,hrt,23,22,0.0,Mechanical,22
2012,5,Spanish Grand Prix,bruno_senna,williams,17,23,0.0,Collision,12
2012,5,Spanish Grand Prix,michael_schumacher,mercedes,8,24,0.0,Collision,12
2012,6,Monaco Grand Prix,webber,red_bull,1,1,25.0,Finished,78
2012,6,Monaco Grand Prix,rosberg,mercedes,2,2,18.0,Finished,78
2012,6,Monaco Grand Prix,alonso,ferrari,5,3,15.0,Finished,78
2012,6,Monaco Grand Prix,vettel,red_bull,9,4,12.0,Finished,78
2012,6,Monaco Grand Prix,hamilton,mclaren,3,5,10.0,Finished,78
2012,6,Monaco Grand Prix,massa,ferrari,7,6,8.0,Finished,78
2012,6,Monaco Grand Prix,resta,force_india,14,7,6.0,Finished,78
2012,6,Monaco Grand Prix,hulkenberg,force_india,10,8,4.0,Finished,78
2012,6,Monaco Grand Prix,raikkonen,lotus_f1,8,9,2.0,Finished,78
2012,6,Monaco Grand Prix,bruno_senna,williams,13,10,1.0,Finished,78
2012,6,Monaco Grand Prix,perez,sauber,23,11,0.0,+1 Lap,77
2012,6,Monaco Grand Prix,vergne,toro_rosso,16,12,0.0,+1 Lap,77
2012,6,Monaco Grand Prix,kovalainen,caterham,17,13,0.0,+1 Lap,77
2012,6,Monaco Grand Prix,glock,marussia,19,14,0.0,+1 Lap,77
2012,6,Monaco Grand Prix,karthikeyan,hrt,22,15,0.0,+2 Laps,76
2012,6,Monaco Grand Prix,button,mclaren,12,16,0.0,Collision,70
2012,6,Monaco Grand Prix,ricciardo,toro_rosso,15,17,0.0,Retired,65
2012,6,Monaco Grand Prix,pic,marussia,21,18,0.0,Retired,64
2012,6,Monaco Grand Prix,michael_schumacher,mercedes,6,19,0.0,Fuel pressure,63
2012,6,Monaco Grand Prix,petrov,caterham,18,20,0.0,Electrical,15
2012,6,Monaco Grand Prix,kobayashi,sauber,11,21,0.0,Accident,5
2012,6,Monaco Grand Prix,rosa,hrt,20,22,0.0,Accident,0
2012,6,Monaco Grand Prix,maldonado,williams,24,23,0.0,Accident,0
2012,6,Monaco Grand Prix,grosjean,lotus_f1,4,24,0.0,Accident,0
2012,7,Canadian Grand Prix,hamilton,mclaren,2,1,25.0,Finished,70
2012,7,Canadian Grand Prix,grosjean,lotus_f1,7,2,18.0,Finished,70
2012,7,Canadian Grand Prix,perez,sauber,15,3,15.0,Finished,70
2012,7,Canadian Grand Prix,vettel,red_bull,1,4,12.0,Finished,70
2012,7,Canadian Grand Prix,alonso,ferrari,3,5,10.0,Finished,70
2012,7,Canadian Grand Prix,rosberg,mercedes,5,6,8.0,Finished,70
2012,7,Canadian Grand Prix,webber,red_bull,4,7,6.0,Finished,70
2012,7,Canadian Grand Prix,raikkonen,lotus_f1,12,8,4.0,Finished,70
2012,7,Canadian Grand Prix,kobayashi,sauber,11,9,2.0,Finished,70
2012,7,Canadian Grand Prix,massa,ferrari,6,10,1.0,Finished,70
2012,7,Canadian Grand Prix,resta,force_india,8,11,0.0,Finished,70
2012,7,Canadian Grand Prix,hulkenberg,force_india,13,12,0.0,Finished,70
2012,7,Canadian Grand Prix,maldonado,williams,22,13,0.0,Finished,70
2012,7,Canadian Grand Prix,ricciardo,toro_rosso,14,14,0.0,Finished,70
2012,7,Canadian Grand Prix,vergne,toro_rosso,19,15,0.0,+1 Lap,69
2012,7,Canadian Grand Prix,button,mclaren,10,16,0.0,+1 Lap,69
2012,7,Canadian Grand Prix,bruno_senna,williams,16,17,0.0,+1 Lap,69
2012,7,Canadian Grand Prix,kovalainen,caterham,17,18,0.0,+1 Lap,69
2012,7,Canadian Grand Prix,petrov,caterham,18,19,0.0,+1 Lap,69
2012,7,Canadian Grand Prix,pic,marussia,23,20,0.0,+3 Laps,69
2012,7,Canadian Grand Prix,glock,marussia,21,21,0.0,Suspension,56
2012,7,Canadian Grand Prix,michael_schumacher,mercedes,9,22,0.0,Rear wing,43
2012,7,Canadian Grand Prix,rosa,hrt,20,23,0.0,Brakes,24
2012,7,Canadian Grand Prix,karthikeyan,hrt,24,24,0.0,Suspension,22
2012,8,European Grand Prix,alonso,ferrari,11,1,25.0,Finished,57
2012,8,European Grand Prix,raikkonen,lotus_f1,5,2,18.0,Finished,57
2012,8,European Grand Prix,michael_schumacher,mercedes,12,3,15.0,Finished,57
2012,8,European Grand Prix,webber,red_bull,19,4,12.0,Finished,57
2012,8,European Grand Prix,hulkenberg,force_india,8,5,10.0,Finished,57
2012,8,European Grand Prix,rosberg,mercedes,6,6,8.0,Finished,57
2012,8,European Grand Prix,resta,force_india,10,7,6.0,Finished,57
2012,8,European Grand Prix,button,mclaren,9,8,4.0,Finished,57
2012,8,European Grand Prix,perez,sauber,15,9,2.0,Finished,57
2012,8,European Grand Prix,bruno_senna,williams,14,10,1.0,Finished,57
2012,8,European Grand Prix,ricciardo,toro_rosso,17,11,0.0,Finished,57
2012,8,European Grand Prix,maldonado,williams,3,12,0.0,Finished,57
2012,8,European Grand Prix,petrov,caterham,20,13,0.0,Finished,57
2012,8,European Grand Prix,kovalainen,caterham,16,14,0.0,Finished,57
2012,8,European Grand Prix,pic,marussia,23,15,0.0,Finished,57
2012,8,European Grand Prix,massa,ferrari,13,16,0.0,+1 Lap,56
2012,8,European Grand Prix,rosa,hrt,21,17,0.0,+1 Lap,56
2012,8,European Grand Prix,karthikeyan,hrt,22,18,0.0,+1 Lap,56
2012,8,European Grand Prix,hamilton,mclaren,2,19,0.0,Collision,55
2012,8,European Grand Prix,grosjean,lotus_f1,4,20,0.0,Electronics,40
2012,8,European Grand Prix,vettel,red_bull,1,21,0.0,Gearbox,33
2012,8,European Grand Prix,kobayashi,sauber,7,22,0.0,Collision,33
2012,8,European Grand Prix,vergne,toro_rosso,18,23,0.0,Collision,26
2012,8,European Grand Prix,glock,marussia,0,24,0.0,Withdrew,0
2012,9,British Grand Prix,webber,red_bull,2,1,25.0,Finished,52
2012,9,British Grand Prix,alonso,ferrari,1,2,18.0,Finished,52
2012,9,British Grand Prix,vettel,red_bull,4,3,15.0,Finished,52
2012,9,British Grand Prix,massa,ferrari,5,4,12.0,Finished,52
2012,9,British Grand Prix,raikkonen,lotus_f1,6,5,10.0,Finished,52
2012,9,British Grand Prix,grosjean,lotus_f1,9,6,8.0,Finished,52
2012,9,British Grand Prix,michael_schumacher,mercedes,3,7,6.0,Finished,52
2012,9,British Grand Prix,hamilton,mclaren,8,8,4.0,Finished,52
2012,9,British Grand Prix,bruno_senna,williams,13,9,2.0,Finished,52
2012,9,British Grand Prix,button,mclaren,16,10,1.0,Finished,52
2012,9,British Grand Prix,kobayashi,sauber,17,11,0.0,Finished,52
2012,9,British Grand Prix,hulkenberg,force_india,14,12,0.0,Finished,52
2012,9,British Grand Prix,ricciardo,toro_rosso,12,13,0.0,Finished,52
2012,9,British Grand Prix,vergne,toro_rosso,23,14,0.0,Finished,52
2012,9,British Grand Prix,rosberg,mercedes,11,15,0.0,Finished,52
2012,9,British Grand Prix,maldonado,williams,7,16,0.0,+1 Lap,51
2012,9,British Grand Prix,kovalainen,caterham,19,17,0.0,+1 Lap,51
2012,9,British Grand Prix,glock,marussia,20,18,0.0,+1 Lap,51
2012,9,British Grand Prix,pic,marussia,24,19,0.0,+1 Lap,51
2012,9,British Grand Prix,rosa,hrt,21,20,0.0,+2 Laps,50
2012,9,British Grand Prix,karthikeyan,hrt,22,21,0.0,+2 Laps,50
2012,9,British Grand Prix,perez,sauber,15,22,0.0,Collision,11
2012,9,British Grand Prix,resta,force_india,10,23,0.0,Collision,2
2012,9,British Grand Prix,petrov,caterham,18,24,0.0,Engine,0
2012,10,German Grand Prix,alonso,ferrari,1,1,25.0,Finished,67
2012,10,German Grand Prix,button,mclaren,6,2,18.0,Finished,67
2012,10,German Grand Prix,raikkonen,lotus_f1,10,3,15.0,Finished,67
2012,10,German Grand Prix,kobayashi,sauber,12,4,12.0,Finished,67
2012,10,German Grand Prix,vettel,red_bull,2,5,10.0,Finished,67
2012,10,German Grand Prix,perez,sauber,17,6,8.0,Finished,67
2012,10,German Grand Prix,michael_schumacher,mercedes,3,7,6.0,Finished,67
2012,10,German Grand Prix,webber,red_bull,8,8,4.0,Finished,67
2012,10,German Grand Prix,hulkenberg,force_india,4,9,2.0,Finished,67
2012,10,German Grand Prix,rosberg,mercedes,21,10,1.0,Finished,67
2012,10,German Grand Prix,resta,force_india,9,11,0.0,Finished,67
2012,10,German Grand Prix,massa,ferrari,13,12,0.0,Finished,67
2012,10,German Grand Prix,ricciardo,toro_rosso,11,13,0.0,Finished,67
2012,10,German Grand Prix,vergne,toro_rosso,15,14,0.0,Finished,67
2012,10,German Grand Prix,maldonado,williams,5,15,0.0,+1 Lap,66
2012,10,German Grand Prix,petrov,caterham,18,16,0.0,+1 Lap,66
2012,10,German Grand Prix,bruno_senna,williams,14,17,0.0,+1 Lap,66
2012,10,German Grand Prix,grosjean,lotus_f1,19,18,0.0,+1 Lap,66
2012,10,German Grand Prix,kovalainen,caterham,16,19,0.0,+2 Laps,65
2012,10,German Grand Prix,pic,marussia,20,20,0.0,+2 Laps,65
2012,10,German Grand Prix,rosa,hrt,23,21,0.0,+3 Laps,64
2012,10,German Grand Prix,glock,marussia,22,22,0.0,+3 Laps,64
2012,10,German Grand Prix,karthikeyan,hrt,24,23,0.0,+3 Laps,64
2012,10,German Grand Prix,hamilton,mclaren,7,24,0.0,Puncture,56
2012,11,Hungarian Grand Prix,hamilton,mclaren,1,1,25.0,Finished,69
2012,11,Hungarian Grand Prix,raikkonen,lotus_f1,5,2,18.0,Finished,69
2012,11,Hungarian Grand Prix,grosjean,lotus_f1,2,3,15.0,Finished,69
2012,11,Hungarian Grand Prix,vettel,red_bull,3,4,12.0,Finished,69
2012,11,Hungarian Grand Prix,alonso,ferrari,6,5,10.0,Finished,69
2012,11,Hungarian Grand Prix,button,mclaren,4,6,8.0,Finished,69
2012,11,Hungarian Grand Prix,bruno_senna,williams,9,7,6.0,Finished,69
2012,11,Hungarian Grand Prix,webber,red_bull,11,8,4.0,Finished,69
2012,11,Hungarian Grand Prix,massa,ferrari,7,9,2.0,Finished,69
2012,11,Hungarian Grand Prix,rosberg,mercedes,13,10,1.0,Finished,69
2012,11,Hungarian Grand Prix,hulkenberg,force_india,10,11,0.0,Finished,69
2012,11,Hungarian Grand Prix,resta,force_india,12,12,0.0,Finished,69
2012,11,Hungarian Grand Prix,maldonado,williams,8,13,0.0,Finished,69
2012,11,Hungarian Grand Prix,perez,sauber,14,14,0.0,Finished,69
2012,11,Hungarian Grand Prix,ricciardo,toro_rosso,18,15,0.0,+1 Lap,68
2012,11,Hungarian Grand Prix,vergne,toro_rosso,16,16,0.0,+1 Lap,68
2012,11,Hungarian Grand Prix,kovalainen,caterham,19,17,0.0,+1 Lap,68
2012,11,Hungarian Grand Prix,kobayashi,sauber,15,18,0.0,+2 Laps,67
2012,11,Hungarian Grand Prix,petrov,caterham,20,19,0.0,+2 Laps,67
2012,11,Hungarian Grand Prix,pic,marussia,21,20,0.0,+2 Laps,67
2012,11,Hungarian Grand Prix,glock,marussia,22,21,0.0,+3 Laps,66
2012,11,Hungarian Grand Prix,rosa,hrt,23,22,0.0,+3 Laps,66
2012,11,Hungarian Grand Prix,karthikeyan,hrt,24,23,0.0,Suspension,60
2012,11,Hungarian Grand Prix,michael_schumacher,mercedes,17,24,0.0,+11 Laps,58
2012,12,Belgian Grand Prix,button,mclaren,1,1,25.0,Finished,44
2012,12,Belgian Grand Prix,vettel,red_bull,10,2,18.0,Finished,44
2012,12,Belgian Grand Prix,raikkonen,lotus_f1,3,3,15.0,Finished,44
2012,12,Belgian Grand Prix,hulkenberg,force_india,11,4,12.0,Finished,44
2012,12,Belgian Grand Prix,massa,ferrari,14,5,10.0,Finished,44
2012,12,Belgian Grand Prix,webber,red_bull,12,6,8.0,Finished,44
2012,12,Belgian Grand Prix,michael_schumacher,mercedes,13,7,6.0,Finished,44
2012,12,Belgian Grand Prix,vergne,toro_rosso,15,8,4.0,Finished,44
2012,12,Belgian Grand Prix,ricciardo,toro_rosso,16,9,2.0,Finished,44
2012,12,Belgian Grand Prix,resta,force_india,9,10,1.0,Finished,44
2012,12,Belgian Grand Prix,rosberg,mercedes,23,11,0.0,Finished,44
2012,12,Belgian Grand Prix,bruno_senna,williams,17,12,0.0,Finished,44
2012,12,Belgian Grand Prix,kobayashi,sauber,2,13,0.0,Finished,44
2012,12,Belgian Grand Prix,petrov,caterham,19,14,0.0,+1 Lap,43
2012,12,Belgian Grand Prix,glock,marussia,20,15,0.0,+1 Lap,43
2012,12,Belgian Grand Prix,pic,marussia,22,16,0.0,+1 Lap,43
2012,12,Belgian Grand Prix,kovalainen,caterham,18,17,0.0,+1 Lap,43
2012,12,Belgian Grand Prix,rosa,hrt,21,18,0.0,+1 Lap,43
2012,12,Belgian Grand Prix,karthikeyan,hrt,24,19,0.0,Spun off,29
2012,12,Belgian Grand Prix,maldonado,williams,6,20,0.0,Collision,4
2012,12,Belgian Grand Prix,perez,sauber,4,21,0.0,Collision,0
2012,12,Belgian Grand Prix,alonso,ferrari,5,22,0.0,Collision,0
2012,12,Belgian Grand Prix,hamilton,mclaren,7,23,0.0,Collision,0
2012,12,Belgian Grand Prix,grosjean,lotus_f1,8,24,0.0,Collision,0
2012,13,Italian Grand Prix,hamilton,mclaren,1,1,25.0,Finished,53
2012,13,Italian Grand Prix,perez,sauber,12,2,18.0,Finished,53
2012,13,Italian Grand Prix,alonso,ferrari,10,3,15.0,Finished,53
2012,13,Italian Grand Prix,massa,ferrari,3,4,12.0,Finished,53
2012,13,Italian Grand Prix,raikkonen,lotus_f1,7,5,10.0,Finished,53
2012,13,Italian Grand Prix,michael_schumacher,mercedes,4,6,8.0,Finished,53
2012,13,Italian Grand Prix,rosberg,mercedes,6,7,6.0,Finished,53
2012,13,Italian Grand Prix,resta,force_india,9,8,4.0,Finished,53
2012,13,Italian Grand Prix,kobayashi,sauber,8,9,2.0,Finished,53
2012,13,Italian Grand Prix,bruno_senna,williams,13,10,1.0,Finished,53
2012,13,Italian Grand Prix,maldonado,williams,22,11,0.0,Finished,53
2012,13,Italian Grand Prix,ricciardo,toro_rosso,14,12,0.0,Finished,53
2012,13,Italian Grand Prix,ambrosio,lotus_f1,15,13,0.0,Finished,53
2012,13,Italian Grand Prix,kovalainen,caterham,17,14,0.0,+1 Lap,52
2012,13,Italian Grand Prix,petrov,caterham,18,15,0.0,+1 Lap,52
2012,13,Italian Grand Prix,pic,marussia,20,16,0.0,+1 Lap,52
2012,13,Italian Grand Prix,glock,marussia,19,17,0.0,+1 Lap,52
2012,13,Italian Grand Prix,rosa,hrt,23,18,0.0,+1 Lap,52
2012,13,Italian Grand Prix,karthikeyan,hrt,21,19,0.0,+1 Lap,52
2012,13,Italian Grand Prix,webber,red_bull,11,20,0.0,Vibrations,51
2012,13,Italian Grand Prix,hulkenberg,force_india,24,21,0.0,Brakes,50
2012,13,Italian Grand Prix,vettel,red_bull,5,22,0.0,Alternator,47
2012,13,Italian Grand Prix,button,mclaren,2,23,0.0,Fuel pressure,32
2012,13,Italian Grand Prix,vergne,toro_rosso,16,24,0.0,Suspension,8
2012,14,Singapore Grand Prix,vettel,red_bull,3,1,25.0,Finished,59
2012,14,Singapore Grand Prix,button,mclaren,4,2,18.0,Finished,59
2012,14,Singapore Grand Prix,alonso,ferrari,5,3,15.0,Finished,59
2012,14,Singapore Grand Prix,resta,force_india,6,4,12.0,Finished,59
2012,14,Singapore Grand Prix,rosberg,mercedes,10,5,10.0,Finished,59
2012,14,Singapore Grand Prix,raikkonen,lotus_f1,12,6,8.0,Finished,59
2012,14,Singapore Grand Prix,grosjean,lotus_f1,8,7,6.0,Finished,59
2012,14,Singapore Grand Prix,massa,ferrari,13,8,4.0,Finished,59
2012,14,Singapore Grand Prix,ricciardo,toro_rosso,15,9,2.0,Finished,59
2012,14,Singapore Grand Prix,perez,sauber,14,10,1.0,Finished,59
2012,14,Singapore Grand Prix,webber,red_bull,7,11,0.0,Finished,59
2012,14,Singapore Grand Prix,glock,marussia,20,12,0.0,Finished,59
2012,14,Singapore Grand Prix,kobayashi,sauber,17,13,0.0,Finished,59
2012,14,Singapore Grand Prix,hulkenberg,force_india,11,14,0.0,Finished,59
2012,14,Singapore Grand Prix,kovalainen,caterham,19,15,0.0,Finished,59
2012,14,Singapore Grand Prix,pic,marussia,21,16,0.0,Finished,59
2012,14,Singapore Grand Prix,rosa,hrt,24,17,0.0,+1 Lap,58
2012,14,Singapore Grand Prix,bruno_senna,williams,22,18,0.0,Retired,57
2012,14,Singapore Grand Prix,petrov,caterham,18,19,0.0,+2 Laps,57
2012,14,Singapore Grand Prix,vergne,toro_rosso,16,20,0.0,Collision,38
2012,14,Singapore Grand Prix,michael_schumacher,mercedes,9,21,0.0,Collision,38
2012,14,Singapore Grand Prix,maldonado,williams,2,22,0.0,Hydraulics,36
2012,14,Singapore Grand Prix,karthikeyan,hrt,23,23,0.0,Accident,30
2012,14,Singapore Grand Prix,hamilton,mclaren,1,24,0.0,Gearbox,22
2012,15,Japanese Grand Prix,vettel,red_bull,1,1,25.0,Finished,53
2012,15,Japanese Grand Prix,massa,ferrari,10,2,18.0,Finished,53
2012,15,Japanese Grand Prix,kobayashi,sauber,3,3,15.0,Finished,53
2012,15,Japanese Grand Prix,button,mclaren,8,4,12.0,Finished,53
2012,15,Japanese Grand Prix,hamilton,mclaren,9,5,10.0,Finished,53
2012,15,Japanese Grand Prix,raikkonen,lotus_f1,7,6,8.0,Finished,53
2012,15,Japanese Grand Prix,hulkenberg,force_india,15,7,6.0,Finished,53
2012,15,Japanese Grand Prix,maldonado,williams,12,8,4.0,Finished,53
2012,15,Japanese Grand Prix,webber,red_bull,2,9,2.0,Finished,53
2012,15,Japanese Grand Prix,ricciardo,toro_rosso,14,10,1.0,Finished,53
2012,15,Japanese Grand Prix,michael_schumacher,mercedes,23,11,0.0,Finished,53
2012,15,Japanese Grand Prix,resta,force_india,11,12,0.0,Finished,53
2012,15,Japanese Grand Prix,vergne,toro_rosso,19,13,0.0,Finished,53
2012,15,Japanese Grand Prix,bruno_senna,williams,16,14,0.0,Finished,53
2012,15,Japanese Grand Prix,kovalainen,caterham,17,15,0.0,+1 Lap,52
2012,15,Japanese Grand Prix,glock,marussia,18,16,0.0,+1 Lap,52
2012,15,Japanese Grand Prix,petrov,caterham,22,17,0.0,+1 Lap,52
2012,15,Japanese Grand Prix,rosa,hrt,20,18,0.0,+1 Lap,52
2012,15,Japanese Grand Prix,grosjean,lotus_f1,4,19,0.0,+2 Laps,51
2012,15,Japanese Grand Prix,pic,marussia,21,20,0.0,Engine,37
2012,15,Japanese Grand Prix,karthikeyan,hrt,24,21,0.0,Vibrations,32
2012,15,Japanese Grand Prix,perez,sauber,5,22,0.0,Spun off,18
2012,15,Japanese Grand Prix,alonso,ferrari,6,23,0.0,Collision,0
2012,15,Japanese Grand Prix,rosberg,mercedes,13,24,0.0,Collision,0
2012,16,Korean Grand Prix,vettel,red_bull,2,1,25.0,Finished,55
2012,16,Korean Grand Prix,webber,red_bull,1,2,18.0,Finished,55
2012,16,Korean Grand Prix,alonso,ferrari,4,3,15.0,Finished,55
2012,16,Korean Grand Prix,massa,ferrari,6,4,12.0,Finished,55
2012,16,Korean Grand Prix,raikkonen,lotus_f1,5,5,10.0,Finished,55
2012,16,Korean Grand Prix,hulkenberg,force_india,8,6,8.0,Finished,55
2012,16,Korean Grand Prix,grosjean,lotus_f1,7,7,6.0,Finished,55
2012,16,Korean Grand Prix,vergne,toro_rosso,16,8,4.0,Finished,55
2012,16,Korean Grand Prix,ricciardo,toro_rosso,21,9,2.0,Finished,55
2012,16,Korean Grand Prix,hamilton,mclaren,3,10,1.0,Finished,55
2012,16,Korean Grand Prix,perez,sauber,12,11,0.0,Finished,55
2012,16,Korean Grand Prix,resta,force_india,14,12,0.0,Finished,55
2012,16,Korean Grand Prix,michael_schumacher,mercedes,10,13,0.0,Finished,55
2012,16,Korean Grand Prix,maldonado,williams,15,14,0.0,Finished,55
2012,16,Korean Grand Prix,bruno_senna,williams,17,15,0.0,Finished,55
2012,16,Korean Grand Prix,petrov,caterham,18,16,0.0,+1 Lap,54
2012,16,Korean Grand Prix,kovalainen,caterham,19,17,0.0,+1 Lap,54
2012,16,Korean Grand Prix,glock,marussia,20,18,0.0,+1 Lap,54
2012,16,Korean Grand Prix,pic,marussia,24,19,0.0,+2 Laps,53
2012,16,Korean Grand Prix,karthikeyan,hrt,23,20,0.0,+2 Laps,53
2012,16,Korean Grand Prix,rosa,hrt,22,21,0.0,Throttle,16
2012,16,Korean Grand Prix,kobayashi,sauber,13,22,0.0,Collision damage,16
2012,16,Korean Grand Prix,rosberg,mercedes,9,23,0.0,Collision,1
2012,16,Korean Grand Prix,button,mclaren,11,24,0.0,Collision,0
2012,17,Indian Grand Prix,vettel,red_bull,1,1,25.0,Finished,60
2012,17,Indian Grand Prix,alonso,ferrari,5,2,18.0,Finished,60
2012,17,Indian Grand Prix,webber,red_bull,2,3,15.0,Finished,60
2012,17,Indian Grand Prix,hamilton,mclaren,3,4,12.0,Finished,60
2012,17,Indian Grand Prix,button,mclaren,4,5,10.0,Finished,60
2012,17,Indian Grand Prix,massa,ferrari,6,6,8.0,Finished,60
2012,17,Indian Grand Prix,raikkonen,lotus_f1,7,7,6.0,Finished,60
2012,17,Indian Grand Prix,hulkenberg,force_india,12,8,4.0,Finished,60
2012,17,Indian Grand Prix,grosjean,lotus_f1,11,9,2.0,Finished,60
2012,17,Indian Grand Prix,bruno_senna,williams,13,10,1.0,Finished,60
2012,17,Indian Grand Prix,rosberg,mercedes,10,11,0.0,Finished,60
2012,17,Indian Grand Prix,resta,force_india,16,12,0.0,Finished,60
2012,17,Indian Grand Prix,ricciardo,toro_rosso,15,13,0.0,Finished,60
2012,17,Indian Grand Prix,kobayashi,sauber,17,14,0.0,Finished,60
2012,17,Indian Grand Prix,vergne,toro_rosso,18,15,0.0,+1 Lap,59
2012,17,Indian Grand Prix,maldonado,williams,9,16,0.0,+1 Lap,59
2012,17,Indian Grand Prix,petrov,caterham,19,17,0.0,+1 Lap,59
2012,17,Indian Grand Prix,kovalainen,caterham,20,18,0.0,+1 Lap,59
2012,17,Indian Grand Prix,pic,marussia,24,19,0.0,+1 Lap,59
2012,17,Indian Grand Prix,glock,marussia,21,20,0.0,+2 Laps,58
2012,17,Indian Grand Prix,karthikeyan,hrt,23,21,0.0,+2 Laps,58
2012,17,Indian Grand Prix,michael_schumacher,mercedes,14,22,0.0,Retired,55
2012,17,Indian Grand Prix,rosa,hrt,22,23,0.0,Accident,43
2012,17,Indian Grand Prix,perez,sauber,8,24,0.0,Accident,21
2012,18,Abu Dhabi Grand Prix,raikkonen,lotus_f1,4,1,25.0,Finished,55
2012,18,Abu Dhabi Grand Prix,alonso,ferrari,6,2,18.0,Finished,55
2012,18,Abu Dhabi Grand Prix,vettel,red_bull,24,3,15.0,Finished,55
2012,18,Abu Dhabi Grand Prix,button,mclaren,5,4,12.0,Finished,55
2012,18,Abu Dhabi Grand Prix,maldonado,williams,3,5,10.0,Finished,55
2012,18,Abu Dhabi Grand Prix,kobayashi,sauber,15,6,8.0,Finished,55
2012,18,Abu Dhabi Grand Prix,massa,ferrari,8,7,6.0,Finished,55
2012,18,Abu Dhabi Grand Prix,bruno_senna,williams,14,8,4.0,Finished,55
2012,18,Abu Dhabi Grand Prix,resta,force_india,12,9,2.0,Finished,55
2012,18,Abu Dhabi Grand Prix,ricciardo,toro_rosso,16,10,1.0,Finished,55
2012,18,Abu Dhabi Grand Prix,michael_schumacher,mercedes,13,11,0.0,Finished,55
2012,18,Abu Dhabi Grand Prix,vergne,toro_rosso,17,12,0.0,Finished,55
2012,18,Abu Dhabi Grand Prix,kovalainen,caterham,18,13,0.0,Finished,55
2012,18,Abu Dhabi Grand Prix,glock,marussia,21,14,0.0,Finished,55
2012,18,Abu Dhabi Grand Prix,perez,sauber,11,15,0.0,Finished,55
2012,18,Abu Dhabi Grand Prix,petrov,caterham,20,16,0.0,Finished,55
2012,18,Abu Dhabi Grand Prix,rosa,hrt,22,17,0.0,Finished,55
2012,18,Abu Dhabi Grand Prix,pic,marussia,19,18,0.0,Retired,41
2012,18,Abu Dhabi Grand Prix,grosjean,lotus_f1,9,19,0.0,Collision,37
2012,18,Abu Dhabi Grand Prix,webber,red_bull,2,20,0.0,Collision,37
2012,18,Abu Dhabi Grand Prix,hamilton,mclaren,1,21,0.0,Electrical,19
2012,18,Abu Dhabi Grand Prix,karthikeyan,hrt,23,22,0.0,Collision,7
2012,18,Abu Dhabi Grand Prix,rosberg,mercedes,7,23,0.0,Collision,7
2012,18,Abu Dhabi Grand Prix,hulkenberg,force_india,10,24,0.0,Collision,0
2012,19,United States Grand Prix,hamilton,mclaren,2,1,25.0,Finished,56
2012,19,United States Grand Prix,vettel,red_bull,1,2,18.0,Finished,56
2012,19,United States Grand Prix,alonso,ferrari,7,3,15.0,Finished,56
2012,19,United States Grand Prix,massa,ferrari,11,4,12.0,Finished,56
2012,19,United States Grand Prix,button,mclaren,12,5,10.0,Finished,56
2012,19,United States Grand Prix,raikkonen,lotus_f1,4,6,8.0,Finished,56
2012,19,United States Grand Prix,grosjean,lotus_f1,8,7,6.0,Finished,56
2012,19,United States Grand Prix,hulkenberg,force_india,6,8,4.0,Finished,56
2012,19,United States Grand Prix,maldonado,williams,9,9,2.0,Finished,56
2012,19,United States Grand Prix,bruno_senna,williams,10,10,1.0,Finished,56
2012,19,United States Grand Prix,perez,sauber,15,11,0.0,Finished,56
2012,19,United States Grand Prix,ricciardo,toro_rosso,18,12,0.0,Finished,56
2012,19,United States Grand Prix,rosberg,mercedes,17,13,0.0,Finished,56
2012,19,United States Grand Prix,kobayashi,sauber,16,14,0.0,+1 Lap,55
2012,19,United States Grand Prix,resta,force_india,13,15,0.0,+1 Lap,55
2012,19,United States Grand Prix,michael_schumacher,mercedes,5,16,0.0,+1 Lap,55
2012,19,United States Grand Prix,petrov,caterham,21,17,0.0,+1 Lap,55
2012,19,United States Grand Prix,kovalainen,caterham,22,18,0.0,+1 Lap,55
2012,19,United States Grand Prix,glock,marussia,19,19,0.0,+1 Lap,55
2012,19,United States Grand Prix,pic,marussia,20,20,0.0,+2 Laps,54
2012,19,United States Grand Prix,rosa,hrt,23,21,0.0,+2 Laps,54
2012,19,United States Grand Prix,karthikeyan,hrt,24,22,0.0,+2 Laps,54
2012,19,United States Grand Prix,webber,red_bull,3,23,0.0,Alternator,16
2012,19,United States Grand Prix,vergne,toro_rosso,14,24,0.0,Suspension,14
2012,20,Brazilian Grand Prix,button,mclaren,2,1,25.0,Finished,71
2012,20,Brazilian Grand Prix,alonso,ferrari,7,2,18.0,Finished,71
2012,20,Brazilian Grand Prix,massa,ferrari,5,3,15.0,Finished,71
2012,20,Brazilian Grand Prix,webber,red_bull,3,4,12.0,Finished,71
2012,20,Brazilian Grand Prix,hulkenberg,force_india,6,5,10.0,Finished,71
2012,20,Brazilian Grand Prix,vettel,red_bull,4,6,8.0,Finished,71
2012,20,Brazilian Grand Prix,michael_schumacher,mercedes,13,7,6.0,Finished,71
2012,20,Brazilian Grand Prix,vergne,toro_rosso,17,8,4.0,Finished,71
2012,20,Brazilian Grand Prix,kobayashi,sauber,14,9,2.0,Finished,71
2012,20,Brazilian Grand Prix,raikkonen,lotus_f1,8,10,1.0,+1 Lap,70
2012,20,Brazilian Grand Prix,petrov,caterham,19,11,0.0,+1 Lap,70
2012,20,Brazilian Grand Prix,pic,marussia,22,12,0.0,+1 Lap,70
2012,20,Brazilian Grand Prix,ricciardo,toro_rosso,15,13,0.0,+1 Lap,70
2012,20,Brazilian Grand Prix,kovalainen,caterham,20,14,0.0,+1 Lap,70
2012,20,Brazilian Grand Prix,rosberg,mercedes,9,15,0.0,+1 Lap,70
2012,20,Brazilian Grand Prix,glock,marussia,21,16,0.0,+1 Lap,70
2012,20,Brazilian Grand Prix,rosa,hrt,24,17,0.0,+2 Laps,69
2012,20,Brazilian Grand Prix,karthikeyan,hrt,23,18,0.0,+2 Laps,69
2012,20,Brazilian Grand Prix,resta,force_india,10,19,0.0,Accident,68
2012,20,Brazilian Grand Prix,hamilton,mclaren,1,20,0.0,Collision,54
2012,20,Brazilian Grand Prix,grosjean,lotus_f1,18,21,0.0,Accident,5
2012,20,Brazilian Grand Prix,maldonado,williams,16,22,0.0,Collision,1
2012,20,Brazilian Grand Prix,bruno_senna,williams,11,23,0.0,Collision,0
2012,20,Brazilian Grand Prix,perez,sauber,12,24,0.0,Collision,0
2013,1,Australian Grand Prix,raikkonen,lotus_f1,7,1,25.0,Finished,58
2013,1,Australian Grand Prix,alonso,ferrari,5,2,18.0,Finished,58
2013,1,Australian Grand Prix,vettel,red_bull,1,3,15.0,Finished,58
2013,1,Australian Grand Prix,massa,ferrari,4,4,12.0,Finished,58
2013,1,Australian Grand Prix,hamilton,mercedes,3,5,10.0,Finished,58
2013,1,Australian Grand Prix,webber,red_bull,2,6,8.0,Finished,58
2013,1,Australian Grand Prix,sutil,force_india,12,7,6.0,Finished,58
2013,1,Australian Grand Prix,resta,force_india,9,8,4.0,Finished,58
2013,1,Australian Grand Prix,button,mclaren,10,9,2.0,Finished,58
2013,1,Australian Grand Prix,grosjean,lotus_f1,8,10,1.0,Finished,58
2013,1,Australian Grand Prix,perez,mclaren,15,11,0.0,Finished,58
2013,1,Australian Grand Prix,vergne,toro_rosso,13,12,0.0,Finished,58
2013,1,Australian Grand Prix,gutierrez,sauber,18,13,0.0,+1 Lap,57
2013,1,Australian Grand Prix,bottas,williams,16,14,0.0,+1 Lap,57
2013,1,Australian Grand Prix,jules_bianchi,marussia,19,15,0.0,+1 Lap,57
2013,1,Australian Grand Prix,pic,caterham,22,16,0.0,+2 Laps,56
2013,1,Australian Grand Prix,chilton,marussia,20,17,0.0,+2 Laps,56
2013,1,Australian Grand Prix,garde,caterham,21,18,0.0,+2 Laps,56
2013,1,Australian Grand Prix,ricciardo,toro_rosso,14,19,0.0,Hydraulics,39
2013,1,Australian Grand Prix,rosberg,mercedes,6,20,0.0,Electrical,26
2013,1,Australian Grand Prix,maldonado,williams,17,21,0.0,Spun off,24
2013,1,Australian Grand Prix,hulkenberg,sauber,11,22,0.0,Fuel system,0
2013,2,Malaysian Grand Prix,vettel,red_bull,1,1,25.0,Finished,56
2013,2,Malaysian Grand Prix,webber,red_bull,5,2,18.0,Finished,56
2013,2,Malaysian Grand Prix,hamilton,mercedes,4,3,15.0,Finished,56
2013,2,Malaysian Grand Prix,rosberg,mercedes,6,4,12.0,Finished,56
2013,2,Malaysian Grand Prix,massa,ferrari,2,5,10.0,Finished,56
2013,2,Malaysian Grand Prix,grosjean,lotus_f1,11,6,8.0,Finished,56
2013,2,Malaysian Grand Prix,raikkonen,lotus_f1,10,7,6.0,Finished,56
2013,2,Malaysian Grand Prix,hulkenberg,sauber,12,8,4.0,Finished,56
2013,2,Malaysian Grand Prix,perez,mclaren,9,9,2.0,Finished,56
2013,2,Malaysian Grand Prix,vergne,toro_rosso,17,10,1.0,Finished,56
2013,2,Malaysian Grand Prix,bottas,williams,18,11,0.0,Finished,56
2013,2,Malaysian Grand Prix,gutierrez,sauber,14,12,0.0,+1 Lap,55
2013,2,Malaysian Grand Prix,jules_bianchi,marussia,19,13,0.0,+1 Lap,55
2013,2,Malaysian Grand Prix,pic,caterham,20,14,0.0,+1 Lap,55
2013,2,Malaysian Grand Prix,garde,caterham,22,15,0.0,+1 Lap,55
2013,2,Malaysian Grand Prix,chilton,marussia,21,16,0.0,+2 Laps,54
2013,2,Malaysian Grand Prix,button,mclaren,7,17,0.0,Withdrew,53
2013,2,Malaysian Grand Prix,ricciardo,toro_rosso,13,18,0.0,Retired,51
2013,2,Malaysian Grand Prix,maldonado,williams,16,19,0.0,Retired,45
2013,2,Malaysian Grand Prix,sutil,force_india,8,20,0.0,Wheel nut,27
2013,2,Malaysian Grand Prix,resta,force_india,15,21,0.0,Wheel nut,22
2013,2,Malaysian Grand Prix,alonso,ferrari,3,22,0.0,Collision,1
2013,3,Chinese Grand Prix,alonso,ferrari,3,1,25.0,Finished,56
2013,3,Chinese Grand Prix,raikkonen,lotus_f1,2,2,18.0,Finished,56
2013,3,Chinese Grand Prix,hamilton,mercedes,1,3,15.0,Finished,56
2013,3,Chinese Grand Prix,vettel,red_bull,9,4,12.0,Finished,56
2013,3,Chinese Grand Prix,button,mclaren,8,5,10.0,Finished,56
2013,3,Chinese Grand Prix,massa,ferrari,5,6,8.0,Finished,56
2013,3,Chinese Grand Prix,ricciardo,toro_rosso,7,7,6.0,Finished,56
2013,3,Chinese Grand Prix,resta,force_india,11,8,4.0,Finished,56
2013,3,Chinese Grand Prix,grosjean,lotus_f1,6,9,2.0,Finished,56
2013,3,Chinese Grand Prix,hulkenberg,sauber,10,10,1.0,Finished,56
2013,3,Chinese Grand Prix,perez,mclaren,12,11,0.0,Finished,56
2013,3,Chinese Grand Prix,vergne,toro_rosso,15,12,0.0,Finished,56
2013,3,Chinese Grand Prix,bottas,williams,16,13,0.0,Finished,56
2013,3,Chinese Grand Prix,maldonado,williams,14,14,0.0,Finished,56
2013,3,Chinese Grand Prix,jules_bianchi,marussia,18,15,0.0,+1 Lap,55
2013,3,Chinese Grand Prix,pic,caterham,20,16,0.0,+1 Lap,55
2013,3,Chinese Grand Prix,chilton,marussia,19,17,0.0,+1 Lap,55
2013,3,Chinese Grand Prix,garde,caterham,21,18,0.0,+1 Lap,55
2013,3,Chinese Grand Prix,rosberg,mercedes,4,19,0.0,Suspension,21
2013,3,Chinese Grand Prix,webber,red_bull,22,20,0.0,Wheel,15
2013,3,Chinese Grand Prix,sutil,force_india,13,21,0.0,Collision,5
2013,3,Chinese Grand Prix,gutierrez,sauber,17,22,0.0,Collision,4
2013,4,Bahrain Grand Prix,vettel,red_bull,2,1,25.0,Finished,57
2013,4,Bahrain Grand Prix,raikkonen,lotus_f1,8,2,18.0,Finished,57
2013,4,Bahrain Grand Prix,grosjean,lotus_f1,11,3,15.0,Finished,57
2013,4,Bahrain Grand Prix,resta,force_india,5,4,12.0,Finished,57
2013,4,Bahrain Grand Prix,hamilton,mercedes,9,5,10.0,Finished,57
2013,4,Bahrain Grand Prix,perez,mclaren,12,6,8.0,Finished,57
2013,4,Bahrain Grand Prix,webber,red_bull,7,7,6.0,Finished,57
2013,4,Bahrain Grand Prix,alonso,ferrari,3,8,4.0,Finished,57
2013,4,Bahrain Grand Prix,rosberg,mercedes,1,9,2.0,Finished,57
2013,4,Bahrain Grand Prix,button,mclaren,10,10,1.0,Finished,57
2013,4,Bahrain Grand Prix,maldonado,williams,17,11,0.0,Finished,57
2013,4,Bahrain Grand Prix,hulkenberg,sauber,14,12,0.0,Finished,57
2013,4,Bahrain Grand Prix,sutil,force_india,6,13,0.0,Finished,57
2013,4,Bahrain Grand Prix,bottas,williams,15,14,0.0,Finished,57
2013,4,Bahrain Grand Prix,massa,ferrari,4,15,0.0,Finished,57
2013,4,Bahrain Grand Prix,ricciardo,toro_rosso,13,16,0.0,+1 Lap,56
2013,4,Bahrain Grand Prix,pic,caterham,18,17,0.0,+1 Lap,56
2013,4,Bahrain Grand Prix,gutierrez,sauber,22,18,0.0,+1 Lap,56
2013,4,Bahrain Grand Prix,jules_bianchi,marussia,19,19,0.0,+1 Lap,56
2013,4,Bahrain Grand Prix,chilton,marussia,21,20,0.0,+1 Lap,56
2013,4,Bahrain Grand Prix,garde,caterham,20,21,0.0,+2 Laps,55
2013,4,Bahrain Grand Prix,vergne,toro_rosso,16,22,0.0,Puncture,16
2013,5,Spanish Grand Prix,alonso,ferrari,5,1,25.0,Finished,66
2013,5,Spanish Grand Prix,raikkonen,lotus_f1,4,2,18.0,Finished,66
2013,5,Spanish Grand Prix,massa,ferrari,9,3,15.0,Finished,66
2013,5,Spanish Grand Prix,vettel,red_bull,3,4,12.0,Finished,66
2013,5,Spanish Grand Prix,webber,red_bull,7,5,10.0,Finished,66
2013,5,Spanish Grand Prix,rosberg,mercedes,1,6,8.0,Finished,66
2013,5,Spanish Grand Prix,resta,force_india,10,7,6.0,Finished,66
2013,5,Spanish Grand Prix,button,mclaren,14,8,4.0,Finished,66
2013,5,Spanish Grand Prix,perez,mclaren,8,9,2.0,Finished,66
2013,5,Spanish Grand Prix,ricciardo,toro_rosso,11,10,1.0,+1 Lap,65
2013,5,Spanish Grand Prix,gutierrez,sauber,19,11,0.0,+1 Lap,65
2013,5,Spanish Grand Prix,hamilton,mercedes,2,12,0.0,+1 Lap,65
2013,5,Spanish Grand Prix,sutil,force_india,13,13,0.0,+1 Lap,65
2013,5,Spanish Grand Prix,maldonado,williams,17,14,0.0,+1 Lap,65
2013,5,Spanish Grand Prix,hulkenberg,sauber,15,15,0.0,+1 Lap,65
2013,5,Spanish Grand Prix,bottas,williams,16,16,0.0,+1 Lap,65
2013,5,Spanish Grand Prix,pic,caterham,22,17,0.0,+1 Lap,65
2013,5,Spanish Grand Prix,jules_bianchi,marussia,20,18,0.0,+2 Laps,64
2013,5,Spanish Grand Prix,chilton,marussia,21,19,0.0,+2 Laps,64
2013,5,Spanish Grand Prix,vergne,toro_rosso,12,20,0.0,Accident,52
2013,5,Spanish Grand Prix,garde,caterham,18,21,0.0,Wheel,21
2013,5,Spanish Grand Prix,grosjean,lotus_f1,6,22,0.0,Suspension,8
2013,6,Monaco Grand Prix,rosberg,mercedes,1,1,25.0,Finished,78
2013,6,Monaco Grand Prix,vettel,red_bull,3,2,18.0,Finished,78
2013,6,Monaco Grand Prix,webber,red_bull,4,3,15.0,Finished,78
2013,6,Monaco Grand Prix,hamilton,mercedes,2,4,12.0,Finished,78
2013,6,Monaco Grand Prix,sutil,force_india,8,5,10.0,Finished,78
2013,6,Monaco Grand Prix,button,mclaren,9,6,8.0,Finished,78
2013,6,Monaco Grand Prix,alonso,ferrari,6,7,6.0,Finished,78
2013,6,Monaco Grand Prix,vergne,toro_rosso,10,8,4.0,Finished,78
2013,6,Monaco Grand Prix,resta,force_india,17,9,2.0,Finished,78
2013,6,Monaco Grand Prix,raikkonen,lotus_f1,5,10,1.0,Finished,78
2013,6,Monaco Grand Prix,hulkenberg,sauber,11,11,0.0,Finished,78
2013,6,Monaco Grand Prix,bottas,williams,14,12,0.0,Finished,78
2013,6,Monaco Grand Prix,gutierrez,sauber,19,13,0.0,Finished,78
2013,6,Monaco Grand Prix,chilton,marussia,22,14,0.0,Finished,78
2013,6,Monaco Grand Prix,garde,caterham,15,15,0.0,Finished,78
2013,6,Monaco Grand Prix,perez,mclaren,7,16,0.0,Suspension,72
2013,6,Monaco Grand Prix,grosjean,lotus_f1,13,17,0.0,Collision,63
2013,6,Monaco Grand Prix,ricciardo,toro_rosso,12,18,0.0,Collision,61
2013,6,Monaco Grand Prix,jules_bianchi,marussia,20,19,0.0,Brakes,58
2013,6,Monaco Grand Prix,maldonado,williams,16,20,0.0,Collision,44
2013,6,Monaco Grand Prix,massa,ferrari,21,21,0.0,Accident,28
2013,6,Monaco Grand Prix,pic,caterham,18,22,0.0,Gearbox,7
2013,7,Canadian Grand Prix,vettel,red_bull,1,1,25.0,Finished,70
2013,7,Canadian Grand Prix,alonso,ferrari,6,2,18.0,Finished,70
2013,7,Canadian Grand Prix,hamilton,mercedes,2,3,15.0,Finished,70
2013,7,Canadian Grand Prix,webber,red_bull,5,4,12.0,Finished,70
2013,7,Canadian Grand Prix,rosberg,mercedes,4,5,10.0,Finished,70
2013,7,Canadian Grand Prix,vergne,toro_rosso,7,6,8.0,+1 Lap,69
2013,7,Canadian Grand Prix,resta,force_india,17,7,6.0,+1 Lap,69
2013,7,Canadian Grand Prix,massa,ferrari,16,8,4.0,+1 Lap,69
2013,7,Canadian Grand Prix,raikkonen,lotus_f1,10,9,2.0,+1 Lap,69
2013,7,Canadian Grand Prix,sutil,force_india,8,10,1.0,+1 Lap,69
2013,7,Canadian Grand Prix,perez,mclaren,12,11,0.0,+1 Lap,69
2013,7,Canadian Grand Prix,button,mclaren,14,12,0.0,+1 Lap,69
2013,7,Canadian Grand Prix,grosjean,lotus_f1,22,13,0.0,+1 Lap,69
2013,7,Canadian Grand Prix,bottas,williams,3,14,0.0,+1 Lap,69
2013,7,Canadian Grand Prix,ricciardo,toro_rosso,11,15,0.0,+2 Laps,68
2013,7,Canadian Grand Prix,maldonado,williams,13,16,0.0,+2 Laps,68
2013,7,Canadian Grand Prix,jules_bianchi,marussia,19,17,0.0,+2 Laps,68
2013,7,Canadian Grand Prix,pic,caterham,18,18,0.0,+3 Laps,67
2013,7,Canadian Grand Prix,chilton,marussia,20,19,0.0,+3 Laps,67
2013,7,Canadian Grand Prix,gutierrez,sauber,15,20,0.0,Accident,63
2013,7,Canadian Grand Prix,hulkenberg,sauber,9,21,0.0,Collision,45
2013,7,Canadian Grand Prix,garde,caterham,21,22,0.0,Collision,43
2013,8,British Grand Prix,rosberg,mercedes,2,1,25.0,Finished,52
2013,8,British Grand Prix,webber,red_bull,4,2,18.0,Finished,52
2013,8,British Grand Prix,alonso,ferrari,9,3,15.0,Finished,52
2013,8,British Grand Prix,hamilton,mercedes,1,4,12.0,Finished,52
2013,8,British Grand Prix,raikkonen,lotus_f1,8,5,10.0,Finished,52
2013,8,British Grand Prix,massa,ferrari,11,6,8.0,Finished,52
2013,8,British Grand Prix,sutil,force_india,6,7,6.0,Finished,52
2013,8,British Grand Prix,ricciardo,toro_rosso,5,8,4.0,Finished,52
2013,8,British Grand Prix,resta,force_india,21,9,2.0,Finished,52
2013,8,British Grand Prix,hulkenberg,sauber,14,10,1.0,Finished,52
2013,8,British Grand Prix,maldonado,williams,15,11,0.0,Finished,52
2013,8,British Grand Prix,bottas,williams,16,12,0.0,Finished,52
2013,8,British Grand Prix,button,mclaren,10,13,0.0,Finished,52
2013,8,British Grand Prix,gutierrez,sauber,17,14,0.0,Finished,52
2013,8,British Grand Prix,pic,caterham,18,15,0.0,Finished,52
2013,8,British Grand Prix,jules_bianchi,marussia,19,16,0.0,Finished,52
2013,8,British Grand Prix,chilton,marussia,20,17,0.0,Finished,52
2013,8,British Grand Prix,garde,caterham,22,18,0.0,Finished,52
2013,8,British Grand Prix,grosjean,lotus_f1,7,19,0.0,Retired,51
2013,8,British Grand Prix,perez,mclaren,13,20,0.0,Wheel,46
2013,8,British Grand Prix,vettel,red_bull,3,21,0.0,Gearbox,41
2013,8,British Grand Prix,vergne,toro_rosso,12,22,0.0,Tyre,35
2013,9,German Grand Prix,vettel,red_bull,2,1,25.0,Finished,60
2013,9,German Grand Prix,raikkonen,lotus_f1,4,2,18.0,Finished,60
2013,9,German Grand Prix,grosjean,lotus_f1,5,3,15.0,Finished,60
2013,9,German Grand Prix,alonso,ferrari,8,4,12.0,Finished,60
2013,9,German Grand Prix,hamilton,mercedes,1,5,10.0,Finished,60
2013,9,German Grand Prix,button,mclaren,9,6,8.0,Finished,60
2013,9,German Grand Prix,webber,red_bull,3,7,6.0,Finished,60
2013,9,German Grand Prix,perez,mclaren,13,8,4.0,Finished,60
2013,9,German Grand Prix,rosberg,mercedes,11,9,2.0,Finished,60
2013,9,German Grand Prix,hulkenberg,sauber,10,10,1.0,Finished,60
2013,9,German Grand Prix,resta,force_india,12,11,0.0,Finished,60
2013,9,German Grand Prix,ricciardo,toro_rosso,6,12,0.0,Finished,60
2013,9,German Grand Prix,sutil,force_india,15,13,0.0,Finished,60
2013,9,German Grand Prix,gutierrez,sauber,14,14,0.0,Finished,60
2013,9,German Grand Prix,maldonado,williams,18,15,0.0,Finished,60
2013,9,German Grand Prix,bottas,williams,17,16,0.0,+1 Lap,59
2013,9,German Grand Prix,pic,caterham,22,17,0.0,+1 Lap,59
2013,9,German Grand Prix,garde,caterham,20,18,0.0,+1 Lap,59
2013,9,German Grand Prix,chilton,marussia,21,19,0.0,+1 Lap,59
2013,9,German Grand Prix,vergne,toro_rosso,16,20,0.0,Hydraulics,22
2013,9,German Grand Prix,jules_bianchi,marussia,19,21,0.0,Engine,21
2013,9,German Grand Prix,massa,ferrari,7,22,0.0,Spun off,3
2013,10,Hungarian Grand Prix,hamilton,mercedes,1,1,25.0,Finished,70
2013,10,Hungarian Grand Prix,raikkonen,lotus_f1,6,2,18.0,Finished,70
2013,10,Hungarian Grand Prix,vettel,red_bull,2,3,15.0,Finished,70
2013,10,Hungarian Grand Prix,webber,red_bull,10,4,12.0,Finished,70
2013,10,Hungarian Grand Prix,alonso,ferrari,5,5,10.0,Finished,70
2013,10,Hungarian Grand Prix,grosjean,lotus_f1,3,6,8.0,Finished,70
2013,10,Hungarian Grand Prix,button,mclaren,13,7,6.0,Finished,70
2013,10,Hungarian Grand Prix,massa,ferrari,7,8,4.0,Finished,70
2013,10,Hungarian Grand Prix,perez,mclaren,9,9,2.0,+1 Lap,69
2013,10,Hungarian Grand Prix,maldonado,williams,15,10,1.0,+1 Lap,69
2013,10,Hungarian Grand Prix,hulkenberg,sauber,12,11,0.0,+1 Lap,69
2013,10,Hungarian Grand Prix,vergne,toro_rosso,14,12,0.0,+1 Lap,69
2013,10,Hungarian Grand Prix,ricciardo,toro_rosso,8,13,0.0,+1 Lap,69
2013,10,Hungarian Grand Prix,garde,caterham,20,14,0.0,+2 Laps,68
2013,10,Hungarian Grand Prix,pic,caterham,19,15,0.0,+2 Laps,68
2013,10,Hungarian Grand Prix,jules_bianchi,marussia,21,16,0.0,+3 Laps,67
2013,10,Hungarian Grand Prix,chilton,marussia,22,17,0.0,+3 Laps,67
2013,10,Hungarian Grand Prix,resta,force_india,18,18,0.0,Hydraulics,66
2013,10,Hungarian Grand Prix,rosberg,mercedes,4,19,0.0,Engine,64
2013,10,Hungarian Grand Prix,bottas,williams,16,20,0.0,Hydraulics,42
2013,10,Hungarian Grand Prix,gutierrez,sauber,17,21,0.0,Transmission,28
2013,10,Hungarian Grand Prix,sutil,force_india,11,22,0.0,Hydraulics,19
2013,11,Belgian Grand Prix,vettel,red_bull,2,1,25.0,Finished,44
2013,11,Belgian Grand Prix,alonso,ferrari,9,2,18.0,Finished,44
2013,11,Belgian Grand Prix,hamilton,mercedes,1,3,15.0,Finished,44
2013,11,Belgian Grand Prix,rosberg,mercedes,4,4,12.0,Finished,44
2013,11,Belgian Grand Prix,webber,red_bull,3,5,10.0,Finished,44
2013,11,Belgian Grand Prix,button,mclaren,6,6,8.0,Finished,44
2013,11,Belgian Grand Prix,massa,ferrari,10,7,6.0,Finished,44
2013,11,Belgian Grand Prix,grosjean,lotus_f1,7,8,4.0,Finished,44
2013,11,Belgian Grand Prix,sutil,force_india,12,9,2.0,Finished,44
2013,11,Belgian Grand Prix,ricciardo,toro_rosso,19,10,1.0,Finished,44
2013,11,Belgian Grand Prix,perez,mclaren,13,11,0.0,Finished,44
2013,11,Belgian Grand Prix,vergne,toro_rosso,18,12,0.0,Finished,44
2013,11,Belgian Grand Prix,hulkenberg,sauber,11,13,0.0,Finished,44
2013,11,Belgian Grand Prix,gutierrez,sauber,21,14,0.0,Finished,44
2013,11,Belgian Grand Prix,bottas,williams,20,15,0.0,Finished,44
2013,11,Belgian Grand Prix,garde,caterham,14,16,0.0,+1 Lap,43
2013,11,Belgian Grand Prix,maldonado,williams,17,17,0.0,+1 Lap,43
2013,11,Belgian Grand Prix,jules_bianchi,marussia,15,18,0.0,+1 Lap,43
2013,11,Belgian Grand Prix,chilton,marussia,16,19,0.0,+2 Laps,42
2013,11,Belgian Grand Prix,resta,force_india,5,20,0.0,Collision,26
2013,11,Belgian Grand Prix,raikkonen,lotus_f1,8,21,0.0,Brakes,25
2013,11,Belgian Grand Prix,pic,caterham,22,22,0.0,Oil leak,8
2013,12,Italian Grand Prix,vettel,red_bull,1,1,25.0,Finished,53
2013,12,Italian Grand Prix,alonso,ferrari,5,2,18.0,Finished,53
2013,12,Italian Grand Prix,webber,red_bull,2,3,15.0,Finished,53
2013,12,Italian Grand Prix,massa,ferrari,4,4,12.0,Finished,53
2013,12,Italian Grand Prix,hulkenberg,sauber,3,5,10.0,Finished,53
2013,12,Italian Grand Prix,rosberg,mercedes,6,6,8.0,Finished,53
2013,12,Italian Grand Prix,ricciardo,toro_rosso,7,7,6.0,Finished,53
2013,12,Italian Grand Prix,grosjean,lotus_f1,13,8,4.0,Finished,53
2013,12,Italian Grand Prix,hamilton,mercedes,12,9,2.0,Finished,53
2013,12,Italian Grand Prix,button,mclaren,9,10,1.0,Finished,53
2013,12,Italian Grand Prix,raikkonen,lotus_f1,11,11,0.0,Finished,53
2013,12,Italian Grand Prix,perez,mclaren,8,12,0.0,Finished,53
2013,12,Italian Grand Prix,gutierrez,sauber,16,13,0.0,Finished,53
2013,12,Italian Grand Prix,maldonado,williams,14,14,0.0,Finished,53
2013,12,Italian Grand Prix,bottas,williams,18,15,0.0,Finished,53
2013,12,Italian Grand Prix,sutil,force_india,17,16,0.0,+1 Lap,52
2013,12,Italian Grand Prix,pic,caterham,20,17,0.0,+1 Lap,52
2013,12,Italian Grand Prix,garde,caterham,19,18,0.0,+1 Lap,52
2013,12,Italian Grand Prix,jules_bianchi,marussia,21,19,0.0,+1 Lap,52
2013,12,Italian Grand Prix,chilton,marussia,22,20,0.0,+1 Lap,52
2013,12,Italian Grand Prix,vergne,toro_rosso,10,21,0.0,Transmission,14
2013,12,Italian Grand Prix,resta,force_india,15,22,0.0,Accident,0
2013,13,Singapore Grand Prix,vettel,red_bull,1,1,25.0,Finished,61
2013,13,Singapore Grand Prix,alonso,ferrari,7,2,18.0,Finished,61
2013,13,Singapore Grand Prix,raikkonen,lotus_f1,13,3,15.0,Finished,61
2013,13,Singapore Grand Prix,rosberg,mercedes,2,4,12.0,Finished,61
2013,13,Singapore Grand Prix,hamilton,mercedes,5,5,10.0,Finished,61
2013,13,Singapore Grand Prix,massa,ferrari,6,6,8.0,Finished,61
2013,13,Singapore Grand Prix,button,mclaren,8,7,6.0,Finished,61
2013,13,Singapore Grand Prix,perez,mclaren,14,8,4.0,Finished,61
2013,13,Singapore Grand Prix,hulkenberg,sauber,11,9,2.0,Finished,61
2013,13,Singapore Grand Prix,sutil,force_india,15,10,1.0,Finished,61
2013,13,Singapore Grand Prix,maldonado,williams,18,11,0.0,Finished,61
2013,13,Singapore Grand Prix,gutierrez,sauber,10,12,0.0,Finished,61
2013,13,Singapore Grand Prix,bottas,williams,16,13,0.0,Finished,61
2013,13,Singapore Grand Prix,vergne,toro_rosso,12,14,0.0,Finished,61
2013,13,Singapore Grand Prix,webber,red_bull,4,15,0.0,Water pressure,60
2013,13,Singapore Grand Prix,garde,caterham,20,16,0.0,+1 Lap,60
2013,13,Singapore Grand Prix,chilton,marussia,22,17,0.0,+1 Lap,60
2013,13,Singapore Grand Prix,jules_bianchi,marussia,21,18,0.0,+1 Lap,60
2013,13,Singapore Grand Prix,pic,caterham,19,19,0.0,+1 Lap,60
2013,13,Singapore Grand Prix,resta,force_india,17,20,0.0,Accident,54
2013,13,Singapore Grand Prix,grosjean,lotus_f1,3,21,0.0,Pneumatics,37
2013,13,Singapore Grand Prix,ricciardo,toro_rosso,9,22,0.0,Accident,23
2013,14,Korean Grand Prix,vettel,red_bull,1,1,25.0,Finished,55
2013,14,Korean Grand Prix,raikkonen,lotus_f1,9,2,18.0,Finished,55
2013,14,Korean Grand Prix,grosjean,lotus_f1,3,3,15.0,Finished,55
2013,14,Korean Grand Prix,hulkenberg,sauber,7,4,12.0,Finished,55
2013,14,Korean Grand Prix,hamilton,mercedes,2,5,10.0,Finished,55
2013,14,Korean Grand Prix,alonso,ferrari,5,6,8.0,Finished,55
2013,14,Korean Grand Prix,rosberg,mercedes,4,7,6.0,Finished,55
2013,14,Korean Grand Prix,button,mclaren,11,8,4.0,Finished,55
2013,14,Korean Grand Prix,massa,ferrari,6,9,2.0,Finished,55
2013,14,Korean Grand Prix,perez,mclaren,10,10,1.0,Finished,55
2013,14,Korean Grand Prix,gutierrez,sauber,8,11,0.0,Finished,55
2013,14,Korean Grand Prix,bottas,williams,17,12,0.0,Finished,55
2013,14,Korean Grand Prix,maldonado,williams,18,13,0.0,Finished,55
2013,14,Korean Grand Prix,pic,caterham,19,14,0.0,Finished,55
2013,14,Korean Grand Prix,garde,caterham,20,15,0.0,Finished,55
2013,14,Korean Grand Prix,jules_bianchi,marussia,22,16,0.0,Finished,55
2013,14,Korean Grand Prix,chilton,marussia,21,17,0.0,Finished,55
2013,14,Korean Grand Prix,vergne,toro_rosso,16,18,0.0,+2 Laps,53
2013,14,Korean Grand Prix,ricciardo,toro_rosso,12,19,0.0,+3 Laps,52
2013,14,Korean Grand Prix,sutil,force_india,14,20,0.0,Collision,50
2013,14,Korean Grand Prix,webber,red_bull,13,21,0.0,Collision,36
2013,14,Korean Grand Prix,resta,force_india,15,22,0.0,Spun off,24
2013,15,Japanese Grand Prix,vettel,red_bull,2,1,25.0,Finished,53
2013,15,Japanese Grand Prix,webber,red_bull,1,2,18.0,Finished,53
2013,15,Japanese Grand Prix,grosjean,lotus_f1,4,3,15.0,Finished,53
2013,15,Japanese Grand Prix,alonso,ferrari,8,4,12.0,Finished,53
2013,15,Japanese Grand Prix,raikkonen,lotus_f1,9,5,10.0,Finished,53
2013,15,Japanese Grand Prix,hulkenberg,sauber,7,6,8.0,Finished,53
2013,15,Japanese Grand Prix,gutierrez,sauber,14,7,6.0,Finished,53
2013,15,Japanese Grand Prix,rosberg,mercedes,6,8,4.0,Finished,53
2013,15,Japanese Grand Prix,button,mclaren,10,9,2.0,Finished,53
2013,15,Japanese Grand Prix,massa,ferrari,5,10,1.0,Finished,53
2013,15,Japanese Grand Prix,resta,force_india,12,11,0.0,Finished,53
2013,15,Japanese Grand Prix,vergne,toro_rosso,17,12,0.0,+1 Lap,52
2013,15,Japanese Grand Prix,ricciardo,toro_rosso,16,13,0.0,+1 Lap,52
2013,15,Japanese Grand Prix,sutil,force_india,22,14,0.0,+1 Lap,52
2013,15,Japanese Grand Prix,perez,mclaren,11,15,0.0,+1 Lap,52
2013,15,Japanese Grand Prix,maldonado,williams,15,16,0.0,+1 Lap,52
2013,15,Japanese Grand Prix,bottas,williams,13,17,0.0,+1 Lap,52
2013,15,Japanese Grand Prix,pic,caterham,20,18,0.0,+1 Lap,52
2013,15,Japanese Grand Prix,chilton,marussia,18,19,0.0,+1 Lap,52
2013,15,Japanese Grand Prix,hamilton,mercedes,3,20,0.0,Puncture,7
2013,15,Japanese Grand Prix,garde,caterham,19,21,0.0,Accident,0
2013,15,Japanese Grand Prix,jules_bianchi,marussia,21,22,0.0,Accident,0
2013,16,Indian Grand Prix,vettel,red_bull,1,1,25.0,Finished,60
2013,16,Indian Grand Prix,rosberg,mercedes,2,2,18.0,Finished,60
2013,16,Indian Grand Prix,grosjean,lotus_f1,17,3,15.0,Finished,60
2013,16,Indian Grand Prix,massa,ferrari,5,4,12.0,Finished,60
2013,16,Indian Grand Prix,perez,mclaren,9,5,10.0,Finished,60
2013,16,Indian Grand Prix,hamilton,mercedes,3,6,8.0,Finished,60
2013,16,Indian Grand Prix,raikkonen,lotus_f1,6,7,6.0,Finished,60
2013,16,Indian Grand Prix,resta,force_india,12,8,4.0,Finished,60
2013,16,Indian Grand Prix,sutil,force_india,13,9,2.0,Finished,60
2013,16,Indian Grand Prix,ricciardo,toro_rosso,11,10,1.0,Finished,60
2013,16,Indian Grand Prix,alonso,ferrari,8,11,0.0,Finished,60
2013,16,Indian Grand Prix,maldonado,williams,18,12,0.0,Finished,60
2013,16,Indian Grand Prix,vergne,toro_rosso,14,13,0.0,+1 Lap,59
2013,16,Indian Grand Prix,button,mclaren,10,14,0.0,+1 Lap,59
2013,16,Indian Grand Prix,gutierrez,sauber,16,15,0.0,+1 Lap,59
2013,16,Indian Grand Prix,bottas,williams,15,16,0.0,+1 Lap,59
2013,16,Indian Grand Prix,chilton,marussia,22,17,0.0,+2 Laps,58
2013,16,Indian Grand Prix,jules_bianchi,marussia,19,18,0.0,+2 Laps,58
2013,16,Indian Grand Prix,hulkenberg,sauber,7,19,0.0,Mechanical,54
2013,16,Indian Grand Prix,webber,red_bull,4,20,0.0,Alternator,39
2013,16,Indian Grand Prix,pic,caterham,21,21,0.0,Hydraulics,35
2013,16,Indian Grand Prix,garde,caterham,20,22,0.0,Collision,1
2013,17,Abu Dhabi Grand Prix,vettel,red_bull,2,1,25.0,Finished,55
2013,17,Abu Dhabi Grand Prix,webber,red_bull,1,2,18.0,Finished,55
2013,17,Abu Dhabi Grand Prix,rosberg,mercedes,3,3,15.0,Finished,55
2013,17,Abu Dhabi Grand Prix,grosjean,lotus_f1,6,4,12.0,Finished,55
2013,17,Abu Dhabi Grand Prix,alonso,ferrari,10,5,10.0,Finished,55
2013,17,Abu Dhabi Grand Prix,resta,force_india,11,6,8.0,Finished,55
2013,17,Abu Dhabi Grand Prix,hamilton,mercedes,4,7,6.0,Finished,55
2013,17,Abu Dhabi Grand Prix,massa,ferrari,7,8,4.0,Finished,55
2013,17,Abu Dhabi Grand Prix,perez,mclaren,8,9,2.0,Finished,55
2013,17,Abu Dhabi Grand Prix,sutil,force_india,17,10,1.0,Finished,55
2013,17,Abu Dhabi Grand Prix,maldonado,williams,14,11,0.0,Finished,55
2013,17,Abu Dhabi Grand Prix,button,mclaren,12,12,0.0,Finished,55
2013,17,Abu Dhabi Grand Prix,gutierrez,sauber,16,13,0.0,Finished,55
2013,17,Abu Dhabi Grand Prix,hulkenberg,sauber,5,14,0.0,+1 Lap,54
2013,17,Abu Dhabi Grand Prix,bottas,williams,15,15,0.0,+1 Lap,54
2013,17,Abu Dhabi Grand Prix,ricciardo,toro_rosso,9,16,0.0,+1 Lap,54
2013,17,Abu Dhabi Grand Prix,vergne,toro_rosso,13,17,0.0,+1 Lap,54
2013,17,Abu Dhabi Grand Prix,garde,caterham,18,18,0.0,+1 Lap,54
2013,17,Abu Dhabi Grand Prix,pic,caterham,19,19,0.0,+1 Lap,54
2013,17,Abu Dhabi Grand Prix,jules_bianchi,marussia,21,20,0.0,+2 Laps,53
2013,17,Abu Dhabi Grand Prix,chilton,marussia,20,21,0.0,+2 Laps,53
2013,17,Abu Dhabi Grand Prix,raikkonen,lotus_f1,22,22,0.0,Accident,0
2013,18,United States Grand Prix,vettel,red_bull,1,1,25.0,Finished,56
2013,18,United States Grand Prix,grosjean,lotus_f1,3,2,18.0,Finished,56
2013,18,United States Grand Prix,webber,red_bull,2,3,15.0,Finished,56
2013,18,United States Grand Prix,hamilton,mercedes,5,4,12.0,Finished,56
2013,18,United States Grand Prix,alonso,ferrari,6,5,10.0,Finished,56
2013,18,United States Grand Prix,hulkenberg,sauber,4,6,8.0,Finished,56
2013,18,United States Grand Prix,perez,mclaren,7,7,6.0,Finished,56
2013,18,United States Grand Prix,bottas,williams,9,8,4.0,Finished,56
2013,18,United States Grand Prix,rosberg,mercedes,12,9,2.0,Finished,56
2013,18,United States Grand Prix,button,mclaren,15,10,1.0,Finished,56
2013,18,United States Grand Prix,ricciardo,toro_rosso,10,11,0.0,Finished,56
2013,18,United States Grand Prix,vergne,toro_rosso,14,12,0.0,Finished,56
2013,18,United States Grand Prix,massa,ferrari,13,13,0.0,Finished,56
2013,18,United States Grand Prix,gutierrez,sauber,20,14,0.0,Finished,56
2013,18,United States Grand Prix,kovalainen,lotus_f1,8,15,0.0,Finished,56
2013,18,United States Grand Prix,resta,force_india,11,16,0.0,Finished,56
2013,18,United States Grand Prix,maldonado,williams,17,17,0.0,+1 Lap,55
2013,18,United States Grand Prix,jules_bianchi,marussia,19,18,0.0,+1 Lap,55
2013,18,United States Grand Prix,garde,caterham,18,19,0.0,+1 Lap,55
2013,18,United States Grand Prix,pic,caterham,22,20,0.0,+1 Lap,55
2013,18,United States Grand Prix,chilton,marussia,21,21,0.0,+2 Laps,54
2013,18,United States Grand Prix,sutil,force_india,16,22,0.0,Accident,0
2013,19,Brazilian Grand Prix,vettel,red_bull,1,1,25.0,Finished,71
2013,19,Brazilian Grand Prix,webber,red_bull,4,2,18.0,Finished,71
2013,19,Brazilian Grand Prix,alonso,ferrari,3,3,15.0,Finished,71
2013,19,Brazilian Grand Prix,button,mclaren,14,4,12.0,Finished,71
2013,19,Brazilian Grand Prix,rosberg,mercedes,2,5,10.0,Finished,71
2013,19,Brazilian Grand Prix,perez,mclaren,19,6,8.0,Finished,71
2013,19,Brazilian Grand Prix,massa,ferrari,9,7,6.0,Finished,71
2013,19,Brazilian Grand Prix,hulkenberg,sauber,10,8,4.0,Finished,71
2013,19,Brazilian Grand Prix,hamilton,mercedes,5,9,2.0,Finished,71
2013,19,Brazilian Grand Prix,ricciardo,toro_rosso,7,10,1.0,+1 Lap,70
2013,19,Brazilian Grand Prix,resta,force_india,12,11,0.0,+1 Lap,70
2013,19,Brazilian Grand Prix,gutierrez,sauber,17,12,0.0,+1 Lap,70
2013,19,Brazilian Grand Prix,sutil,force_india,15,13,0.0,+1 Lap,70
2013,19,Brazilian Grand Prix,kovalainen,lotus_f1,11,14,0.0,+1 Lap,70
2013,19,Brazilian Grand Prix,vergne,toro_rosso,8,15,0.0,+1 Lap,70
2013,19,Brazilian Grand Prix,maldonado,williams,16,16,0.0,+1 Lap,70
2013,19,Brazilian Grand Prix,jules_bianchi,marussia,21,17,0.0,+2 Laps,69
2013,19,Brazilian Grand Prix,garde,caterham,20,18,0.0,+2 Laps,69
2013,19,Brazilian Grand Prix,chilton,marussia,22,19,0.0,+2 Laps,69
2013,19,Brazilian Grand Prix,pic,caterham,18,20,0.0,Mechanical,58
2013,19,Brazilian Grand Prix,bottas,williams,13,21,0.0,Accident,45
2013,19,Brazilian Grand Prix,grosjean,lotus_f1,6,22,0.0,Engine,2
2014,1,Australian Grand Prix,rosberg,mercedes,3,1,25.0,Finished,57
2014,1,Australian Grand Prix,kevin_magnussen,mclaren,4,2,18.0,Finished,57
2014,1,Australian Grand Prix,button,mclaren,10,3,15.0,Finished,57
2014,1,Australian Grand Prix,alonso,ferrari,5,4,12.0,Finished,57
2014,1,Australian Grand Prix,bottas,williams,15,5,10.0,Finished,57
2014,1,Australian Grand Prix,hulkenberg,force_india,7,6,8.0,Finished,57
2014,1,Australian Grand Prix,raikkonen,ferrari,11,7,6.0,Finished,57
2014,1,Australian Grand Prix,vergne,toro_rosso,6,8,4.0,Finished,57
2014,1,Australian Grand Prix,kvyat,toro_rosso,8,9,2.0,Finished,57
2014,1,Australian Grand Prix,perez,force_india,16,10,1.0,Finished,57
2014,1,Australian Grand Prix,sutil,sauber,13,11,0.0,+1 Lap,56
2014,1,Australian Grand Prix,gutierrez,sauber,20,12,0.0,+1 Lap,56
2014,1,Australian Grand Prix,chilton,marussia,17,13,0.0,+2 Laps,55
2014,1,Australian Grand Prix,jules_bianchi,marussia,18,14,0.0,+8 Laps,49
2014,1,Australian Grand Prix,grosjean,lotus_f1,22,15,0.0,ERS,43
2014,1,Australian Grand Prix,maldonado,lotus_f1,21,16,0.0,ERS,29
2014,1,Australian Grand Prix,ericsson,caterham,19,17,0.0,Oil pressure,27
2014,1,Australian Grand Prix,vettel,red_bull,12,18,0.0,Engine,3
2014,1,Australian Grand Prix,hamilton,mercedes,1,19,0.0,Engine,2
2014,1,Australian Grand Prix,massa,williams,9,20,0.0,Collision,0
2014,1,Australian Grand Prix,kobayashi,caterham,14,21,0.0,Collision,0
2014,1,Australian Grand Prix,ricciardo,red_bull,2,22,0.0,Disqualified,57
2014,2,Malaysian Grand Prix,hamilton,mercedes,1,1,25.0,Finished,56
2014,2,Malaysian Grand Prix,rosberg,mercedes,3,2,18.0,Finished,56
2014,2,Malaysian Grand Prix,vettel,red_bull,2,3,15.0,Finished,56
2014,2,Malaysian Grand Prix,alonso,ferrari,4,4,12.0,Finished,56
2014,2,Malaysian Grand Prix,hulkenberg,force_india,7,5,10.0,Finished,56
2014,2,Malaysian Grand Prix,button,mclaren,10,6,8.0,Finished,56
2014,2,Malaysian Grand Prix,massa,williams,13,7,6.0,Finished,56
2014,2,Malaysian Grand Prix,bottas,williams,18,8,4.0,Finished,56
2014,2,Malaysian Grand Prix,kevin_magnussen,mclaren,8,9,2.0,+1 Lap,55
2014,2,Malaysian Grand Prix,kvyat,toro_rosso,11,10,1.0,+1 Lap,55
2014,2,Malaysian Grand Prix,grosjean,lotus_f1,15,11,0.0,+1 Lap,55
2014,2,Malaysian Grand Prix,raikkonen,ferrari,6,12,0.0,+1 Lap,55
2014,2,Malaysian Grand Prix,kobayashi,caterham,20,13,0.0,+1 Lap,55
2014,2,Malaysian Grand Prix,ericsson,caterham,22,14,0.0,+2 Laps,54
2014,2,Malaysian Grand Prix,chilton,marussia,21,15,0.0,+2 Laps,54
2014,2,Malaysian Grand Prix,ricciardo,red_bull,5,16,0.0,Technical,49
2014,2,Malaysian Grand Prix,gutierrez,sauber,12,17,0.0,Gearbox,35
2014,2,Malaysian Grand Prix,sutil,sauber,17,18,0.0,Electrical,32
2014,2,Malaysian Grand Prix,vergne,toro_rosso,9,19,0.0,Power Unit,18
2014,2,Malaysian Grand Prix,jules_bianchi,marussia,19,20,0.0,Brakes,8
2014,2,Malaysian Grand Prix,maldonado,lotus_f1,16,21,0.0,Engine,7
2014,2,Malaysian Grand Prix,perez,force_india,14,22,0.0,Withdrew,0
2014,3,Bahrain Grand Prix,hamilton,mercedes,2,1,25.0,Finished,57
2014,3,Bahrain Grand Prix,rosberg,mercedes,1,2,18.0,Finished,57
2014,3,Bahrain Grand Prix,perez,force_india,4,3,15.0,Finished,57
2014,3,Bahrain Grand Prix,ricciardo,red_bull,13,4,12.0,Finished,57
2014,3,Bahrain Grand Prix,hulkenberg,force_india,11,5,10.0,Finished,57
2014,3,Bahrain Grand Prix,vettel,red_bull,10,6,8.0,Finished,57
2014,3,Bahrain Grand Prix,massa,williams,7,7,6.0,Finished,57
2014,3,Bahrain Grand Prix,bottas,williams,3,8,4.0,Finished,57
2014,3,Bahrain Grand Prix,alonso,ferrari,9,9,2.0,Finished,57
2014,3,Bahrain Grand Prix,raikkonen,ferrari,5,10,1.0,Finished,57
2014,3,Bahrain Grand Prix,kvyat,toro_rosso,12,11,0.0,Finished,57
2014,3,Bahrain Grand Prix,grosjean,lotus_f1,16,12,0.0,Finished,57
2014,3,Bahrain Grand Prix,chilton,marussia,21,13,0.0,Finished,57
2014,3,Bahrain Grand Prix,maldonado,lotus_f1,17,14,0.0,Finished,57
2014,3,Bahrain Grand Prix,kobayashi,caterham,18,15,0.0,Finished,57
2014,3,Bahrain Grand Prix,jules_bianchi,marussia,19,16,0.0,+1 Lap,56
2014,3,Bahrain Grand Prix,button,mclaren,6,17,0.0,Clutch,55
2014,3,Bahrain Grand Prix,kevin_magnussen,mclaren,8,18,0.0,Clutch,40
2014,3,Bahrain Grand Prix,gutierrez,sauber,15,19,0.0,Collision,39
2014,3,Bahrain Grand Prix,ericsson,caterham,20,20,0.0,Retired,33
2014,3,Bahrain Grand Prix,vergne,toro_rosso,14,21,0.0,Retired,18
2014,3,Bahrain Grand Prix,sutil,sauber,22,22,0.0,Collision,17
2014,4,Chinese Grand Prix,hamilton,mercedes,1,1,25.0,Finished,54
2014,4,Chinese Grand Prix,rosberg,mercedes,4,2,18.0,Finished,54
2014,4,Chinese Grand Prix,alonso,ferrari,5,3,15.0,Finished,54
2014,4,Chinese Grand Prix,ricciardo,red_bull,2,4,12.0,Finished,54
2014,4,Chinese Grand Prix,vettel,red_bull,3,5,10.0,Finished,54
2014,4,Chinese Grand Prix,hulkenberg,force_india,8,6,8.0,Finished,54
2014,4,Chinese Grand Prix,bottas,williams,7,7,6.0,Finished,54
2014,4,Chinese Grand Prix,raikkonen,ferrari,11,8,4.0,Finished,54
2014,4,Chinese Grand Prix,perez,force_india,16,9,2.0,Finished,54
2014,4,Chinese Grand Prix,kvyat,toro_rosso,13,10,1.0,+1 Lap,53
2014,4,Chinese Grand Prix,button,mclaren,12,11,0.0,+1 Lap,53
2014,4,Chinese Grand Prix,vergne,toro_rosso,9,12,0.0,+1 Lap,53
2014,4,Chinese Grand Prix,kevin_magnussen,mclaren,15,13,0.0,+1 Lap,53
2014,4,Chinese Grand Prix,maldonado,lotus_f1,22,14,0.0,+1 Lap,53
2014,4,Chinese Grand Prix,massa,williams,6,15,0.0,+1 Lap,53
2014,4,Chinese Grand Prix,gutierrez,sauber,17,16,0.0,+1 Lap,53
2014,4,Chinese Grand Prix,jules_bianchi,marussia,19,17,0.0,+1 Lap,53
2014,4,Chinese Grand Prix,kobayashi,caterham,18,18,0.0,+1 Lap,53
2014,4,Chinese Grand Prix,chilton,marussia,21,19,0.0,+2 Laps,52
2014,4,Chinese Grand Prix,ericsson,caterham,20,20,0.0,+2 Laps,52
2014,4,Chinese Grand Prix,grosjean,lotus_f1,10,21,0.0,Gearbox,28
2014,4,Chinese Grand Prix,sutil,sauber,14,22,0.0,Engine,5
2014,5,Spanish Grand Prix,hamilton,mercedes,1,1,25.0,Finished,66
2014,5,Spanish Grand Prix,rosberg,mercedes,2,2,18.0,Finished,66
2014,5,Spanish Grand Prix,ricciardo,red_bull,3,3,15.0,Finished,66
2014,5,Spanish Grand Prix,vettel,red_bull,15,4,12.0,Finished,66
2014,5,Spanish Grand Prix,bottas,williams,4,5,10.0,Finished,66
2014,5,Spanish Grand Prix,alonso,ferrari,7,6,8.0,Finished,66
2014,5,Spanish Grand Prix,raikkonen,ferrari,6,7,6.0,+1 Lap,65
2014,5,Spanish Grand Prix,grosjean,lotus_f1,5,8,4.0,+1 Lap,65
2014,5,Spanish Grand Prix,perez,force_india,11,9,2.0,+1 Lap,65
2014,5,Spanish Grand Prix,hulkenberg,force_india,10,10,1.0,+1 Lap,65
2014,5,Spanish Grand Prix,button,mclaren,8,11,0.0,+1 Lap,65
2014,5,Spanish Grand Prix,kevin_magnussen,mclaren,14,12,0.0,+1 Lap,65
2014,5,Spanish Grand Prix,massa,williams,9,13,0.0,+1 Lap,65
2014,5,Spanish Grand Prix,kvyat,toro_rosso,12,14,0.0,+1 Lap,65
2014,5,Spanish Grand Prix,maldonado,lotus_f1,22,15,0.0,+1 Lap,65
2014,5,Spanish Grand Prix,gutierrez,sauber,13,16,0.0,+1 Lap,65
2014,5,Spanish Grand Prix,sutil,sauber,16,17,0.0,+1 Lap,65
2014,5,Spanish Grand Prix,jules_bianchi,marussia,18,18,0.0,+2 Laps,64
2014,5,Spanish Grand Prix,chilton,marussia,17,19,0.0,+2 Laps,64
2014,5,Spanish Grand Prix,ericsson,caterham,19,20,0.0,+2 Laps,64
2014,5,Spanish Grand Prix,kobayashi,caterham,20,21,0.0,Brakes,34
2014,5,Spanish Grand Prix,vergne,toro_rosso,21,22,0.0,Exhaust,24
2014,6,Monaco Grand Prix,rosberg,mercedes,1,1,25.0,Finished,78
2014,6,Monaco Grand Prix,hamilton,mercedes,2,2,18.0,Finished,78
2014,6,Monaco Grand Prix,ricciardo,red_bull,3,3,15.0,Finished,78
2014,6,Monaco Grand Prix,alonso,ferrari,5,4,12.0,Finished,78
2014,6,Monaco Grand Prix,hulkenberg,force_india,11,5,10.0,+1 Lap,77
2014,6,Monaco Grand Prix,button,mclaren,12,6,8.0,+1 Lap,77
2014,6,Monaco Grand Prix,massa,williams,16,7,6.0,+1 Lap,77
2014,6,Monaco Grand Prix,grosjean,lotus_f1,14,8,4.0,+1 Lap,77
2014,6,Monaco Grand Prix,jules_bianchi,marussia,21,9,2.0,+1 Lap,77
2014,6,Monaco Grand Prix,kevin_magnussen,mclaren,8,10,1.0,+1 Lap,77
2014,6,Monaco Grand Prix,ericsson,caterham,22,11,0.0,+1 Lap,77
2014,6,Monaco Grand Prix,raikkonen,ferrari,6,12,0.0,+1 Lap,77
2014,6,Monaco Grand Prix,kobayashi,caterham,20,13,0.0,+2 Laps,75
2014,6,Monaco Grand Prix,chilton,marussia,19,14,0.0,+3 Laps,75
2014,6,Monaco Grand Prix,gutierrez,sauber,17,15,0.0,Accident,59
2014,6,Monaco Grand Prix,bottas,williams,13,16,0.0,Engine,55
2014,6,Monaco Grand Prix,vergne,toro_rosso,7,17,0.0,Engine,50
2014,6,Monaco Grand Prix,sutil,sauber,18,18,0.0,Accident,23
2014,6,Monaco Grand Prix,kvyat,toro_rosso,9,19,0.0,Mechanical,10
2014,6,Monaco Grand Prix,vettel,red_bull,4,20,0.0,Turbo,5
2014,6,Monaco Grand Prix,perez,force_india,10,21,0.0,Collision,0
2014,6,Monaco Grand Prix,maldonado,lotus_f1,15,22,0.0,Withdrew,0
2014,7,Canadian Grand Prix,ricciardo,red_bull,6,1,25.0,Finished,70
2014,7,Canadian Grand Prix,rosberg,mercedes,1,2,18.0,Finished,70
2014,7,Canadian Grand Prix,vettel,red_bull,3,3,15.0,Finished,70
2014,7,Canadian Grand Prix,button,mclaren,9,4,12.0,Finished,70
2014,7,Canadian Grand Prix,hulkenberg,force_india,11,5,10.0,Finished,70
2014,7,Canadian Grand Prix,alonso,ferrari,7,6,8.0,Finished,70
2014,7,Canadian Grand Prix,bottas,williams,4,7,6.0,Finished,70
2014,7,Canadian Grand Prix,vergne,toro_rosso,8,8,4.0,Finished,70
2014,7,Canadian Grand Prix,kevin_magnussen,mclaren,12,9,2.0,Finished,70
2014,7,Canadian Grand Prix,raikkonen,ferrari,10,10,1.0,Finished,70
2014,7,Canadian Grand Prix,perez,force_india,13,11,0.0,Collision,69
2014,7,Canadian Grand Prix,massa,williams,5,12,0.0,Collision,69
2014,7,Canadian Grand Prix,sutil,sauber,16,13,0.0,+1 Lap,69
2014,7,Canadian Grand Prix,gutierrez,sauber,22,14,0.0,ERS,64
2014,7,Canadian Grand Prix,grosjean,lotus_f1,14,15,0.0,Rear wing,59
2014,7,Canadian Grand Prix,kvyat,toro_rosso,15,16,0.0,Drivetrain,47
2014,7,Canadian Grand Prix,hamilton,mercedes,2,17,0.0,Brakes,46
2014,7,Canadian Grand Prix,kobayashi,caterham,21,18,0.0,Suspension,23
2014,7,Canadian Grand Prix,maldonado,lotus_f1,17,19,0.0,Power Unit,21
2014,7,Canadian Grand Prix,ericsson,caterham,20,20,0.0,Turbo,7
2014,7,Canadian Grand Prix,chilton,marussia,18,21,0.0,Collision,0
2014,7,Canadian Grand Prix,jules_bianchi,marussia,19,22,0.0,Collision,0
2014,8,Austrian Grand Prix,rosberg,mercedes,3,1,25.0,Finished,71
2014,8,Austrian Grand Prix,hamilton,mercedes,9,2,18.0,Finished,71
2014,8,Austrian Grand Prix,bottas,williams,2,3,15.0,Finished,71
2014,8,Austrian Grand Prix,massa,williams,1,4,12.0,Finished,71
2014,8,Austrian Grand Prix,alonso,ferrari,4,5,10.0,Finished,71
2014,8,Austrian Grand Prix,perez,force_india,15,6,8.0,Finished,71
2014,8,Austrian Grand Prix,kevin_magnussen,mclaren,6,7,6.0,Finished,71
2014,8,Austrian Grand Prix,ricciardo,red_bull,5,8,4.0,Finished,71
2014,8,Austrian Grand Prix,hulkenberg,force_india,10,9,2.0,Finished,71
2014,8,Austrian Grand Prix,raikkonen,ferrari,8,10,1.0,Finished,71
2014,8,Austrian Grand Prix,button,mclaren,11,11,0.0,Finished,71
2014,8,Austrian Grand Prix,maldonado,lotus_f1,13,12,0.0,+1 Lap,70
2014,8,Austrian Grand Prix,sutil,sauber,16,13,0.0,+1 Lap,70
2014,8,Austrian Grand Prix,grosjean,lotus_f1,22,14,0.0,+1 Lap,70
2014,8,Austrian Grand Prix,jules_bianchi,marussia,18,15,0.0,+2 Laps,69
2014,8,Austrian Grand Prix,kobayashi,caterham,19,16,0.0,+2 Laps,69
2014,8,Austrian Grand Prix,chilton,marussia,21,17,0.0,+2 Laps,69
2014,8,Austrian Grand Prix,ericsson,caterham,20,18,0.0,+2 Laps,69
2014,8,Austrian Grand Prix,gutierrez,sauber,17,19,0.0,+2 Laps,69
2014,8,Austrian Grand Prix,vergne,toro_rosso,14,20,0.0,Brakes,59
2014,8,Austrian Grand Prix,vettel,red_bull,12,21,0.0,Electrical,34
2014,8,Austrian Grand Prix,kvyat,toro_rosso,7,22,0.0,Suspension,24
2014,9,British Grand Prix,hamilton,mercedes,6,1,25.0,Finished,52
2014,9,British Grand Prix,bottas,williams,14,2,18.0,Finished,52
2014,9,British Grand Prix,ricciardo,red_bull,8,3,15.0,Finished,52
2014,9,British Grand Prix,button,mclaren,3,4,12.0,Finished,52
2014,9,British Grand Prix,vettel,red_bull,2,5,10.0,Finished,52
2014,9,British Grand Prix,alonso,ferrari,16,6,8.0,Finished,52
2014,9,British Grand Prix,kevin_magnussen,mclaren,5,7,6.0,Finished,52
2014,9,British Grand Prix,hulkenberg,force_india,4,8,4.0,Finished,52
2014,9,British Grand Prix,kvyat,toro_rosso,9,9,2.0,Finished,52
2014,9,British Grand Prix,vergne,toro_rosso,10,10,1.0,+1 Lap,51
2014,9,British Grand Prix,perez,force_india,7,11,0.0,+1 Lap,51
2014,9,British Grand Prix,grosjean,lotus_f1,11,12,0.0,+1 Lap,51
2014,9,British Grand Prix,sutil,sauber,13,13,0.0,+1 Lap,51
2014,9,British Grand Prix,jules_bianchi,marussia,12,14,0.0,+1 Lap,51
2014,9,British Grand Prix,kobayashi,caterham,22,15,0.0,+2 Laps,50
2014,9,British Grand Prix,chilton,marussia,17,16,0.0,+2 Laps,50
2014,9,British Grand Prix,maldonado,lotus_f1,20,17,0.0,+3 Laps,49
2014,9,British Grand Prix,rosberg,mercedes,1,18,0.0,Gearbox,28
2014,9,British Grand Prix,ericsson,caterham,21,19,0.0,Suspension,11
2014,9,British Grand Prix,gutierrez,sauber,19,20,0.0,Collision,9
2014,9,British Grand Prix,massa,williams,15,21,0.0,Collision,0
2014,9,British Grand Prix,raikkonen,ferrari,18,22,0.0,Collision,0
2014,10,German Grand Prix,rosberg,mercedes,1,1,25.0,Finished,67
2014,10,German Grand Prix,bottas,williams,2,2,18.0,Finished,67
2014,10,German Grand Prix,hamilton,mercedes,20,3,15.0,Finished,67
2014,10,German Grand Prix,vettel,red_bull,6,4,12.0,Finished,67
2014,10,German Grand Prix,alonso,ferrari,7,5,10.0,Finished,67
2014,10,German Grand Prix,ricciardo,red_bull,5,6,8.0,Finished,67
2014,10,German Grand Prix,hulkenberg,force_india,9,7,6.0,Finished,67
2014,10,German Grand Prix,button,mclaren,11,8,4.0,Finished,67
2014,10,German Grand Prix,kevin_magnussen,mclaren,4,9,2.0,+1 Lap,66
2014,10,German Grand Prix,perez,force_india,10,10,1.0,+1 Lap,66
2014,10,German Grand Prix,raikkonen,ferrari,12,11,0.0,+1 Lap,66
2014,10,German Grand Prix,maldonado,lotus_f1,18,12,0.0,+1 Lap,66
2014,10,German Grand Prix,vergne,toro_rosso,13,13,0.0,+1 Lap,66
2014,10,German Grand Prix,gutierrez,sauber,16,14,0.0,+1 Lap,66
2014,10,German Grand Prix,jules_bianchi,marussia,17,15,0.0,+1 Lap,66
2014,10,German Grand Prix,kobayashi,caterham,19,16,0.0,+2 Laps,65
2014,10,German Grand Prix,chilton,marussia,21,17,0.0,+2 Laps,65
2014,10,German Grand Prix,ericsson,caterham,22,18,0.0,+2 Laps,65
2014,10,German Grand Prix,sutil,sauber,15,19,0.0,Brakes,47
2014,10,German Grand Prix,kvyat,toro_rosso,8,20,0.0,Oil leak,44
2014,10,German Grand Prix,grosjean,lotus_f1,14,21,0.0,Water leak,26
2014,10,German Grand Prix,massa,williams,3,22,0.0,Collision,0
2014,11,Hungarian Grand Prix,ricciardo,red_bull,4,1,25.0,Finished,70
2014,11,Hungarian Grand Prix,alonso,ferrari,5,2,18.0,Finished,70
2014,11,Hungarian Grand Prix,hamilton,mercedes,22,3,15.0,Finished,70
2014,11,Hungarian Grand Prix,rosberg,mercedes,1,4,12.0,Finished,70
2014,11,Hungarian Grand Prix,massa,williams,6,5,10.0,Finished,70
2014,11,Hungarian Grand Prix,raikkonen,ferrari,16,6,8.0,Finished,70
2014,11,Hungarian Grand Prix,vettel,red_bull,2,7,6.0,Finished,70
2014,11,Hungarian Grand Prix,bottas,williams,3,8,4.0,Finished,70
2014,11,Hungarian Grand Prix,vergne,toro_rosso,8,9,2.0,Finished,70
2014,11,Hungarian Grand Prix,button,mclaren,7,10,1.0,Finished,70
2014,11,Hungarian Grand Prix,sutil,sauber,11,11,0.0,Finished,70
2014,11,Hungarian Grand Prix,kevin_magnussen,mclaren,21,12,0.0,Finished,70
2014,11,Hungarian Grand Prix,maldonado,lotus_f1,20,13,0.0,Finished,70
2014,11,Hungarian Grand Prix,kvyat,toro_rosso,10,14,0.0,+1 Lap,69
2014,11,Hungarian Grand Prix,jules_bianchi,marussia,15,15,0.0,+1 Lap,69
2014,11,Hungarian Grand Prix,chilton,marussia,18,16,0.0,+1 Lap,69
2014,11,Hungarian Grand Prix,gutierrez,sauber,13,17,0.0,Retired,33
2014,11,Hungarian Grand Prix,kobayashi,caterham,17,18,0.0,Retired,26
2014,11,Hungarian Grand Prix,perez,force_india,12,19,0.0,Accident,23
2014,11,Hungarian Grand Prix,hulkenberg,force_india,9,20,0.0,Accident,16
2014,11,Hungarian Grand Prix,grosjean,lotus_f1,14,21,0.0,Accident,11
2014,11,Hungarian Grand Prix,ericsson,caterham,19,22,0.0,Accident,8
2014,12,Belgian Grand Prix,ricciardo,red_bull,5,1,25.0,Finished,44
2014,12,Belgian Grand Prix,rosberg,mercedes,1,2,18.0,Finished,44
2014,12,Belgian Grand Prix,bottas,williams,6,3,15.0,Finished,44
2014,12,Belgian Grand Prix,raikkonen,ferrari,8,4,12.0,Finished,44
2014,12,Belgian Grand Prix,vettel,red_bull,3,5,10.0,Finished,44
2014,12,Belgian Grand Prix,button,mclaren,10,6,8.0,Finished,44
2014,12,Belgian Grand Prix,alonso,ferrari,4,7,6.0,Finished,44
2014,12,Belgian Grand Prix,perez,force_india,13,8,4.0,Finished,44
2014,12,Belgian Grand Prix,kvyat,toro_rosso,11,9,2.0,Finished,44
2014,12,Belgian Grand Prix,hulkenberg,force_india,18,10,1.0,Finished,44
2014,12,Belgian Grand Prix,vergne,toro_rosso,12,11,0.0,Finished,44
2014,12,Belgian Grand Prix,kevin_magnussen,mclaren,7,12,0.0,Finished,44
2014,12,Belgian Grand Prix,massa,williams,9,13,0.0,Finished,44
2014,12,Belgian Grand Prix,sutil,sauber,14,14,0.0,Finished,44
2014,12,Belgian Grand Prix,gutierrez,sauber,20,15,0.0,Finished,44
2014,12,Belgian Grand Prix,chilton,marussia,19,16,0.0,+1 Lap,43
2014,12,Belgian Grand Prix,ericsson,caterham,22,17,0.0,+1 Lap,43
2014,12,Belgian Grand Prix,jules_bianchi,marussia,16,18,0.0,Gearbox,39
2014,12,Belgian Grand Prix,hamilton,mercedes,2,19,0.0,Retired,38
2014,12,Belgian Grand Prix,grosjean,lotus_f1,15,20,0.0,Retired,33
2014,12,Belgian Grand Prix,maldonado,lotus_f1,17,21,0.0,Mechanical,1
2014,12,Belgian Grand Prix,lotterer,caterham,21,22,0.0,Power Unit,1
2014,13,Italian Grand Prix,hamilton,mercedes,1,1,25.0,Finished,53
2014,13,Italian Grand Prix,rosberg,mercedes,2,2,18.0,Finished,53
2014,13,Italian Grand Prix,massa,williams,4,3,15.0,Finished,53
2014,13,Italian Grand Prix,bottas,williams,3,4,12.0,Finished,53
2014,13,Italian Grand Prix,ricciardo,red_bull,9,5,10.0,Finished,53
2014,13,Italian Grand Prix,vettel,red_bull,8,6,8.0,Finished,53
2014,13,Italian Grand Prix,perez,force_india,10,7,6.0,Finished,53
2014,13,Italian Grand Prix,button,mclaren,6,8,4.0,Finished,53
2014,13,Italian Grand Prix,raikkonen,ferrari,11,9,2.0,Finished,53
2014,13,Italian Grand Prix,kevin_magnussen,mclaren,5,10,1.0,Finished,53
2014,13,Italian Grand Prix,kvyat,toro_rosso,21,11,0.0,Finished,53
2014,13,Italian Grand Prix,hulkenberg,force_india,13,12,0.0,Finished,53
2014,13,Italian Grand Prix,vergne,toro_rosso,12,13,0.0,Finished,53
2014,13,Italian Grand Prix,maldonado,lotus_f1,16,14,0.0,+1 Lap,52
2014,13,Italian Grand Prix,sutil,sauber,14,15,0.0,+1 Lap,52
2014,13,Italian Grand Prix,grosjean,lotus_f1,17,16,0.0,+1 Lap,52
2014,13,Italian Grand Prix,kobayashi,caterham,18,17,0.0,+1 Lap,52
2014,13,Italian Grand Prix,jules_bianchi,marussia,19,18,0.0,+1 Lap,52
2014,13,Italian Grand Prix,gutierrez,sauber,15,19,0.0,+2 Laps,51
2014,13,Italian Grand Prix,ericsson,caterham,22,20,0.0,+2 Laps,51
2014,13,Italian Grand Prix,alonso,ferrari,7,21,0.0,Engine,28
2014,13,Italian Grand Prix,chilton,marussia,20,22,0.0,Accident,5
2014,14,Singapore Grand Prix,hamilton,mercedes,1,1,25.0,Finished,60
2014,14,Singapore Grand Prix,vettel,red_bull,4,2,18.0,Finished,60
2014,14,Singapore Grand Prix,ricciardo,red_bull,3,3,15.0,Finished,60
2014,14,Singapore Grand Prix,alonso,ferrari,5,4,12.0,Finished,60
2014,14,Singapore Grand Prix,massa,williams,6,5,10.0,Finished,60
2014,14,Singapore Grand Prix,vergne,toro_rosso,12,6,8.0,Finished,60
2014,14,Singapore Grand Prix,perez,force_india,15,7,6.0,Finished,60
2014,14,Singapore Grand Prix,raikkonen,ferrari,7,8,4.0,Finished,60
2014,14,Singapore Grand Prix,hulkenberg,force_india,13,9,2.0,Finished,60
2014,14,Singapore Grand Prix,kevin_magnussen,mclaren,9,10,1.0,Finished,60
2014,14,Singapore Grand Prix,bottas,williams,8,11,0.0,Finished,60
2014,14,Singapore Grand Prix,maldonado,lotus_f1,18,12,0.0,Finished,60
2014,14,Singapore Grand Prix,grosjean,lotus_f1,16,13,0.0,Finished,60
2014,14,Singapore Grand Prix,kvyat,toro_rosso,10,14,0.0,Finished,60
2014,14,Singapore Grand Prix,ericsson,caterham,22,15,0.0,Finished,60
2014,14,Singapore Grand Prix,jules_bianchi,marussia,19,16,0.0,Finished,60
2014,14,Singapore Grand Prix,chilton,marussia,21,17,0.0,+1 Lap,59
2014,14,Singapore Grand Prix,button,mclaren,11,18,0.0,Retired,52
2014,14,Singapore Grand Prix,sutil,sauber,17,19,0.0,Water pressure,40
2014,14,Singapore Grand Prix,gutierrez,sauber,14,20,0.0,Electrical,17
2014,14,Singapore Grand Prix,rosberg,mercedes,2,21,0.0,Electrical,13
2014,14,Singapore Grand Prix,kobayashi,caterham,20,22,0.0,Power Unit,0
2014,15,Japanese Grand Prix,hamilton,mercedes,2,1,25.0,Finished,44
2014,15,Japanese Grand Prix,rosberg,mercedes,1,2,18.0,Finished,44
2014,15,Japanese Grand Prix,vettel,red_bull,9,3,15.0,Finished,44
2014,15,Japanese Grand Prix,ricciardo,red_bull,6,4,12.0,Finished,44
2014,15,Japanese Grand Prix,button,mclaren,8,5,10.0,Finished,44
2014,15,Japanese Grand Prix,bottas,williams,3,6,8.0,Finished,44
2014,15,Japanese Grand Prix,massa,williams,4,7,6.0,Finished,44
2014,15,Japanese Grand Prix,hulkenberg,force_india,13,8,4.0,Finished,44
2014,15,Japanese Grand Prix,vergne,toro_rosso,20,9,2.0,Finished,44
2014,15,Japanese Grand Prix,perez,force_india,11,10,1.0,+1 Lap,43
2014,15,Japanese Grand Prix,kvyat,toro_rosso,12,11,0.0,+1 Lap,43
2014,15,Japanese Grand Prix,raikkonen,ferrari,10,12,0.0,+1 Lap,43
2014,15,Japanese Grand Prix,gutierrez,sauber,15,13,0.0,+1 Lap,43
2014,15,Japanese Grand Prix,kevin_magnussen,mclaren,7,14,0.0,+1 Lap,43
2014,15,Japanese Grand Prix,grosjean,lotus_f1,16,15,0.0,+1 Lap,43
2014,15,Japanese Grand Prix,maldonado,lotus_f1,22,16,0.0,+1 Lap,43
2014,15,Japanese Grand Prix,ericsson,caterham,17,17,0.0,+1 Lap,43
2014,15,Japanese Grand Prix,chilton,marussia,21,18,0.0,+1 Lap,43
2014,15,Japanese Grand Prix,kobayashi,caterham,19,19,0.0,+1 Lap,43
2014,15,Japanese Grand Prix,jules_bianchi,marussia,18,20,0.0,Accident,41
2014,15,Japanese Grand Prix,sutil,sauber,14,21,0.0,Accident,40
2014,15,Japanese Grand Prix,alonso,ferrari,5,22,0.0,Electronics,2
2014,16,Russian Grand Prix,hamilton,mercedes,1,1,25.0,Finished,53
2014,16,Russian Grand Prix,rosberg,mercedes,2,2,18.0,Finished,53
2014,16,Russian Grand Prix,bottas,williams,3,3,15.0,Finished,53
2014,16,Russian Grand Prix,button,mclaren,4,4,12.0,Finished,53
2014,16,Russian Grand Prix,kevin_magnussen,mclaren,11,5,10.0,Finished,53
2014,16,Russian Grand Prix,alonso,ferrari,7,6,8.0,Finished,53
2014,16,Russian Grand Prix,ricciardo,red_bull,6,7,6.0,Finished,53
2014,16,Russian Grand Prix,vettel,red_bull,10,8,4.0,Finished,53
2014,16,Russian Grand Prix,raikkonen,ferrari,8,9,2.0,Finished,53
2014,16,Russian Grand Prix,perez,force_india,12,10,1.0,Finished,53
2014,16,Russian Grand Prix,massa,williams,18,11,0.0,Finished,53
2014,16,Russian Grand Prix,hulkenberg,force_india,17,12,0.0,Finished,53
2014,16,Russian Grand Prix,vergne,toro_rosso,9,13,0.0,Finished,53
2014,16,Russian Grand Prix,kvyat,toro_rosso,5,14,0.0,+1 Lap,52
2014,16,Russian Grand Prix,gutierrez,sauber,13,15,0.0,+1 Lap,52
2014,16,Russian Grand Prix,sutil,sauber,14,16,0.0,+1 Lap,52
2014,16,Russian Grand Prix,grosjean,lotus_f1,15,17,0.0,+1 Lap,52
2014,16,Russian Grand Prix,maldonado,lotus_f1,21,18,0.0,+1 Lap,52
2014,16,Russian Grand Prix,ericsson,caterham,16,19,0.0,+2 Laps,51
2014,16,Russian Grand Prix,kobayashi,caterham,19,20,0.0,Brakes,21
2014,16,Russian Grand Prix,chilton,marussia,20,21,0.0,Suspension,9
2014,17,United States Grand Prix,hamilton,mercedes,2,1,25.0,Finished,56
2014,17,United States Grand Prix,rosberg,mercedes,1,2,18.0,Finished,56
2014,17,United States Grand Prix,ricciardo,red_bull,5,3,15.0,Finished,56
2014,17,United States Grand Prix,massa,williams,4,4,12.0,Finished,56
2014,17,United States Grand Prix,bottas,williams,3,5,10.0,Finished,56
2014,17,United States Grand Prix,alonso,ferrari,6,6,8.0,Finished,56
2014,17,United States Grand Prix,vettel,red_bull,18,7,6.0,Finished,56
2014,17,United States Grand Prix,kevin_magnussen,mclaren,7,8,4.0,Finished,56
2014,17,United States Grand Prix,maldonado,lotus_f1,10,9,2.0,Finished,56
2014,17,United States Grand Prix,vergne,toro_rosso,14,10,1.0,Finished,56
2014,17,United States Grand Prix,grosjean,lotus_f1,16,11,0.0,+1 Lap,55
2014,17,United States Grand Prix,button,mclaren,12,12,0.0,+1 Lap,55
2014,17,United States Grand Prix,raikkonen,ferrari,8,13,0.0,+1 Lap,55
2014,17,United States Grand Prix,gutierrez,sauber,15,14,0.0,+1 Lap,55
2014,17,United States Grand Prix,kvyat,toro_rosso,17,15,0.0,+1 Lap,55
2014,17,United States Grand Prix,hulkenberg,force_india,13,16,0.0,Engine,16
2014,17,United States Grand Prix,perez,force_india,11,17,0.0,Collision damage,1
2014,17,United States Grand Prix,sutil,sauber,9,18,0.0,Collision,0
2014,18,Brazilian Grand Prix,rosberg,mercedes,1,1,25.0,Finished,71
2014,18,Brazilian Grand Prix,hamilton,mercedes,2,2,18.0,Finished,71
2014,18,Brazilian Grand Prix,massa,williams,3,3,15.0,Finished,71
2014,18,Brazilian Grand Prix,button,mclaren,5,4,12.0,Finished,71
2014,18,Brazilian Grand Prix,vettel,red_bull,6,5,10.0,Finished,71
2014,18,Brazilian Grand Prix,alonso,ferrari,8,6,8.0,Finished,71
2014,18,Brazilian Grand Prix,raikkonen,ferrari,10,7,6.0,Finished,71
2014,18,Brazilian Grand Prix,hulkenberg,force_india,12,8,4.0,Finished,71
2014,18,Brazilian Grand Prix,kevin_magnussen,mclaren,7,9,2.0,Finished,71
2014,18,Brazilian Grand Prix,bottas,williams,4,10,1.0,+1 Lap,70
2014,18,Brazilian Grand Prix,kvyat,toro_rosso,17,11,0.0,+1 Lap,70
2014,18,Brazilian Grand Prix,maldonado,lotus_f1,16,12,0.0,+1 Lap,70
2014,18,Brazilian Grand Prix,vergne,toro_rosso,15,13,0.0,+1 Lap,70
2014,18,Brazilian Grand Prix,gutierrez,sauber,11,14,0.0,+1 Lap,70
2014,18,Brazilian Grand Prix,perez,force_india,18,15,0.0,+1 Lap,70
2014,18,Brazilian Grand Prix,sutil,sauber,13,16,0.0,+1 Lap,70
2014,18,Brazilian Grand Prix,grosjean,lotus_f1,14,17,0.0,+8 Laps,63
2014,18,Brazilian Grand Prix,ricciardo,red_bull,9,18,0.0,Suspension,39
2014,19,Abu Dhabi Grand Prix,hamilton,mercedes,2,1,50.0,Finished,55
2014,19,Abu Dhabi Grand Prix,massa,williams,4,2,36.0,Finished,55
2014,19,Abu Dhabi Grand Prix,bottas,williams,3,3,30.0,Finished,55
2014,19,Abu Dhabi Grand Prix,ricciardo,red_bull,20,4,24.0,Finished,55
2014,19,Abu Dhabi Grand Prix,button,mclaren,6,5,20.0,Finished,55
2014,19,Abu Dhabi Grand Prix,hulkenberg,force_india,12,6,16.0,Finished,55
2014,19,Abu Dhabi Grand Prix,perez,force_india,11,7,12.0,Finished,55
2014,19,Abu Dhabi Grand Prix,vettel,red_bull,19,8,8.0,Finished,55
2014,19,Abu Dhabi Grand Prix,alonso,ferrari,8,9,4.0,Finished,55
2014,19,Abu Dhabi Grand Prix,raikkonen,ferrari,7,10,2.0,Finished,55
2014,19,Abu Dhabi Grand Prix,kevin_magnussen,mclaren,9,11,0.0,Finished,55
2014,19,Abu Dhabi Grand Prix,vergne,toro_rosso,10,12,0.0,Finished,55
2014,19,Abu Dhabi Grand Prix,grosjean,lotus_f1,18,13,0.0,+1 Lap,54
2014,19,Abu Dhabi Grand Prix,rosberg,mercedes,1,14,0.0,+1 Lap,54
2014,19,Abu Dhabi Grand Prix,gutierrez,sauber,14,15,0.0,+1 Lap,54
2014,19,Abu Dhabi Grand Prix,sutil,sauber,13,16,0.0,+1 Lap,54
2014,19,Abu Dhabi Grand Prix,stevens,caterham,17,17,0.0,+1 Lap,54
2014,19,Abu Dhabi Grand Prix,kobayashi,caterham,16,18,0.0,Retired,42
2014,19,Abu Dhabi Grand Prix,maldonado,lotus_f1,15,19,0.0,Power Unit,26
2014,19,Abu Dhabi Grand Prix,kvyat,toro_rosso,5,20,0.0,Power Unit,14
2015,1,Australian Grand Prix,hamilton,mercedes,1,1,25.0,Finished,58
2015,1,Australian Grand Prix,rosberg,mercedes,2,2,18.0,Finished,58
2015,1,Australian Grand Prix,vettel,ferrari,4,3,15.0,Finished,58
2015,1,Australian Grand Prix,massa,williams,3,4,12.0,Finished,58
2015,1,Australian Grand Prix,nasr,sauber,10,5,10.0,Finished,58
2015,1,Australian Grand Prix,ricciardo,red_bull,6,6,8.0,+1 Lap,57
2015,1,Australian Grand Prix,hulkenberg,force_india,13,7,6.0,+1 Lap,57
2015,1,Australian Grand Prix,ericsson,sauber,15,8,4.0,+1 Lap,57
2015,1,Australian Grand Prix,sainz,toro_rosso,7,9,2.0,+1 Lap,57
2015,1,Australian Grand Prix,perez,force_india,14,10,1.0,+1 Lap,57
2015,1,Australian Grand Prix,button,mclaren,16,11,0.0,+2 Laps,56
2015,1,Australian Grand Prix,raikkonen,ferrari,5,12,0.0,Wheel,40
2015,1,Australian Grand Prix,max_verstappen,toro_rosso,11,13,0.0,Engine,32
2015,1,Australian Grand Prix,grosjean,lotus_f1,8,14,0.0,Power loss,0
2015,1,Australian Grand Prix,maldonado,lotus_f1,9,15,0.0,Accident,0
2015,1,Australian Grand Prix,kvyat,red_bull,12,16,0.0,Withdrew,0
2015,1,Australian Grand Prix,kevin_magnussen,mclaren,17,17,0.0,Withdrew,0
2015,1,Australian Grand Prix,bottas,williams,0,18,0.0,Withdrew,0
2015,2,Malaysian Grand Prix,vettel,ferrari,2,1,25.0,Finished,56
2015,2,Malaysian Grand Prix,hamilton,mercedes,1,2,18.0,Finished,56
2015,2,Malaysian Grand Prix,rosberg,mercedes,3,3,15.0,Finished,56
2015,2,Malaysian Grand Prix,raikkonen,ferrari,11,4,12.0,Finished,56
2015,2,Malaysian Grand Prix,bottas,williams,8,5,10.0,Finished,56
2015,2,Malaysian Grand Prix,massa,williams,7,6,8.0,Finished,56
2015,2,Malaysian Grand Prix,max_verstappen,toro_rosso,6,7,6.0,Finished,56
2015,2,Malaysian Grand Prix,sainz,toro_rosso,15,8,4.0,+1 Lap,55
2015,2,Malaysian Grand Prix,kvyat,red_bull,5,9,2.0,+1 Lap,55
2015,2,Malaysian Grand Prix,ricciardo,red_bull,4,10,1.0,+1 Lap,55
2015,2,Malaysian Grand Prix,grosjean,lotus_f1,10,11,0.0,+1 Lap,55
2015,2,Malaysian Grand Prix,nasr,sauber,16,12,0.0,+1 Lap,55
2015,2,Malaysian Grand Prix,perez,force_india,14,13,0.0,+1 Lap,55
2015,2,Malaysian Grand Prix,hulkenberg,force_india,13,14,0.0,+1 Lap,55
2015,2,Malaysian Grand Prix,merhi,manor,19,15,0.0,+3 Laps,53
2015,2,Malaysian Grand Prix,maldonado,lotus_f1,12,16,0.0,Retired,47
2015,2,Malaysian Grand Prix,button,mclaren,17,17,0.0,Turbo,41
2015,2,Malaysian Grand Prix,alonso,mclaren,18,18,0.0,ERS,21
2015,2,Malaysian Grand Prix,ericsson,sauber,9,19,0.0,Spun off,3
2015,2,Malaysian Grand Prix,stevens,manor,0,20,0.0,Fuel system,0
2015,3,Chinese Grand Prix,hamilton,mercedes,1,1,25.0,Finished,56
2015,3,Chinese Grand Prix,rosberg,mercedes,2,2,18.0,Finished,56
2015,3,Chinese Grand Prix,vettel,ferrari,3,3,15.0,Finished,56
2015,3,Chinese Grand Prix,raikkonen,ferrari,6,4,12.0,Finished,56
2015,3,Chinese Grand Prix,massa,williams,4,5,10.0,Finished,56
2015,3,Chinese Grand Prix,bottas,williams,5,6,8.0,Finished,56
2015,3,Chinese Grand Prix,grosjean,lotus_f1,8,7,6.0,Finished,56
2015,3,Chinese Grand Prix,nasr,sauber,9,8,4.0,Finished,56
2015,3,Chinese Grand Prix,ricciardo,red_bull,7,9,2.0,Finished,56
2015,3,Chinese Grand Prix,ericsson,sauber,10,10,1.0,+1 Lap,55
2015,3,Chinese Grand Prix,perez,force_india,15,11,0.0,+1 Lap,55
2015,3,Chinese Grand Prix,alonso,mclaren,18,12,0.0,+1 Lap,55
2015,3,Chinese Grand Prix,sainz,toro_rosso,14,13,0.0,+1 Lap,55
2015,3,Chinese Grand Prix,button,mclaren,17,14,0.0,+1 Lap,55
2015,3,Chinese Grand Prix,stevens,manor,19,15,0.0,+2 Laps,54
2015,3,Chinese Grand Prix,merhi,manor,20,16,0.0,+2 Laps,54
2015,3,Chinese Grand Prix,max_verstappen,toro_rosso,13,17,0.0,Transmission,52
2015,3,Chinese Grand Prix,maldonado,lotus_f1,11,18,0.0,Brakes,49
2015,3,Chinese Grand Prix,kvyat,red_bull,12,19,0.0,Power Unit,15
2015,3,Chinese Grand Prix,hulkenberg,force_india,16,20,0.0,Gearbox,9
2015,4,Bahrain Grand Prix,hamilton,mercedes,1,1,25.0,Finished,57
2015,4,Bahrain Grand Prix,raikkonen,ferrari,4,2,18.0,Finished,57
2015,4,Bahrain Grand Prix,rosberg,mercedes,3,3,15.0,Finished,57
2015,4,Bahrain Grand Prix,bottas,williams,5,4,12.0,Finished,57
2015,4,Bahrain Grand Prix,vettel,ferrari,2,5,10.0,Finished,57
2015,4,Bahrain Grand Prix,ricciardo,red_bull,7,6,8.0,Finished,57
2015,4,Bahrain Grand Prix,grosjean,lotus_f1,10,7,6.0,Finished,57
2015,4,Bahrain Grand Prix,perez,force_india,11,8,4.0,+1 Lap,56
2015,4,Bahrain Grand Prix,kvyat,red_bull,17,9,2.0,+1 Lap,56
2015,4,Bahrain Grand Prix,massa,williams,6,10,1.0,+1 Lap,56
2015,4,Bahrain Grand Prix,alonso,mclaren,14,11,0.0,+1 Lap,56
2015,4,Bahrain Grand Prix,nasr,sauber,12,12,0.0,+1 Lap,56
2015,4,Bahrain Grand Prix,hulkenberg,force_india,8,13,0.0,+1 Lap,56
2015,4,Bahrain Grand Prix,ericsson,sauber,13,14,0.0,+1 Lap,56
2015,4,Bahrain Grand Prix,maldonado,lotus_f1,16,15,0.0,+1 Lap,56
2015,4,Bahrain Grand Prix,stevens,manor,18,16,0.0,+2 Laps,55
2015,4,Bahrain Grand Prix,merhi,manor,19,17,0.0,+3 Laps,54
2015,4,Bahrain Grand Prix,max_verstappen,toro_rosso,15,18,0.0,Electrical,34
2015,4,Bahrain Grand Prix,sainz,toro_rosso,9,19,0.0,Engine,29
2015,4,Bahrain Grand Prix,button,mclaren,20,20,0.0,ERS,0
2015,5,Spanish Grand Prix,rosberg,mercedes,1,1,25.0,Finished,66
2015,5,Spanish Grand Prix,hamilton,mercedes,2,2,18.0,Finished,66
2015,5,Spanish Grand Prix,vettel,ferrari,3,3,15.0,Finished,66
2015,5,Spanish Grand Prix,bottas,williams,4,4,12.0,Finished,66
2015,5,Spanish Grand Prix,raikkonen,ferrari,7,5,10.0,Finished,66
2015,5,Spanish Grand Prix,massa,williams,9,6,8.0,Finished,66
2015,5,Spanish Grand Prix,ricciardo,red_bull,10,7,6.0,+1 Lap,65
2015,5,Spanish Grand Prix,grosjean,lotus_f1,11,8,4.0,+1 Lap,65
2015,5,Spanish Grand Prix,sainz,toro_rosso,5,9,2.0,+1 Lap,65
2015,5,Spanish Grand Prix,kvyat,red_bull,8,10,1.0,+1 Lap,65
2015,5,Spanish Grand Prix,max_verstappen,toro_rosso,6,11,0.0,+1 Lap,65
2015,5,Spanish Grand Prix,nasr,sauber,15,12,0.0,+1 Lap,65
2015,5,Spanish Grand Prix,perez,force_india,18,13,0.0,+1 Lap,65
2015,5,Spanish Grand Prix,ericsson,sauber,16,14,0.0,+1 Lap,65
2015,5,Spanish Grand Prix,hulkenberg,force_india,17,15,0.0,+1 Lap,65
2015,5,Spanish Grand Prix,button,mclaren,14,16,0.0,+1 Lap,65
2015,5,Spanish Grand Prix,stevens,manor,19,17,0.0,+3 Laps,63
2015,5,Spanish Grand Prix,merhi,manor,20,18,0.0,+4 Laps,62
2015,5,Spanish Grand Prix,maldonado,lotus_f1,12,19,0.0,Accident,45
2015,5,Spanish Grand Prix,alonso,mclaren,13,20,0.0,Brakes,26
2015,6,Monaco Grand Prix,rosberg,mercedes,2,1,25.0,Finished,78
2015,6,Monaco Grand Prix,vettel,ferrari,3,2,18.0,Finished,78
2015,6,Monaco Grand Prix,hamilton,mercedes,1,3,15.0,Finished,78
2015,6,Monaco Grand Prix,kvyat,red_bull,5,4,12.0,Finished,78
2015,6,Monaco Grand Prix,ricciardo,red_bull,4,5,10.0,Finished,78
2015,6,Monaco Grand Prix,raikkonen,ferrari,6,6,8.0,Finished,78
2015,6,Monaco Grand Prix,perez,force_india,7,7,6.0,Finished,78
2015,6,Monaco Grand Prix,button,mclaren,10,8,4.0,Finished,78
2015,6,Monaco Grand Prix,nasr,sauber,14,9,2.0,Finished,78
2015,6,Monaco Grand Prix,sainz,toro_rosso,0,10,1.0,Finished,78
2015,6,Monaco Grand Prix,hulkenberg,force_india,11,11,0.0,Finished,78
2015,6,Monaco Grand Prix,grosjean,lotus_f1,15,12,0.0,Finished,78
2015,6,Monaco Grand Prix,ericsson,sauber,17,13,0.0,Finished,78
2015,6,Monaco Grand Prix,bottas,williams,16,14,0.0,Finished,78
2015,6,Monaco Grand Prix,massa,williams,12,15,0.0,+1 Lap,77
2015,6,Monaco Grand Prix,merhi,manor,19,16,0.0,+2 Laps,76
2015,6,Monaco Grand Prix,stevens,manor,18,17,0.0,+2 Laps,76
2015,6,Monaco Grand Prix,max_verstappen,toro_rosso,9,18,0.0,Accident,62
2015,6,Monaco Grand Prix,alonso,mclaren,13,19,0.0,Gearbox,41
2015,6,Monaco Grand Prix,maldonado,lotus_f1,8,20,0.0,Brakes,5
2015,7,Canadian Grand Prix,hamilton,mercedes,1,1,25.0,Finished,70
2015,7,Canadian Grand Prix,rosberg,mercedes,2,2,18.0,Finished,70
2015,7,Canadian Grand Prix,bottas,williams,4,3,15.0,Finished,70
2015,7,Canadian Grand Prix,raikkonen,ferrari,3,4,12.0,Finished,70
2015,7,Canadian Grand Prix,vettel,ferrari,18,5,10.0,Finished,70
2015,7,Canadian Grand Prix,massa,williams,15,6,8.0,Finished,70
2015,7,Canadian Grand Prix,maldonado,lotus_f1,6,7,6.0,Finished,70
2015,7,Canadian Grand Prix,hulkenberg,force_india,7,8,4.0,+1 Lap,69
2015,7,Canadian Grand Prix,kvyat,red_bull,8,9,2.0,+1 Lap,69
2015,7,Canadian Grand Prix,grosjean,lotus_f1,5,10,1.0,+1 Lap,69
2015,7,Canadian Grand Prix,perez,force_india,10,11,0.0,+1 Lap,69
2015,7,Canadian Grand Prix,sainz,toro_rosso,11,12,0.0,+1 Lap,69
2015,7,Canadian Grand Prix,ricciardo,red_bull,9,13,0.0,+1 Lap,69
2015,7,Canadian Grand Prix,ericsson,sauber,12,14,0.0,+1 Lap,69
2015,7,Canadian Grand Prix,max_verstappen,toro_rosso,19,15,0.0,+1 Lap,69
2015,7,Canadian Grand Prix,nasr,sauber,14,16,0.0,+2 Laps,68
2015,7,Canadian Grand Prix,stevens,manor,17,17,0.0,+4 Laps,66
2015,7,Canadian Grand Prix,merhi,manor,16,18,0.0,Retired,57
2015,7,Canadian Grand Prix,button,mclaren,20,19,0.0,Retired,54
2015,7,Canadian Grand Prix,alonso,mclaren,13,20,0.0,Engine,44
2015,8,Austrian Grand Prix,rosberg,mercedes,2,1,25.0,Finished,71
2015,8,Austrian Grand Prix,hamilton,mercedes,1,2,18.0,Finished,71
2015,8,Austrian Grand Prix,massa,williams,4,3,15.0,Finished,71
2015,8,Austrian Grand Prix,vettel,ferrari,3,4,12.0,Finished,71
2015,8,Austrian Grand Prix,bottas,williams,6,5,10.0,Finished,71
2015,8,Austrian Grand Prix,hulkenberg,force_india,5,6,8.0,Finished,71
2015,8,Austrian Grand Prix,maldonado,lotus_f1,10,7,6.0,+1 Lap,70
2015,8,Austrian Grand Prix,max_verstappen,toro_rosso,7,8,4.0,+1 Lap,70
2015,8,Austrian Grand Prix,perez,force_india,13,9,2.0,+1 Lap,70
2015,8,Austrian Grand Prix,ricciardo,red_bull,18,10,1.0,+1 Lap,70
2015,8,Austrian Grand Prix,nasr,sauber,8,11,0.0,+1 Lap,70
2015,8,Austrian Grand Prix,kvyat,red_bull,15,12,0.0,+1 Lap,70
2015,8,Austrian Grand Prix,ericsson,sauber,11,13,0.0,+2 Laps,69
2015,8,Austrian Grand Prix,merhi,manor,16,14,0.0,+3 Laps,68
2015,8,Austrian Grand Prix,grosjean,lotus_f1,9,15,0.0,Gearbox,35
2015,8,Austrian Grand Prix,sainz,toro_rosso,12,16,0.0,Power loss,35
2015,8,Austrian Grand Prix,button,mclaren,20,17,0.0,Retired,8
2015,8,Austrian Grand Prix,stevens,manor,17,18,0.0,Oil leak,1
2015,8,Austrian Grand Prix,raikkonen,ferrari,14,19,0.0,Collision,0
2015,8,Austrian Grand Prix,alonso,mclaren,19,20,0.0,Collision,0
2015,9,British Grand Prix,hamilton,mercedes,1,1,25.0,Finished,52
2015,9,British Grand Prix,rosberg,mercedes,2,2,18.0,Finished,52
2015,9,British Grand Prix,vettel,ferrari,6,3,15.0,Finished,52
2015,9,British Grand Prix,massa,williams,3,4,12.0,Finished,52
2015,9,British Grand Prix,bottas,williams,4,5,10.0,Finished,52
2015,9,British Grand Prix,kvyat,red_bull,7,6,8.0,Finished,52
2015,9,British Grand Prix,hulkenberg,force_india,9,7,6.0,Finished,52
2015,9,British Grand Prix,raikkonen,ferrari,5,8,4.0,+1 Lap,51
2015,9,British Grand Prix,perez,force_india,11,9,2.0,+1 Lap,51
2015,9,British Grand Prix,alonso,mclaren,17,10,1.0,+1 Lap,51
2015,9,British Grand Prix,ericsson,sauber,15,11,0.0,+1 Lap,51
2015,9,British Grand Prix,merhi,manor,20,12,0.0,+3 Laps,49
2015,9,British Grand Prix,stevens,manor,19,13,0.0,+3 Laps,49
2015,9,British Grand Prix,sainz,toro_rosso,8,14,0.0,Electrical,31
2015,9,British Grand Prix,ricciardo,red_bull,10,15,0.0,Electrical,21
2015,9,British Grand Prix,max_verstappen,toro_rosso,13,16,0.0,Spun off,3
2015,9,British Grand Prix,grosjean,lotus_f1,12,17,0.0,Collision,0
2015,9,British Grand Prix,maldonado,lotus_f1,14,18,0.0,Collision,0
2015,9,British Grand Prix,button,mclaren,18,19,0.0,Collision,0
2015,9,British Grand Prix,nasr,sauber,16,20,0.0,Gearbox,0
2015,10,Hungarian Grand Prix,vettel,ferrari,3,1,25.0,Finished,69
2015,10,Hungarian Grand Prix,kvyat,red_bull,7,2,18.0,Finished,69
2015,10,Hungarian Grand Prix,ricciardo,red_bull,4,3,15.0,Finished,69
2015,10,Hungarian Grand Prix,max_verstappen,toro_rosso,9,4,12.0,Finished,69
2015,10,Hungarian Grand Prix,alonso,mclaren,15,5,10.0,Finished,69
2015,10,Hungarian Grand Prix,hamilton,mercedes,1,6,8.0,Finished,69
2015,10,Hungarian Grand Prix,grosjean,lotus_f1,10,7,6.0,Finished,69
2015,10,Hungarian Grand Prix,rosberg,mercedes,2,8,4.0,Finished,69
2015,10,Hungarian Grand Prix,button,mclaren,16,9,2.0,Finished,69
2015,10,Hungarian Grand Prix,ericsson,sauber,17,10,1.0,Finished,69
2015,10,Hungarian Grand Prix,nasr,sauber,18,11,0.0,Finished,69
2015,10,Hungarian Grand Prix,massa,williams,8,12,0.0,Finished,69
2015,10,Hungarian Grand Prix,bottas,williams,6,13,0.0,Finished,69
2015,10,Hungarian Grand Prix,maldonado,lotus_f1,14,14,0.0,Finished,69
2015,10,Hungarian Grand Prix,merhi,manor,19,15,0.0,+2 Laps,67
2015,10,Hungarian Grand Prix,stevens,manor,20,16,0.0,+4 Laps,65
2015,10,Hungarian Grand Prix,sainz,toro_rosso,12,17,0.0,Electrical,60
2015,10,Hungarian Grand Prix,raikkonen,ferrari,5,18,0.0,Power Unit,55
2015,10,Hungarian Grand Prix,perez,force_india,13,19,0.0,Suspension,53
2015,10,Hungarian Grand Prix,hulkenberg,force_india,11,20,0.0,Front wing,41
2015,11,Belgian Grand Prix,hamilton,mercedes,1,1,25.0,Finished,43
2015,11,Belgian Grand Prix,rosberg,mercedes,2,2,18.0,Finished,43
2015,11,Belgian Grand Prix,grosjean,lotus_f1,9,3,15.0,Finished,43
2015,11,Belgian Grand Prix,kvyat,red_bull,12,4,12.0,Finished,43
2015,11,Belgian Grand Prix,perez,force_india,4,5,10.0,Finished,43
2015,11,Belgian Grand Prix,massa,williams,6,6,8.0,Finished,43
2015,11,Belgian Grand Prix,raikkonen,ferrari,16,7,6.0,Finished,43
2015,11,Belgian Grand Prix,max_verstappen,toro_rosso,18,8,4.0,Finished,43
2015,11,Belgian Grand Prix,bottas,williams,3,9,2.0,Power Unit,43
2015,11,Belgian Grand Prix,ericsson,sauber,13,10,1.0,Finished,43
2015,11,Belgian Grand Prix,nasr,sauber,14,11,0.0,Finished,43
2015,11,Belgian Grand Prix,vettel,ferrari,8,12,0.0,Tyre,42
2015,11,Belgian Grand Prix,alonso,mclaren,20,13,0.0,+1 Lap,42
2015,11,Belgian Grand Prix,button,mclaren,19,14,0.0,+1 Lap,42
2015,11,Belgian Grand Prix,merhi,manor,17,15,0.0,+1 Lap,42
2015,11,Belgian Grand Prix,stevens,manor,15,16,0.0,+1 Lap,42
2015,11,Belgian Grand Prix,sainz,toro_rosso,10,17,0.0,Power Unit,32
2015,11,Belgian Grand Prix,ricciardo,red_bull,5,18,0.0,Power Unit,19
2015,11,Belgian Grand Prix,maldonado,lotus_f1,7,19,0.0,Engine,2
2015,11,Belgian Grand Prix,hulkenberg,force_india,11,20,0.0,Power loss,0
2015,12,Italian Grand Prix,hamilton,mercedes,1,1,25.0,Finished,53
2015,12,Italian Grand Prix,vettel,ferrari,3,2,18.0,Finished,53
2015,12,Italian Grand Prix,massa,williams,5,3,15.0,Finished,53
2015,12,Italian Grand Prix,bottas,williams,6,4,12.0,Finished,53
2015,12,Italian Grand Prix,raikkonen,ferrari,2,5,10.0,Finished,53
2015,12,Italian Grand Prix,perez,force_india,7,6,8.0,Finished,53
2015,12,Italian Grand Prix,hulkenberg,force_india,9,7,6.0,+1 Lap,52
2015,12,Italian Grand Prix,ricciardo,red_bull,19,8,4.0,+1 Lap,52
2015,12,Italian Grand Prix,ericsson,sauber,12,9,2.0,+1 Lap,52
2015,12,Italian Grand Prix,kvyat,red_bull,18,10,1.0,+1 Lap,52
2015,12,Italian Grand Prix,sainz,toro_rosso,17,11,0.0,+1 Lap,52
2015,12,Italian Grand Prix,max_verstappen,toro_rosso,20,12,0.0,+1 Lap,52
2015,12,Italian Grand Prix,nasr,sauber,17,13,0.0,+1 Lap,52
2015,12,Italian Grand Prix,button,mclaren,15,14,0.0,+1 Lap,52
2015,12,Italian Grand Prix,stevens,manor,13,15,0.0,+2 Laps,51
2015,12,Italian Grand Prix,merhi,manor,14,16,0.0,+2 Laps,51
2015,12,Italian Grand Prix,rosberg,mercedes,4,17,0.0,+3 Laps,50
2015,12,Italian Grand Prix,alonso,mclaren,16,18,0.0,+6 Laps,47
2015,12,Italian Grand Prix,grosjean,lotus_f1,8,19,0.0,Collision damage,1
2015,12,Italian Grand Prix,maldonado,lotus_f1,10,20,0.0,Collision damage,1
2015,13,Singapore Grand Prix,vettel,ferrari,1,1,25.0,Finished,61
2015,13,Singapore Grand Prix,ricciardo,red_bull,2,2,18.0,Finished,61
2015,13,Singapore Grand Prix,raikkonen,ferrari,3,3,15.0,Finished,61
2015,13,Singapore Grand Prix,rosberg,mercedes,6,4,12.0,Finished,61
2015,13,Singapore Grand Prix,bottas,williams,7,5,10.0,Finished,61
2015,13,Singapore Grand Prix,kvyat,red_bull,4,6,8.0,Finished,61
2015,13,Singapore Grand Prix,perez,force_india,13,7,6.0,Finished,61
2015,13,Singapore Grand Prix,max_verstappen,toro_rosso,8,8,4.0,Finished,61
2015,13,Singapore Grand Prix,sainz,toro_rosso,14,9,2.0,Finished,61
2015,13,Singapore Grand Prix,nasr,sauber,16,10,1.0,Finished,61
2015,13,Singapore Grand Prix,ericsson,sauber,17,11,0.0,Finished,61
2015,13,Singapore Grand Prix,maldonado,lotus_f1,18,12,0.0,Finished,61
2015,13,Singapore Grand Prix,grosjean,lotus_f1,10,13,0.0,Tyre,59
2015,13,Singapore Grand Prix,rossi,manor,20,14,0.0,+2 Laps,59
2015,13,Singapore Grand Prix,stevens,manor,19,15,0.0,+2 Laps,59
2015,13,Singapore Grand Prix,button,mclaren,15,16,0.0,Gearbox,52
2015,13,Singapore Grand Prix,alonso,mclaren,12,17,0.0,Gearbox,33
2015,13,Singapore Grand Prix,hamilton,mercedes,5,18,0.0,Throttle,32
2015,13,Singapore Grand Prix,massa,williams,9,19,0.0,Gearbox,30
2015,13,Singapore Grand Prix,hulkenberg,force_india,11,20,0.0,Collision,12
2015,14,Japanese Grand Prix,hamilton,mercedes,2,1,25.0,Finished,53
2015,14,Japanese Grand Prix,rosberg,mercedes,1,2,18.0,Finished,53
2015,14,Japanese Grand Prix,vettel,ferrari,4,3,15.0,Finished,53
2015,14,Japanese Grand Prix,raikkonen,ferrari,6,4,12.0,Finished,53
2015,14,Japanese Grand Prix,bottas,williams,3,5,10.0,Finished,53
2015,14,Japanese Grand Prix,hulkenberg,force_india,13,6,8.0,Finished,53
2015,14,Japanese Grand Prix,grosjean,lotus_f1,8,7,6.0,Finished,53
2015,14,Japanese Grand Prix,maldonado,lotus_f1,11,8,4.0,Finished,53
2015,14,Japanese Grand Prix,max_verstappen,toro_rosso,17,9,2.0,Finished,53
2015,14,Japanese Grand Prix,sainz,toro_rosso,10,10,1.0,+1 Lap,52
2015,14,Japanese Grand Prix,alonso,mclaren,12,11,0.0,+1 Lap,52
2015,14,Japanese Grand Prix,perez,force_india,9,12,0.0,+1 Lap,52
2015,14,Japanese Grand Prix,kvyat,red_bull,20,13,0.0,+1 Lap,52
2015,14,Japanese Grand Prix,ericsson,sauber,15,14,0.0,+1 Lap,52
2015,14,Japanese Grand Prix,ricciardo,red_bull,7,15,0.0,+1 Lap,52
2015,14,Japanese Grand Prix,button,mclaren,14,16,0.0,+1 Lap,52
2015,14,Japanese Grand Prix,massa,williams,5,17,0.0,+2 Laps,51
2015,14,Japanese Grand Prix,rossi,manor,19,18,0.0,+2 Laps,51
2015,14,Japanese Grand Prix,stevens,manor,18,19,0.0,+3 Laps,50
2015,14,Japanese Grand Prix,nasr,sauber,16,20,0.0,Retired,49
2015,15,Russian Grand Prix,hamilton,mercedes,2,1,25.0,Finished,53
2015,15,Russian Grand Prix,vettel,ferrari,4,2,18.0,Finished,53
2015,15,Russian Grand Prix,perez,force_india,7,3,15.0,Finished,53
2015,15,Russian Grand Prix,massa,williams,15,4,12.0,Finished,53
2015,15,Russian Grand Prix,kvyat,red_bull,11,5,10.0,Finished,53
2015,15,Russian Grand Prix,nasr,sauber,12,6,8.0,Finished,53
2015,15,Russian Grand Prix,maldonado,lotus_f1,14,7,6.0,Finished,53
2015,15,Russian Grand Prix,raikkonen,ferrari,5,8,4.0,Finished,53
2015,15,Russian Grand Prix,button,mclaren,13,9,2.0,Finished,53
2015,15,Russian Grand Prix,max_verstappen,toro_rosso,9,10,1.0,Finished,53
2015,15,Russian Grand Prix,alonso,mclaren,19,11,0.0,Finished,53
2015,15,Russian Grand Prix,bottas,williams,3,12,0.0,Collision,52
2015,15,Russian Grand Prix,merhi,manor,18,13,0.0,+1 Lap,52
2015,15,Russian Grand Prix,stevens,manor,17,14,0.0,+2 Laps,51
2015,15,Russian Grand Prix,ricciardo,red_bull,10,15,0.0,Suspension,47
2015,15,Russian Grand Prix,sainz,toro_rosso,20,16,0.0,Brakes,45
2015,15,Russian Grand Prix,grosjean,lotus_f1,8,17,0.0,Accident,11
2015,15,Russian Grand Prix,rosberg,mercedes,1,18,0.0,Throttle,7
2015,15,Russian Grand Prix,hulkenberg,force_india,6,19,0.0,Collision,0
2015,15,Russian Grand Prix,ericsson,sauber,17,20,0.0,Collision,0
2015,16,United States Grand Prix,hamilton,mercedes,2,1,25.0,Finished,56
2015,16,United States Grand Prix,rosberg,mercedes,1,2,18.0,Finished,56
2015,16,United States Grand Prix,vettel,ferrari,13,3,15.0,Finished,56
2015,16,United States Grand Prix,max_verstappen,toro_rosso,8,4,12.0,Finished,56
2015,16,United States Grand Prix,perez,force_india,5,5,10.0,Finished,56
2015,16,United States Grand Prix,button,mclaren,11,6,8.0,Finished,56
2015,16,United States Grand Prix,sainz,toro_rosso,20,7,6.0,Finished,56
2015,16,United States Grand Prix,maldonado,lotus_f1,12,8,4.0,Finished,56
2015,16,United States Grand Prix,nasr,sauber,15,9,2.0,Finished,56
2015,16,United States Grand Prix,ricciardo,red_bull,3,10,1.0,Finished,56
2015,16,United States Grand Prix,alonso,mclaren,9,11,0.0,Finished,56
2015,16,United States Grand Prix,rossi,manor,17,12,0.0,Finished,56
2015,16,United States Grand Prix,kvyat,red_bull,4,13,0.0,Accident,41
2015,16,United States Grand Prix,hulkenberg,force_india,6,14,0.0,Accident,35
2015,16,United States Grand Prix,ericsson,sauber,14,15,0.0,Retired,25
2015,16,United States Grand Prix,raikkonen,ferrari,18,16,0.0,Brake duct,25
2015,16,United States Grand Prix,massa,williams,7,17,0.0,Retired,23
2015,16,United States Grand Prix,grosjean,lotus_f1,10,18,0.0,Retired,10
2015,16,United States Grand Prix,bottas,williams,16,19,0.0,Retired,5
2015,16,United States Grand Prix,stevens,manor,19,20,0.0,Retired,1
2015,17,Mexican Grand Prix,rosberg,mercedes,1,1,25.0,Finished,71
2015,17,Mexican Grand Prix,hamilton,mercedes,2,2,18.0,Finished,71
2015,17,Mexican Grand Prix,bottas,williams,6,3,15.0,Finished,71
2015,17,Mexican Grand Prix,kvyat,red_bull,4,4,12.0,Finished,71
2015,17,Mexican Grand Prix,ricciardo,red_bull,5,5,10.0,Finished,71
2015,17,Mexican Grand Prix,massa,williams,7,6,8.0,Finished,71
2015,17,Mexican Grand Prix,hulkenberg,force_india,10,7,6.0,Finished,71
2015,17,Mexican Grand Prix,perez,force_india,9,8,4.0,Finished,71
2015,17,Mexican Grand Prix,max_verstappen,toro_rosso,8,9,2.0,Finished,71
2015,17,Mexican Grand Prix,grosjean,lotus_f1,12,10,1.0,Finished,71
2015,17,Mexican Grand Prix,maldonado,lotus_f1,13,11,0.0,Finished,71
2015,17,Mexican Grand Prix,ericsson,sauber,14,12,0.0,Finished,71
2015,17,Mexican Grand Prix,sainz,toro_rosso,11,13,0.0,Finished,71
2015,17,Mexican Grand Prix,button,mclaren,20,14,0.0,Finished,71
2015,17,Mexican Grand Prix,rossi,manor,16,15,0.0,+2 Laps,69
2015,17,Mexican Grand Prix,stevens,manor,17,16,0.0,+2 Laps,69
2015,17,Mexican Grand Prix,nasr,sauber,15,17,0.0,Brakes,57
2015,17,Mexican Grand Prix,vettel,ferrari,3,18,0.0,Accident,50
2015,17,Mexican Grand Prix,raikkonen,ferrari,19,19,0.0,Collision,21
2015,17,Mexican Grand Prix,alonso,mclaren,18,20,0.0,Retired,1
2015,18,Brazilian Grand Prix,rosberg,mercedes,1,1,25.0,Finished,71
2015,18,Brazilian Grand Prix,hamilton,mercedes,2,2,18.0,Finished,71
2015,18,Brazilian Grand Prix,vettel,ferrari,3,3,15.0,Finished,71
2015,18,Brazilian Grand Prix,raikkonen,ferrari,4,4,12.0,Finished,71
2015,18,Brazilian Grand Prix,bottas,williams,7,5,10.0,+1 Lap,70
2015,18,Brazilian Grand Prix,hulkenberg,force_india,5,6,8.0,+1 Lap,70
2015,18,Brazilian Grand Prix,kvyat,red_bull,6,7,6.0,+1 Lap,70
2015,18,Brazilian Grand Prix,grosjean,lotus_f1,14,8,4.0,+1 Lap,70
2015,18,Brazilian Grand Prix,max_verstappen,toro_rosso,9,9,2.0,+1 Lap,70
2015,18,Brazilian Grand Prix,maldonado,lotus_f1,15,10,1.0,+1 Lap,70
2015,18,Brazilian Grand Prix,ricciardo,red_bull,19,11,0.0,+1 Lap,70
2015,18,Brazilian Grand Prix,perez,force_india,11,12,0.0,+1 Lap,70
2015,18,Brazilian Grand Prix,nasr,sauber,13,13,0.0,+1 Lap,70
2015,18,Brazilian Grand Prix,button,mclaren,16,14,0.0,+1 Lap,70
2015,18,Brazilian Grand Prix,alonso,mclaren,20,15,0.0,+1 Lap,70
2015,18,Brazilian Grand Prix,ericsson,sauber,12,16,0.0,+2 Laps,69
2015,18,Brazilian Grand Prix,stevens,manor,18,17,0.0,+4 Laps,67
2015,18,Brazilian Grand Prix,rossi,manor,17,18,0.0,+4 Laps,67
2015,18,Brazilian Grand Prix,sainz,toro_rosso,10,19,0.0,Retired,0
2015,18,Brazilian Grand Prix,massa,williams,8,20,0.0,Excluded,70
2015,19,Abu Dhabi Grand Prix,rosberg,mercedes,1,1,25.0,Finished,55
2015,19,Abu Dhabi Grand Prix,hamilton,mercedes,2,2,18.0,Finished,55
2015,19,Abu Dhabi Grand Prix,raikkonen,ferrari,3,3,15.0,Finished,55
2015,19,Abu Dhabi Grand Prix,vettel,ferrari,15,4,12.0,Finished,55
2015,19,Abu Dhabi Grand Prix,perez,force_india,4,5,10.0,Finished,55
2015,19,Abu Dhabi Grand Prix,ricciardo,red_bull,5,6,8.0,Finished,55
2015,19,Abu Dhabi Grand Prix,hulkenberg,force_india,7,7,6.0,Finished,55
2015,19,Abu Dhabi Grand Prix,massa,williams,8,8,4.0,Finished,55
2015,19,Abu Dhabi Grand Prix,grosjean,lotus_f1,18,9,2.0,Finished,55
2015,19,Abu Dhabi Grand Prix,kvyat,red_bull,9,10,1.0,Finished,55
2015,19,Abu Dhabi Grand Prix,sainz,toro_rosso,10,11,0.0,Finished,55
2015,19,Abu Dhabi Grand Prix,button,mclaren,12,12,0.0,+1 Lap,54
2015,19,Abu Dhabi Grand Prix,bottas,williams,6,13,0.0,+1 Lap,54
2015,19,Abu Dhabi Grand Prix,ericsson,sauber,17,14,0.0,+1 Lap,54
2015,19,Abu Dhabi Grand Prix,nasr,sauber,14,15,0.0,+1 Lap,54
2015,19,Abu Dhabi Grand Prix,max_verstappen,toro_rosso,11,16,0.0,+1 Lap,54
2015,19,Abu Dhabi Grand Prix,alonso,mclaren,16,17,0.0,+2 Laps,53
2015,19,Abu Dhabi Grand Prix,stevens,manor,19,18,0.0,+2 Laps,53
2015,19,Abu Dhabi Grand Prix,merhi,manor,20,19,0.0,+3 Laps,52
2015,19,Abu Dhabi Grand Prix,maldonado,lotus_f1,13,20,0.0,Collision,0
2016,1,Australian Grand Prix,rosberg,mercedes,2,1,25.0,Finished,57
2016,1,Australian Grand Prix,hamilton,mercedes,1,2,18.0,Finished,57
2016,1,Australian Grand Prix,vettel,ferrari,3,3,15.0,Finished,57
2016,1,Australian Grand Prix,ricciardo,red_bull,8,4,12.0,Finished,57
2016,1,Australian Grand Prix,massa,williams,6,5,10.0,Finished,57
2016,1,Australian Grand Prix,grosjean,haas,19,6,8.0,Finished,57
2016,1,Australian Grand Prix,hulkenberg,force_india,10,7,6.0,Finished,57
2016,1,Australian Grand Prix,bottas,williams,16,8,4.0,Finished,57
2016,1,Australian Grand Prix,sainz,toro_rosso,7,9,2.0,Finished,57
2016,1,Australian Grand Prix,max_verstappen,toro_rosso,5,10,1.0,Finished,57
2016,1,Australian Grand Prix,jolyon_palmer,renault,13,11,0.0,Finished,57
2016,1,Australian Grand Prix,kevin_magnussen,renault,14,12,0.0,Finished,57
2016,1,Australian Grand Prix,perez,force_india,9,13,0.0,Finished,57
2016,1,Australian Grand Prix,button,mclaren,12,14,0.0,+1 Lap,56
2016,1,Australian Grand Prix,nasr,sauber,17,15,0.0,+1 Lap,56
2016,1,Australian Grand Prix,wehrlein,manor,21,16,0.0,+1 Lap,56
2016,1,Australian Grand Prix,ericsson,sauber,15,17,0.0,Engine,38
2016,1,Australian Grand Prix,raikkonen,ferrari,4,18,0.0,Engine,21
2016,1,Australian Grand Prix,haryanto,manor,22,19,0.0,Mechanical,17
2016,1,Australian Grand Prix,gutierrez,haas,20,20,0.0,Collision,16
2016,1,Australian Grand Prix,alonso,mclaren,11,21,0.0,Collision,16
2016,1,Australian Grand Prix,kvyat,red_bull,18,22,0.0,Retired,0
2016,2,Bahrain Grand Prix,rosberg,mercedes,2,1,25.0,Finished,57
2016,2,Bahrain Grand Prix,raikkonen,ferrari,4,2,18.0,Finished,57
2016,2,Bahrain Grand Prix,hamilton,mercedes,1,3,15.0,Finished,57
2016,2,Bahrain Grand Prix,ricciardo,red_bull,5,4,12.0,Finished,57
2016,2,Bahrain Grand Prix,grosjean,haas,9,5,10.0,Finished,57
2016,2,Bahrain Grand Prix,max_verstappen,toro_rosso,10,6,8.0,Finished,57
2016,2,Bahrain Grand Prix,kvyat,red_bull,15,7,6.0,+1 Lap,56
2016,2,Bahrain Grand Prix,massa,williams,7,8,4.0,+1 Lap,56
2016,2,Bahrain Grand Prix,bottas,williams,6,9,2.0,+1 Lap,56
2016,2,Bahrain Grand Prix,vandoorne,mclaren,12,10,1.0,+1 Lap,56
2016,2,Bahrain Grand Prix,kevin_magnussen,renault,22,11,0.0,+1 Lap,56
2016,2,Bahrain Grand Prix,ericsson,sauber,17,12,0.0,+1 Lap,56
2016,2,Bahrain Grand Prix,wehrlein,manor,16,13,0.0,+1 Lap,56
2016,2,Bahrain Grand Prix,nasr,sauber,21,14,0.0,+1 Lap,56
2016,2,Bahrain Grand Prix,hulkenberg,force_india,8,15,0.0,+1 Lap,56
2016,2,Bahrain Grand Prix,perez,force_india,18,16,0.0,+1 Lap,56
2016,2,Bahrain Grand Prix,haryanto,manor,20,17,0.0,+1 Lap,56
2016,2,Bahrain Grand Prix,sainz,toro_rosso,11,18,0.0,Retired,29
2016,2,Bahrain Grand Prix,gutierrez,haas,13,19,0.0,Retired,9
2016,2,Bahrain Grand Prix,button,mclaren,14,20,0.0,Power Unit,6
2016,2,Bahrain Grand Prix,vettel,ferrari,3,21,0.0,Engine,0
2016,2,Bahrain Grand Prix,jolyon_palmer,renault,19,22,0.0,Hydraulics,0
2016,3,Chinese Grand Prix,rosberg,mercedes,1,1,25.0,Finished,56
2016,3,Chinese Grand Prix,vettel,ferrari,4,2,18.0,Finished,56
2016,3,Chinese Grand Prix,kvyat,red_bull,6,3,15.0,Finished,56
2016,3,Chinese Grand Prix,ricciardo,red_bull,2,4,12.0,Finished,56
2016,3,Chinese Grand Prix,raikkonen,ferrari,3,5,10.0,Finished,56
2016,3,Chinese Grand Prix,massa,williams,10,6,8.0,Finished,56
2016,3,Chinese Grand Prix,hamilton,mercedes,22,7,6.0,Finished,56
2016,3,Chinese Grand Prix,max_verstappen,toro_rosso,9,8,4.0,Finished,56
2016,3,Chinese Grand Prix,sainz,toro_rosso,8,9,2.0,Finished,56
2016,3,Chinese Grand Prix,bottas,williams,5,10,1.0,Finished,56
2016,3,Chinese Grand Prix,perez,force_india,7,11,0.0,Finished,56
2016,3,Chinese Grand Prix,alonso,mclaren,11,12,0.0,Finished,56
2016,3,Chinese Grand Prix,button,mclaren,12,13,0.0,Finished,56
2016,3,Chinese Grand Prix,gutierrez,haas,18,14,0.0,+1 Lap,55
2016,3,Chinese Grand Prix,hulkenberg,force_india,13,15,0.0,+1 Lap,55
2016,3,Chinese Grand Prix,ericsson,sauber,15,16,0.0,+1 Lap,55
2016,3,Chinese Grand Prix,kevin_magnussen,renault,17,17,0.0,+1 Lap,55
2016,3,Chinese Grand Prix,wehrlein,manor,21,18,0.0,+1 Lap,55
2016,3,Chinese Grand Prix,grosjean,haas,14,19,0.0,+1 Lap,55
2016,3,Chinese Grand Prix,nasr,sauber,16,20,0.0,+1 Lap,55
2016,3,Chinese Grand Prix,haryanto,manor,20,21,0.0,+1 Lap,55
2016,3,Chinese Grand Prix,jolyon_palmer,renault,19,22,0.0,+1 Lap,55
2016,4,Russian Grand Prix,rosberg,mercedes,1,1,25.0,Finished,53
2016,4,Russian Grand Prix,hamilton,mercedes,10,2,18.0,Finished,53
2016,4,Russian Grand Prix,raikkonen,ferrari,3,3,15.0,Finished,53
2016,4,Russian Grand Prix,bottas,williams,2,4,12.0,Finished,53
2016,4,Russian Grand Prix,massa,williams,4,5,10.0,Finished,53
2016,4,Russian Grand Prix,alonso,mclaren,14,6,8.0,+1 Lap,52
2016,4,Russian Grand Prix,kevin_magnussen,renault,17,7,6.0,+1 Lap,52
2016,4,Russian Grand Prix,grosjean,haas,15,8,4.0,+1 Lap,52
2016,4,Russian Grand Prix,perez,force_india,6,9,2.0,+1 Lap,52
2016,4,Russian Grand Prix,button,mclaren,12,10,1.0,+1 Lap,52
2016,4,Russian Grand Prix,ricciardo,red_bull,5,11,0.0,+1 Lap,52
2016,4,Russian Grand Prix,sainz,toro_rosso,11,12,0.0,+1 Lap,52
2016,4,Russian Grand Prix,jolyon_palmer,renault,18,13,0.0,+1 Lap,52
2016,4,Russian Grand Prix,ericsson,sauber,22,14,0.0,+1 Lap,52
2016,4,Russian Grand Prix,kvyat,red_bull,8,15,0.0,+1 Lap,52
2016,4,Russian Grand Prix,nasr,sauber,19,16,0.0,+1 Lap,52
2016,4,Russian Grand Prix,gutierrez,haas,16,17,0.0,+1 Lap,52
2016,4,Russian Grand Prix,wehrlein,manor,20,18,0.0,+2 Laps,51
2016,4,Russian Grand Prix,max_verstappen,toro_rosso,9,19,0.0,Power Unit,33
2016,4,Russian Grand Prix,vettel,ferrari,7,20,0.0,Collision,0
2016,4,Russian Grand Prix,hulkenberg,force_india,13,21,0.0,Collision,0
2016,4,Russian Grand Prix,haryanto,manor,21,22,0.0,Collision,0
2016,5,Spanish Grand Prix,max_verstappen,red_bull,4,1,25.0,Finished,66
2016,5,Spanish Grand Prix,raikkonen,ferrari,5,2,18.0,Finished,66
2016,5,Spanish Grand Prix,vettel,ferrari,6,3,15.0,Finished,66
2016,5,Spanish Grand Prix,ricciardo,red_bull,3,4,12.0,Finished,66
2016,5,Spanish Grand Prix,bottas,williams,7,5,10.0,Finished,66
2016,5,Spanish Grand Prix,sainz,toro_rosso,8,6,8.0,Finished,66
2016,5,Spanish Grand Prix,perez,force_india,9,7,6.0,Finished,66
2016,5,Spanish Grand Prix,massa,williams,18,8,4.0,Finished,66
2016,5,Spanish Grand Prix,button,mclaren,12,9,2.0,+1 Lap,65
2016,5,Spanish Grand Prix,kvyat,toro_rosso,13,10,1.0,+1 Lap,65
2016,5,Spanish Grand Prix,gutierrez,haas,16,11,0.0,+1 Lap,65
2016,5,Spanish Grand Prix,ericsson,sauber,19,12,0.0,+1 Lap,65
2016,5,Spanish Grand Prix,jolyon_palmer,renault,17,13,0.0,+1 Lap,65
2016,5,Spanish Grand Prix,kevin_magnussen,renault,15,14,0.0,+1 Lap,65
2016,5,Spanish Grand Prix,nasr,sauber,20,15,0.0,+1 Lap,65
2016,5,Spanish Grand Prix,wehrlein,manor,21,16,0.0,+1 Lap,65
2016,5,Spanish Grand Prix,haryanto,manor,22,17,0.0,+1 Lap,65
2016,5,Spanish Grand Prix,grosjean,haas,14,18,0.0,Engine,56
2016,5,Spanish Grand Prix,alonso,mclaren,10,19,0.0,Engine,45
2016,5,Spanish Grand Prix,hulkenberg,force_india,11,20,0.0,Engine,20
2016,5,Spanish Grand Prix,hamilton,mercedes,1,21,0.0,Collision,0
2016,5,Spanish Grand Prix,rosberg,mercedes,2,22,0.0,Collision,0
2016,6,Monaco Grand Prix,hamilton,mercedes,3,1,25.0,Finished,78
2016,6,Monaco Grand Prix,ricciardo,red_bull,1,2,18.0,Finished,78
2016,6,Monaco Grand Prix,perez,force_india,7,3,15.0,Finished,78
2016,6,Monaco Grand Prix,vettel,ferrari,4,4,12.0,Finished,78
2016,6,Monaco Grand Prix,alonso,mclaren,9,5,10.0,Finished,78
2016,6,Monaco Grand Prix,hulkenberg,force_india,5,6,8.0,Finished,78
2016,6,Monaco Grand Prix,rosberg,mercedes,2,7,6.0,Finished,78
2016,6,Monaco Grand Prix,sainz,toro_rosso,6,8,4.0,+1 Lap,77
2016,6,Monaco Grand Prix,button,mclaren,13,9,2.0,+1 Lap,77
2016,6,Monaco Grand Prix,massa,williams,14,10,1.0,+1 Lap,77
2016,6,Monaco Grand Prix,gutierrez,haas,12,11,0.0,+1 Lap,77
2016,6,Monaco Grand Prix,bottas,williams,10,12,0.0,+1 Lap,77
2016,6,Monaco Grand Prix,grosjean,haas,15,13,0.0,+2 Laps,76
2016,6,Monaco Grand Prix,wehrlein,manor,20,14,0.0,+2 Laps,76
2016,6,Monaco Grand Prix,haryanto,manor,19,15,0.0,+4 Laps,74
2016,6,Monaco Grand Prix,ericsson,sauber,17,16,0.0,Collision,51
2016,6,Monaco Grand Prix,nasr,sauber,0,17,0.0,Retired,48
2016,6,Monaco Grand Prix,max_verstappen,red_bull,0,18,0.0,Accident,34
2016,6,Monaco Grand Prix,kevin_magnussen,renault,16,19,0.0,Retired,32
2016,6,Monaco Grand Prix,kvyat,toro_rosso,8,20,0.0,Accident,18
2016,6,Monaco Grand Prix,raikkonen,ferrari,11,21,0.0,Accident,10
2016,6,Monaco Grand Prix,jolyon_palmer,renault,18,22,0.0,Accident,7
2016,7,Canadian Grand Prix,hamilton,mercedes,1,1,25.0,Finished,70
2016,7,Canadian Grand Prix,vettel,ferrari,3,2,18.0,Finished,70
2016,7,Canadian Grand Prix,bottas,williams,7,3,15.0,Finished,70
2016,7,Canadian Grand Prix,max_verstappen,red_bull,5,4,12.0,Finished,70
2016,7,Canadian Grand Prix,rosberg,mercedes,2,5,10.0,Finished,70
2016,7,Canadian Grand Prix,raikkonen,ferrari,6,6,8.0,Finished,70
2016,7,Canadian Grand Prix,ricciardo,red_bull,4,7,6.0,Finished,70
2016,7,Canadian Grand Prix,hulkenberg,force_india,9,8,4.0,+1 Lap,69
2016,7,Canadian Grand Prix,sainz,toro_rosso,20,9,2.0,+1 Lap,69
2016,7,Canadian Grand Prix,perez,force_india,11,10,1.0,+1 Lap,69
2016,7,Canadian Grand Prix,alonso,mclaren,10,11,0.0,+1 Lap,69
2016,7,Canadian Grand Prix,kvyat,toro_rosso,15,12,0.0,+1 Lap,69
2016,7,Canadian Grand Prix,gutierrez,haas,13,13,0.0,+2 Laps,68
2016,7,Canadian Grand Prix,grosjean,haas,14,14,0.0,+2 Laps,68
2016,7,Canadian Grand Prix,ericsson,sauber,21,15,0.0,+2 Laps,68
2016,7,Canadian Grand Prix,kevin_magnussen,renault,22,16,0.0,+2 Laps,68
2016,7,Canadian Grand Prix,wehrlein,manor,17,17,0.0,+2 Laps,68
2016,7,Canadian Grand Prix,nasr,sauber,18,18,0.0,+2 Laps,68
2016,7,Canadian Grand Prix,haryanto,manor,19,19,0.0,+2 Laps,68
2016,7,Canadian Grand Prix,massa,williams,8,20,0.0,Retired,35
2016,7,Canadian Grand Prix,jolyon_palmer,renault,16,21,0.0,Retired,16
2016,7,Canadian Grand Prix,button,mclaren,12,22,0.0,Power Unit,9
2016,8,European Grand Prix,rosberg,mercedes,1,1,25.0,Finished,51
2016,8,European Grand Prix,vettel,ferrari,3,2,18.0,Finished,51
2016,8,European Grand Prix,perez,force_india,7,3,15.0,Finished,51
2016,8,European Grand Prix,raikkonen,ferrari,4,4,12.0,Finished,51
2016,8,European Grand Prix,hamilton,mercedes,10,5,10.0,Finished,51
2016,8,European Grand Prix,bottas,williams,8,6,8.0,Finished,51
2016,8,European Grand Prix,ricciardo,red_bull,2,7,6.0,Finished,51
2016,8,European Grand Prix,max_verstappen,red_bull,9,8,4.0,Finished,51
2016,8,European Grand Prix,hulkenberg,force_india,12,9,2.0,Finished,51
2016,8,European Grand Prix,massa,williams,5,10,1.0,Finished,51
2016,8,European Grand Prix,button,mclaren,19,11,0.0,Finished,51
2016,8,European Grand Prix,nasr,sauber,15,12,0.0,+1 Lap,50
2016,8,European Grand Prix,grosjean,haas,11,13,0.0,+1 Lap,50
2016,8,European Grand Prix,kevin_magnussen,renault,22,14,0.0,+1 Lap,50
2016,8,European Grand Prix,jolyon_palmer,renault,21,15,0.0,+1 Lap,50
2016,8,European Grand Prix,gutierrez,haas,14,16,0.0,+1 Lap,50
2016,8,European Grand Prix,ericsson,sauber,20,17,0.0,+1 Lap,50
2016,8,European Grand Prix,haryanto,manor,16,18,0.0,+2 Laps,49
2016,8,European Grand Prix,alonso,mclaren,13,19,0.0,Gearbox,42
2016,8,European Grand Prix,wehrlein,manor,17,20,0.0,Brakes,39
2016,8,European Grand Prix,sainz,toro_rosso,18,21,0.0,Suspension,31
2016,8,European Grand Prix,kvyat,toro_rosso,6,22,0.0,Suspension,6
2016,9,Austrian Grand Prix,hamilton,mercedes,1,1,25.0,Finished,71
2016,9,Austrian Grand Prix,max_verstappen,red_bull,8,2,18.0,Finished,71
2016,9,Austrian Grand Prix,raikkonen,ferrari,4,3,15.0,Finished,71
2016,9,Austrian Grand Prix,rosberg,mercedes,6,4,12.0,Finished,71
2016,9,Austrian Grand Prix,ricciardo,red_bull,5,5,10.0,Finished,71
2016,9,Austrian Grand Prix,button,mclaren,3,6,8.0,Finished,71
2016,9,Austrian Grand Prix,grosjean,haas,13,7,6.0,Finished,71
2016,9,Austrian Grand Prix,sainz,toro_rosso,15,8,4.0,Finished,71
2016,9,Austrian Grand Prix,bottas,williams,7,9,2.0,+1 Lap,70
2016,9,Austrian Grand Prix,wehrlein,manor,12,10,1.0,+1 Lap,70
2016,9,Austrian Grand Prix,gutierrez,haas,11,11,0.0,+1 Lap,70
2016,9,Austrian Grand Prix,jolyon_palmer,renault,19,12,0.0,+1 Lap,70
2016,9,Austrian Grand Prix,nasr,sauber,21,13,0.0,+1 Lap,70
2016,9,Austrian Grand Prix,kevin_magnussen,renault,17,14,0.0,+1 Lap,70
2016,9,Austrian Grand Prix,ericsson,sauber,18,15,0.0,+1 Lap,70
2016,9,Austrian Grand Prix,haryanto,manor,20,16,0.0,+1 Lap,70
2016,9,Austrian Grand Prix,perez,force_india,16,17,0.0,Brakes,69
2016,9,Austrian Grand Prix,alonso,mclaren,14,18,0.0,Battery,64
2016,9,Austrian Grand Prix,hulkenberg,force_india,2,19,0.0,Brakes,64
2016,9,Austrian Grand Prix,massa,williams,0,20,0.0,Brakes,63
2016,9,Austrian Grand Prix,vettel,ferrari,9,21,0.0,Tyre,26
2016,9,Austrian Grand Prix,kvyat,toro_rosso,0,22,0.0,Retired,2
2016,10,British Grand Prix,hamilton,mercedes,1,1,25.0,Finished,52
2016,10,British Grand Prix,max_verstappen,red_bull,3,2,18.0,Finished,52
2016,10,British Grand Prix,rosberg,mercedes,2,3,15.0,Finished,52
2016,10,British Grand Prix,ricciardo,red_bull,4,4,12.0,Finished,52
2016,10,British Grand Prix,raikkonen,ferrari,5,5,10.0,Finished,52
2016,10,British Grand Prix,perez,force_india,10,6,8.0,Finished,52
2016,10,British Grand Prix,hulkenberg,force_india,8,7,6.0,Finished,52
2016,10,British Grand Prix,sainz,toro_rosso,7,8,4.0,Finished,52
2016,10,British Grand Prix,vettel,ferrari,11,9,2.0,Finished,52
2016,10,British Grand Prix,kvyat,toro_rosso,15,10,1.0,Finished,52
2016,10,British Grand Prix,massa,williams,12,11,0.0,+1 Lap,51
2016,10,British Grand Prix,button,mclaren,17,12,0.0,+1 Lap,51
2016,10,British Grand Prix,alonso,mclaren,9,13,0.0,+1 Lap,51
2016,10,British Grand Prix,bottas,williams,6,14,0.0,+1 Lap,51
2016,10,British Grand Prix,nasr,sauber,21,15,0.0,+1 Lap,51
2016,10,British Grand Prix,gutierrez,haas,14,16,0.0,+1 Lap,51
2016,10,British Grand Prix,kevin_magnussen,renault,16,17,0.0,Gearbox,49
2016,10,British Grand Prix,jolyon_palmer,renault,18,18,0.0,Gearbox,37
2016,10,British Grand Prix,haryanto,manor,19,19,0.0,Spun off,24
2016,10,British Grand Prix,grosjean,haas,13,20,0.0,Retired,17
2016,10,British Grand Prix,ericsson,sauber,22,21,0.0,Power Unit,11
2016,10,British Grand Prix,wehrlein,manor,20,22,0.0,Spun off,6
2016,11,Hungarian Grand Prix,hamilton,mercedes,2,1,25.0,Finished,70
2016,11,Hungarian Grand Prix,rosberg,mercedes,1,2,18.0,Finished,70
2016,11,Hungarian Grand Prix,ricciardo,red_bull,3,3,15.0,Finished,70
2016,11,Hungarian Grand Prix,vettel,ferrari,5,4,12.0,Finished,70
2016,11,Hungarian Grand Prix,max_verstappen,red_bull,4,5,10.0,Finished,70
2016,11,Hungarian Grand Prix,raikkonen,ferrari,14,6,8.0,Finished,70
2016,11,Hungarian Grand Prix,alonso,mclaren,7,7,6.0,+1 Lap,69
2016,11,Hungarian Grand Prix,sainz,toro_rosso,6,8,4.0,+1 Lap,69
2016,11,Hungarian Grand Prix,bottas,williams,10,9,2.0,+1 Lap,69
2016,11,Hungarian Grand Prix,hulkenberg,force_india,9,10,1.0,+1 Lap,69
2016,11,Hungarian Grand Prix,perez,force_india,13,11,0.0,+1 Lap,69
2016,11,Hungarian Grand Prix,jolyon_palmer,renault,17,12,0.0,+1 Lap,69
2016,11,Hungarian Grand Prix,gutierrez,haas,15,13,0.0,+1 Lap,69
2016,11,Hungarian Grand Prix,grosjean,haas,11,14,0.0,+1 Lap,69
2016,11,Hungarian Grand Prix,kevin_magnussen,renault,19,15,0.0,+1 Lap,69
2016,11,Hungarian Grand Prix,kvyat,toro_rosso,12,16,0.0,+1 Lap,69
2016,11,Hungarian Grand Prix,nasr,sauber,16,17,0.0,+1 Lap,69
2016,11,Hungarian Grand Prix,massa,williams,18,18,0.0,+2 Laps,68
2016,11,Hungarian Grand Prix,wehrlein,manor,20,19,0.0,+2 Laps,68
2016,11,Hungarian Grand Prix,ericsson,sauber,22,20,0.0,+2 Laps,68
2016,11,Hungarian Grand Prix,haryanto,manor,21,21,0.0,+2 Laps,68
2016,11,Hungarian Grand Prix,button,mclaren,8,22,0.0,Oil leak,60
2016,12,German Grand Prix,hamilton,mercedes,2,1,25.0,Finished,67
2016,12,German Grand Prix,ricciardo,red_bull,3,2,18.0,Finished,67
2016,12,German Grand Prix,max_verstappen,red_bull,4,3,15.0,Finished,67
2016,12,German Grand Prix,rosberg,mercedes,1,4,12.0,Finished,67
2016,12,German Grand Prix,vettel,ferrari,6,5,10.0,Finished,67
2016,12,German Grand Prix,raikkonen,ferrari,5,6,8.0,Finished,67
2016,12,German Grand Prix,hulkenberg,force_india,8,7,6.0,Finished,67
2016,12,German Grand Prix,button,mclaren,12,8,4.0,+1 Lap,66
2016,12,German Grand Prix,bottas,williams,7,9,2.0,+1 Lap,66
2016,12,German Grand Prix,perez,force_india,9,10,1.0,+1 Lap,66
2016,12,German Grand Prix,gutierrez,haas,11,11,0.0,+1 Lap,66
2016,12,German Grand Prix,alonso,mclaren,13,12,0.0,+1 Lap,66
2016,12,German Grand Prix,grosjean,haas,20,13,0.0,+1 Lap,66
2016,12,German Grand Prix,sainz,toro_rosso,15,14,0.0,+1 Lap,66
2016,12,German Grand Prix,kvyat,toro_rosso,18,15,0.0,+1 Lap,66
2016,12,German Grand Prix,kevin_magnussen,renault,16,16,0.0,+1 Lap,66
2016,12,German Grand Prix,wehrlein,manor,17,17,0.0,+2 Laps,65
2016,12,German Grand Prix,ericsson,sauber,22,18,0.0,+2 Laps,65
2016,12,German Grand Prix,jolyon_palmer,renault,14,19,0.0,+2 Laps,65
2016,12,German Grand Prix,haryanto,manor,19,20,0.0,+2 Laps,65
2016,12,German Grand Prix,nasr,sauber,21,21,0.0,Power Unit,57
2016,12,German Grand Prix,massa,williams,10,22,0.0,Suspension,36
2016,13,Belgian Grand Prix,rosberg,mercedes,1,1,25.0,Finished,44
2016,13,Belgian Grand Prix,ricciardo,red_bull,5,2,18.0,Finished,44
2016,13,Belgian Grand Prix,hamilton,mercedes,21,3,15.0,Finished,44
2016,13,Belgian Grand Prix,hulkenberg,force_india,7,4,12.0,Finished,44
2016,13,Belgian Grand Prix,perez,force_india,6,5,10.0,Finished,44
2016,13,Belgian Grand Prix,vettel,ferrari,4,6,8.0,Finished,44
2016,13,Belgian Grand Prix,alonso,mclaren,22,7,6.0,Finished,44
2016,13,Belgian Grand Prix,bottas,williams,8,8,4.0,Finished,44
2016,13,Belgian Grand Prix,raikkonen,ferrari,3,9,2.0,Finished,44
2016,13,Belgian Grand Prix,massa,williams,10,10,1.0,Finished,44
2016,13,Belgian Grand Prix,max_verstappen,red_bull,2,11,0.0,Finished,44
2016,13,Belgian Grand Prix,gutierrez,haas,18,12,0.0,Finished,44
2016,13,Belgian Grand Prix,grosjean,haas,11,13,0.0,Finished,44
2016,13,Belgian Grand Prix,kvyat,toro_rosso,19,14,0.0,Finished,44
2016,13,Belgian Grand Prix,jolyon_palmer,renault,13,15,0.0,Finished,44
2016,13,Belgian Grand Prix,ocon,manor,17,16,0.0,+1 Lap,43
2016,13,Belgian Grand Prix,nasr,sauber,16,17,0.0,+1 Lap,43
2016,13,Belgian Grand Prix,kevin_magnussen,renault,12,18,0.0,Accident,5
2016,13,Belgian Grand Prix,ericsson,sauber,20,19,0.0,Gearbox,3
2016,13,Belgian Grand Prix,sainz,toro_rosso,14,20,0.0,Puncture,1
2016,13,Belgian Grand Prix,button,mclaren,9,21,0.0,Collision damage,1
2016,13,Belgian Grand Prix,wehrlein,manor,15,22,0.0,Collision damage,0
2016,14,Italian Grand Prix,rosberg,mercedes,2,1,25.0,Finished,53
2016,14,Italian Grand Prix,hamilton,mercedes,1,2,18.0,Finished,53
2016,14,Italian Grand Prix,vettel,ferrari,3,3,15.0,Finished,53
2016,14,Italian Grand Prix,raikkonen,ferrari,4,4,12.0,Finished,53
2016,14,Italian Grand Prix,ricciardo,red_bull,6,5,10.0,Finished,53
2016,14,Italian Grand Prix,bottas,williams,5,6,8.0,Finished,53
2016,14,Italian Grand Prix,max_verstappen,red_bull,7,7,6.0,Finished,53
2016,14,Italian Grand Prix,perez,force_india,8,8,4.0,Finished,53
2016,14,Italian Grand Prix,massa,williams,11,9,2.0,Finished,53
2016,14,Italian Grand Prix,hulkenberg,force_india,9,10,1.0,Finished,53
2016,14,Italian Grand Prix,grosjean,haas,17,11,0.0,+1 Lap,52
2016,14,Italian Grand Prix,button,mclaren,14,12,0.0,+1 Lap,52
2016,14,Italian Grand Prix,gutierrez,haas,10,13,0.0,+1 Lap,52
2016,14,Italian Grand Prix,alonso,mclaren,12,14,0.0,+1 Lap,52
2016,14,Italian Grand Prix,sainz,toro_rosso,15,15,0.0,+1 Lap,52
2016,14,Italian Grand Prix,ericsson,sauber,19,16,0.0,+1 Lap,52
2016,14,Italian Grand Prix,kevin_magnussen,renault,21,17,0.0,+1 Lap,52
2016,14,Italian Grand Prix,ocon,manor,22,18,0.0,+2 Laps,51
2016,14,Italian Grand Prix,kvyat,toro_rosso,16,19,0.0,Battery,36
2016,14,Italian Grand Prix,wehrlein,manor,13,20,0.0,Oil leak,26
2016,14,Italian Grand Prix,jolyon_palmer,renault,20,21,0.0,Collision damage,7
2016,14,Italian Grand Prix,nasr,sauber,18,22,0.0,Collision damage,6
2016,15,Singapore Grand Prix,rosberg,mercedes,1,1,25.0,Finished,61
2016,15,Singapore Grand Prix,ricciardo,red_bull,2,2,18.0,Finished,61
2016,15,Singapore Grand Prix,hamilton,mercedes,3,3,15.0,Finished,61
2016,15,Singapore Grand Prix,raikkonen,ferrari,5,4,12.0,Finished,61
2016,15,Singapore Grand Prix,vettel,ferrari,22,5,10.0,Finished,61
2016,15,Singapore Grand Prix,max_verstappen,red_bull,4,6,8.0,Finished,61
2016,15,Singapore Grand Prix,alonso,mclaren,9,7,6.0,Finished,61
2016,15,Singapore Grand Prix,perez,force_india,17,8,4.0,Finished,61
2016,15,Singapore Grand Prix,kvyat,toro_rosso,7,9,2.0,Finished,61
2016,15,Singapore Grand Prix,kevin_magnussen,renault,15,10,1.0,Finished,61
2016,15,Singapore Grand Prix,gutierrez,haas,13,11,0.0,+1 Lap,60
2016,15,Singapore Grand Prix,massa,williams,11,12,0.0,+1 Lap,60
2016,15,Singapore Grand Prix,nasr,sauber,16,13,0.0,+1 Lap,60
2016,15,Singapore Grand Prix,sainz,toro_rosso,6,14,0.0,+1 Lap,60
2016,15,Singapore Grand Prix,jolyon_palmer,renault,18,15,0.0,+1 Lap,60
2016,15,Singapore Grand Prix,wehrlein,manor,19,16,0.0,+1 Lap,60
2016,15,Singapore Grand Prix,ericsson,sauber,14,17,0.0,+1 Lap,60
2016,15,Singapore Grand Prix,ocon,manor,21,18,0.0,+2 Laps,59
2016,15,Singapore Grand Prix,button,mclaren,12,19,0.0,Brakes,43
2016,15,Singapore Grand Prix,bottas,williams,10,20,0.0,Overheating,35
2016,15,Singapore Grand Prix,hulkenberg,force_india,8,21,0.0,Collision,0
2016,15,Singapore Grand Prix,grosjean,haas,20,22,0.0,Withdrew,0
2016,16,Malaysian Grand Prix,ricciardo,red_bull,4,1,25.0,Finished,56
2016,16,Malaysian Grand Prix,max_verstappen,red_bull,3,2,18.0,Finished,56
2016,16,Malaysian Grand Prix,rosberg,mercedes,2,3,15.0,Finished,56
2016,16,Malaysian Grand Prix,raikkonen,ferrari,6,4,12.0,Finished,56
2016,16,Malaysian Grand Prix,bottas,williams,11,5,10.0,Finished,56
2016,16,Malaysian Grand Prix,perez,force_india,7,6,8.0,Finished,56
2016,16,Malaysian Grand Prix,alonso,mclaren,22,7,6.0,Finished,56
2016,16,Malaysian Grand Prix,hulkenberg,force_india,8,8,4.0,Finished,56
2016,16,Malaysian Grand Prix,button,mclaren,9,9,2.0,Finished,56
2016,16,Malaysian Grand Prix,jolyon_palmer,renault,19,10,1.0,Finished,56
2016,16,Malaysian Grand Prix,sainz,toro_rosso,16,11,0.0,Finished,56
2016,16,Malaysian Grand Prix,ericsson,sauber,17,12,0.0,+1 Lap,55
2016,16,Malaysian Grand Prix,massa,williams,10,13,0.0,+1 Lap,55
2016,16,Malaysian Grand Prix,kvyat,toro_rosso,15,14,0.0,+1 Lap,55
2016,16,Malaysian Grand Prix,wehrlein,manor,21,15,0.0,+1 Lap,55
2016,16,Malaysian Grand Prix,ocon,manor,20,16,0.0,+1 Lap,55
2016,16,Malaysian Grand Prix,nasr,sauber,18,17,0.0,Brakes,46
2016,16,Malaysian Grand Prix,hamilton,mercedes,1,18,0.0,Engine,40
2016,16,Malaysian Grand Prix,gutierrez,haas,13,19,0.0,Wheel nut,39
2016,16,Malaysian Grand Prix,kevin_magnussen,renault,14,20,0.0,Power loss,17
2016,16,Malaysian Grand Prix,grosjean,haas,12,21,0.0,Brakes,7
2016,16,Malaysian Grand Prix,vettel,ferrari,5,22,0.0,Collision,0
2016,17,Japanese Grand Prix,rosberg,mercedes,1,1,25.0,Finished,53
2016,17,Japanese Grand Prix,max_verstappen,red_bull,3,2,18.0,Finished,53
2016,17,Japanese Grand Prix,hamilton,mercedes,2,3,15.0,Finished,53
2016,17,Japanese Grand Prix,vettel,ferrari,6,4,12.0,Finished,53
2016,17,Japanese Grand Prix,raikkonen,ferrari,8,5,10.0,Finished,53
2016,17,Japanese Grand Prix,ricciardo,red_bull,4,6,8.0,Finished,53
2016,17,Japanese Grand Prix,perez,force_india,5,7,6.0,Finished,53
2016,17,Japanese Grand Prix,hulkenberg,force_india,9,8,4.0,Finished,53
2016,17,Japanese Grand Prix,massa,williams,12,9,2.0,Finished,53
2016,17,Japanese Grand Prix,bottas,williams,11,10,1.0,Finished,53
2016,17,Japanese Grand Prix,grosjean,haas,7,11,0.0,Finished,53
2016,17,Japanese Grand Prix,jolyon_palmer,renault,16,12,0.0,+1 Lap,52
2016,17,Japanese Grand Prix,kvyat,toro_rosso,13,13,0.0,+1 Lap,52
2016,17,Japanese Grand Prix,kevin_magnussen,renault,17,14,0.0,+1 Lap,52
2016,17,Japanese Grand Prix,ericsson,sauber,18,15,0.0,+1 Lap,52
2016,17,Japanese Grand Prix,alonso,mclaren,15,16,0.0,+1 Lap,52
2016,17,Japanese Grand Prix,sainz,toro_rosso,14,17,0.0,+1 Lap,52
2016,17,Japanese Grand Prix,button,mclaren,22,18,0.0,+1 Lap,52
2016,17,Japanese Grand Prix,nasr,sauber,19,19,0.0,+1 Lap,52
2016,17,Japanese Grand Prix,gutierrez,haas,10,20,0.0,+1 Lap,52
2016,17,Japanese Grand Prix,ocon,manor,20,21,0.0,+1 Lap,52
2016,17,Japanese Grand Prix,wehrlein,manor,21,22,0.0,+1 Lap,52
2016,18,United States Grand Prix,hamilton,mercedes,1,1,25.0,Finished,56
2016,18,United States Grand Prix,rosberg,mercedes,2,2,18.0,Finished,56
2016,18,United States Grand Prix,ricciardo,red_bull,3,3,15.0,Finished,56
2016,18,United States Grand Prix,vettel,ferrari,6,4,12.0,Finished,56
2016,18,United States Grand Prix,alonso,mclaren,12,5,10.0,Finished,56
2016,18,United States Grand Prix,sainz,toro_rosso,10,6,8.0,Finished,56
2016,18,United States Grand Prix,massa,williams,9,7,6.0,+1 Lap,55
2016,18,United States Grand Prix,perez,force_india,11,8,4.0,+1 Lap,55
2016,18,United States Grand Prix,button,mclaren,19,9,2.0,+1 Lap,55
2016,18,United States Grand Prix,grosjean,haas,17,10,1.0,+1 Lap,55
2016,18,United States Grand Prix,kvyat,toro_rosso,13,11,0.0,+1 Lap,55
2016,18,United States Grand Prix,kevin_magnussen,renault,18,12,0.0,+1 Lap,55
2016,18,United States Grand Prix,jolyon_palmer,renault,15,13,0.0,+1 Lap,55
2016,18,United States Grand Prix,ericsson,sauber,16,14,0.0,+1 Lap,55
2016,18,United States Grand Prix,nasr,sauber,21,15,0.0,+1 Lap,55
2016,18,United States Grand Prix,bottas,williams,8,16,0.0,+1 Lap,55
2016,18,United States Grand Prix,wehrlein,manor,20,17,0.0,+1 Lap,55
2016,18,United States Grand Prix,ocon,manor,22,18,0.0,+2 Laps,54
2016,18,United States Grand Prix,raikkonen,ferrari,5,19,0.0,Wheel,38
2016,18,United States Grand Prix,max_verstappen,red_bull,4,20,0.0,Gearbox,28
2016,18,United States Grand Prix,gutierrez,haas,14,21,0.0,Brakes,16
2016,18,United States Grand Prix,hulkenberg,force_india,7,22,0.0,Collision,1
2016,19,Mexican Grand Prix,hamilton,mercedes,1,1,25.0,Finished,71
2016,19,Mexican Grand Prix,rosberg,mercedes,2,2,18.0,Finished,71
2016,19,Mexican Grand Prix,ricciardo,red_bull,4,3,15.0,Finished,71
2016,19,Mexican Grand Prix,max_verstappen,red_bull,3,4,12.0,Finished,71
2016,19,Mexican Grand Prix,vettel,ferrari,7,5,10.0,Finished,71
2016,19,Mexican Grand Prix,raikkonen,ferrari,6,6,8.0,Finished,71
2016,19,Mexican Grand Prix,hulkenberg,force_india,5,7,6.0,Finished,71
2016,19,Mexican Grand Prix,bottas,williams,8,8,4.0,Finished,71
2016,19,Mexican Grand Prix,massa,williams,9,9,2.0,Finished,71
2016,19,Mexican Grand Prix,perez,force_india,12,10,1.0,Finished,71
2016,19,Mexican Grand Prix,ericsson,sauber,15,11,0.0,+1 Lap,70
2016,19,Mexican Grand Prix,button,mclaren,13,12,0.0,+1 Lap,70
2016,19,Mexican Grand Prix,alonso,mclaren,11,13,0.0,+1 Lap,70
2016,19,Mexican Grand Prix,jolyon_palmer,renault,21,14,0.0,+1 Lap,70
2016,19,Mexican Grand Prix,nasr,sauber,19,15,0.0,+1 Lap,70
2016,19,Mexican Grand Prix,sainz,toro_rosso,10,16,0.0,+1 Lap,70
2016,19,Mexican Grand Prix,kevin_magnussen,renault,14,17,0.0,+1 Lap,70
2016,19,Mexican Grand Prix,kvyat,toro_rosso,18,18,0.0,+1 Lap,70
2016,19,Mexican Grand Prix,gutierrez,haas,17,19,0.0,+1 Lap,70
2016,19,Mexican Grand Prix,grosjean,haas,22,20,0.0,+1 Lap,70
2016,19,Mexican Grand Prix,ocon,manor,20,21,0.0,+2 Laps,69
2016,19,Mexican Grand Prix,wehrlein,manor,16,22,0.0,Collision,0
2016,20,Brazilian Grand Prix,hamilton,mercedes,1,1,25.0,Finished,71
2016,20,Brazilian Grand Prix,rosberg,mercedes,2,2,18.0,Finished,71
2016,20,Brazilian Grand Prix,max_verstappen,red_bull,4,3,15.0,Finished,71
2016,20,Brazilian Grand Prix,perez,force_india,9,4,12.0,Finished,71
2016,20,Brazilian Grand Prix,vettel,ferrari,5,5,10.0,Finished,71
2016,20,Brazilian Grand Prix,sainz,toro_rosso,15,6,8.0,Finished,71
2016,20,Brazilian Grand Prix,hulkenberg,force_india,8,7,6.0,Finished,71
2016,20,Brazilian Grand Prix,ricciardo,red_bull,6,8,4.0,Finished,71
2016,20,Brazilian Grand Prix,nasr,sauber,21,9,2.0,Finished,71
2016,20,Brazilian Grand Prix,alonso,mclaren,10,10,1.0,Finished,71
2016,20,Brazilian Grand Prix,bottas,williams,11,11,0.0,Finished,71
2016,20,Brazilian Grand Prix,ocon,manor,22,12,0.0,Finished,71
2016,20,Brazilian Grand Prix,kvyat,toro_rosso,14,13,0.0,Finished,71
2016,20,Brazilian Grand Prix,kevin_magnussen,renault,18,14,0.0,Finished,71
2016,20,Brazilian Grand Prix,wehrlein,manor,19,15,0.0,Finished,71
2016,20,Brazilian Grand Prix,button,mclaren,17,16,0.0,Finished,71
2016,20,Brazilian Grand Prix,gutierrez,haas,12,17,0.0,Retired,60
2016,20,Brazilian Grand Prix,massa,williams,13,18,0.0,Collision,46
2016,20,Brazilian Grand Prix,jolyon_palmer,renault,16,19,0.0,Collision damage,20
2016,20,Brazilian Grand Prix,raikkonen,ferrari,3,20,0.0,Collision,19
2016,20,Brazilian Grand Prix,ericsson,sauber,20,21,0.0,Collision,11
2016,20,Brazilian Grand Prix,grosjean,haas,7,22,0.0,Withdrew,0
2016,21,Abu Dhabi Grand Prix,hamilton,mercedes,1,1,25.0,Finished,55
2016,21,Abu Dhabi Grand Prix,rosberg,mercedes,2,2,18.0,Finished,55
2016,21,Abu Dhabi Grand Prix,vettel,ferrari,5,3,15.0,Finished,55
2016,21,Abu Dhabi Grand Prix,max_verstappen,red_bull,6,4,12.0,Finished,55
2016,21,Abu Dhabi Grand Prix,ricciardo,red_bull,3,5,10.0,Finished,55
2016,21,Abu Dhabi Grand Prix,raikkonen,ferrari,4,6,8.0,Finished,55
2016,21,Abu Dhabi Grand Prix,hulkenberg,force_india,7,7,6.0,Finished,55
2016,21,Abu Dhabi Grand Prix,perez,force_india,8,8,4.0,Finished,55
2016,21,Abu Dhabi Grand Prix,massa,williams,10,9,2.0,Finished,55
2016,21,Abu Dhabi Grand Prix,alonso,mclaren,9,10,1.0,Finished,55
2016,21,Abu Dhabi Grand Prix,grosjean,haas,14,11,0.0,Finished,55
2016,21,Abu Dhabi Grand Prix,gutierrez,haas,13,12,0.0,Finished,55
2016,21,Abu Dhabi Grand Prix,ocon,manor,20,13,0.0,+1 Lap,54
2016,21,Abu Dhabi Grand Prix,wehrlein,manor,16,14,0.0,+1 Lap,54
2016,21,Abu Dhabi Grand Prix,ericsson,sauber,22,15,0.0,+1 Lap,54
2016,21,Abu Dhabi Grand Prix,nasr,sauber,19,16,0.0,+1 Lap,54
2016,21,Abu Dhabi Grand Prix,jolyon_palmer,renault,15,17,0.0,+1 Lap,54
2016,21,Abu Dhabi Grand Prix,sainz,toro_rosso,21,18,0.0,Collision damage,41
2016,21,Abu Dhabi Grand Prix,kvyat,toro_rosso,17,19,0.0,Gearbox,14
2016,21,Abu Dhabi Grand Prix,button,mclaren,12,20,0.0,Suspension,12
2016,21,Abu Dhabi Grand Prix,bottas,williams,11,21,0.0,Suspension,6
2016,21,Abu Dhabi Grand Prix,kevin_magnussen,renault,18,22,0.0,Suspension,5
2017,1,Australian Grand Prix,vettel,ferrari,2,1,25.0,Finished,57
2017,1,Australian Grand Prix,hamilton,mercedes,1,2,18.0,Finished,57
2017,1,Australian Grand Prix,bottas,mercedes,3,3,15.0,Finished,57
2017,1,Australian Grand Prix,raikkonen,ferrari,4,4,12.0,Finished,57
2017,1,Australian Grand Prix,max_verstappen,red_bull,5,5,10.0,Finished,57
2017,1,Australian Grand Prix,massa,williams,7,6,8.0,Finished,57
2017,1,Australian Grand Prix,perez,force_india,10,7,6.0,+1 Lap,56
2017,1,Australian Grand Prix,sainz,toro_rosso,8,8,4.0,+1 Lap,56
2017,1,Australian Grand Prix,kvyat,toro_rosso,9,9,2.0,+1 Lap,56
2017,1,Australian Grand Prix,ocon,force_india,13,10,1.0,+1 Lap,56
2017,1,Australian Grand Prix,hulkenberg,renault,11,11,0.0,+1 Lap,56
2017,1,Australian Grand Prix,giovinazzi,sauber,16,12,0.0,+2 Laps,55
2017,1,Australian Grand Prix,vandoorne,mclaren,18,13,0.0,+2 Laps,55
2017,1,Australian Grand Prix,alonso,mclaren,12,14,0.0,Vibrations,50
2017,1,Australian Grand Prix,kevin_magnussen,haas,17,15,0.0,Suspension,46
2017,1,Australian Grand Prix,stroll,williams,20,16,0.0,Brakes,40
2017,1,Australian Grand Prix,ricciardo,red_bull,0,17,0.0,Power Unit,25
2017,1,Australian Grand Prix,ericsson,sauber,14,18,0.0,Hydraulics,21
2017,1,Australian Grand Prix,jolyon_palmer,renault,19,19,0.0,Brakes,15
2017,1,Australian Grand Prix,grosjean,haas,6,20,0.0,Water leak,13
2017,2,Chinese Grand Prix,hamilton,mercedes,1,1,25.0,Finished,56
2017,2,Chinese Grand Prix,vettel,ferrari,2,2,18.0,Finished,56
2017,2,Chinese Grand Prix,max_verstappen,red_bull,16,3,15.0,Finished,56
2017,2,Chinese Grand Prix,ricciardo,red_bull,5,4,12.0,Finished,56
2017,2,Chinese Grand Prix,raikkonen,ferrari,4,5,10.0,Finished,56
2017,2,Chinese Grand Prix,bottas,mercedes,3,6,8.0,Finished,56
2017,2,Chinese Grand Prix,sainz,toro_rosso,11,7,6.0,Finished,56
2017,2,Chinese Grand Prix,kevin_magnussen,haas,12,8,4.0,+1 Lap,55
2017,2,Chinese Grand Prix,perez,force_india,8,9,2.0,+1 Lap,55
2017,2,Chinese Grand Prix,ocon,force_india,17,10,1.0,+1 Lap,55
2017,2,Chinese Grand Prix,grosjean,haas,19,11,0.0,+1 Lap,55
2017,2,Chinese Grand Prix,hulkenberg,renault,7,12,0.0,+1 Lap,55
2017,2,Chinese Grand Prix,jolyon_palmer,renault,20,13,0.0,+1 Lap,55
2017,2,Chinese Grand Prix,massa,williams,6,14,0.0,+1 Lap,55
2017,2,Chinese Grand Prix,ericsson,sauber,14,15,0.0,+1 Lap,55
2017,2,Chinese Grand Prix,alonso,mclaren,13,16,0.0,Driveshaft,33
2017,2,Chinese Grand Prix,kvyat,toro_rosso,9,17,0.0,Hydraulics,18
2017,2,Chinese Grand Prix,vandoorne,mclaren,15,18,0.0,Fuel pressure,17
2017,2,Chinese Grand Prix,giovinazzi,sauber,18,19,0.0,Accident,3
2017,2,Chinese Grand Prix,stroll,williams,10,20,0.0,Collision,0
2017,3,Bahrain Grand Prix,vettel,ferrari,3,1,25.0,Finished,57
2017,3,Bahrain Grand Prix,hamilton,mercedes,2,2,18.0,Finished,57
2017,3,Bahrain Grand Prix,bottas,mercedes,1,3,15.0,Finished,57
2017,3,Bahrain Grand Prix,raikkonen,ferrari,5,4,12.0,Finished,57
2017,3,Bahrain Grand Prix,ricciardo,red_bull,4,5,10.0,Finished,57
2017,3,Bahrain Grand Prix,massa,williams,8,6,8.0,Finished,57
2017,3,Bahrain Grand Prix,perez,force_india,18,7,6.0,Finished,57
2017,3,Bahrain Grand Prix,grosjean,haas,9,8,4.0,Finished,57
2017,3,Bahrain Grand Prix,hulkenberg,renault,7,9,2.0,Finished,57
2017,3,Bahrain Grand Prix,ocon,force_india,14,10,1.0,Finished,57
2017,3,Bahrain Grand Prix,wehrlein,sauber,13,11,0.0,+1 Lap,56
2017,3,Bahrain Grand Prix,kvyat,toro_rosso,11,12,0.0,+1 Lap,56
2017,3,Bahrain Grand Prix,jolyon_palmer,renault,10,13,0.0,+1 Lap,56
2017,3,Bahrain Grand Prix,alonso,mclaren,15,14,0.0,Power Unit,54
2017,3,Bahrain Grand Prix,ericsson,sauber,19,15,0.0,Gearbox,50
2017,3,Bahrain Grand Prix,sainz,toro_rosso,16,16,0.0,Collision,12
2017,3,Bahrain Grand Prix,stroll,williams,12,17,0.0,Collision,12
2017,3,Bahrain Grand Prix,max_verstappen,red_bull,6,18,0.0,Brakes,11
2017,3,Bahrain Grand Prix,kevin_magnussen,haas,20,19,0.0,Electrical,8
2017,3,Bahrain Grand Prix,vandoorne,mclaren,17,20,0.0,Power Unit,0
2017,4,Russian Grand Prix,bottas,mercedes,3,1,25.0,Finished,52
2017,4,Russian Grand Prix,vettel,ferrari,1,2,18.0,Finished,52
2017,4,Russian Grand Prix,raikkonen,ferrari,2,3,15.0,Finished,52
2017,4,Russian Grand Prix,hamilton,mercedes,4,4,12.0,Finished,52
2017,4,Russian Grand Prix,max_verstappen,red_bull,7,5,10.0,Finished,52
2017,4,Russian Grand Prix,perez,force_india,9,6,8.0,Finished,52
2017,4,Russian Grand Prix,ocon,force_india,10,7,6.0,Finished,52
2017,4,Russian Grand Prix,hulkenberg,renault,8,8,4.0,Finished,52
2017,4,Russian Grand Prix,massa,williams,6,9,2.0,+1 Lap,51
2017,4,Russian Grand Prix,sainz,toro_rosso,14,10,1.0,+1 Lap,51
2017,4,Russian Grand Prix,stroll,williams,11,11,0.0,+1 Lap,51
2017,4,Russian Grand Prix,kvyat,toro_rosso,12,12,0.0,+1 Lap,51
2017,4,Russian Grand Prix,kevin_magnussen,haas,13,13,0.0,+1 Lap,51
2017,4,Russian Grand Prix,vandoorne,mclaren,20,14,0.0,+1 Lap,51
2017,4,Russian Grand Prix,ericsson,sauber,18,15,0.0,+1 Lap,51
2017,4,Russian Grand Prix,wehrlein,sauber,17,16,0.0,+2 Laps,50
2017,4,Russian Grand Prix,ricciardo,red_bull,5,17,0.0,Brakes,5
2017,4,Russian Grand Prix,jolyon_palmer,renault,16,18,0.0,Collision,0
2017,4,Russian Grand Prix,grosjean,haas,19,19,0.0,Collision,0
2017,4,Russian Grand Prix,alonso,mclaren,15,20,0.0,Power Unit,0
2017,5,Spanish Grand Prix,hamilton,mercedes,1,1,25.0,Finished,66
2017,5,Spanish Grand Prix,vettel,ferrari,2,2,18.0,Finished,66
2017,5,Spanish Grand Prix,ricciardo,red_bull,6,3,15.0,Finished,66
2017,5,Spanish Grand Prix,perez,force_india,8,4,12.0,+1 Lap,65
2017,5,Spanish Grand Prix,ocon,force_india,10,5,10.0,+1 Lap,65
2017,5,Spanish Grand Prix,hulkenberg,renault,13,6,8.0,+1 Lap,65
2017,5,Spanish Grand Prix,sainz,toro_rosso,12,7,6.0,+1 Lap,65
2017,5,Spanish Grand Prix,wehrlein,sauber,15,8,4.0,+1 Lap,65
2017,5,Spanish Grand Prix,kvyat,toro_rosso,19,9,2.0,+1 Lap,65
2017,5,Spanish Grand Prix,grosjean,haas,14,10,1.0,+1 Lap,65
2017,5,Spanish Grand Prix,ericsson,sauber,16,11,0.0,+2 Laps,64
2017,5,Spanish Grand Prix,alonso,mclaren,7,12,0.0,+2 Laps,64
2017,5,Spanish Grand Prix,massa,williams,9,13,0.0,+2 Laps,64
2017,5,Spanish Grand Prix,kevin_magnussen,haas,11,14,0.0,+2 Laps,64
2017,5,Spanish Grand Prix,jolyon_palmer,renault,17,15,0.0,+2 Laps,64
2017,5,Spanish Grand Prix,stroll,williams,18,16,0.0,+2 Laps,64
2017,5,Spanish Grand Prix,bottas,mercedes,3,17,0.0,Power Unit,38
2017,5,Spanish Grand Prix,vandoorne,mclaren,20,18,0.0,Collision,32
2017,5,Spanish Grand Prix,max_verstappen,red_bull,5,19,0.0,Collision damage,1
2017,5,Spanish Grand Prix,raikkonen,ferrari,4,20,0.0,Collision damage,0
2017,6,Monaco Grand Prix,vettel,ferrari,2,1,25.0,Finished,78
2017,6,Monaco Grand Prix,raikkonen,ferrari,1,2,18.0,Finished,78
2017,6,Monaco Grand Prix,ricciardo,red_bull,5,3,15.0,Finished,78
2017,6,Monaco Grand Prix,bottas,mercedes,3,4,12.0,Finished,78
2017,6,Monaco Grand Prix,max_verstappen,red_bull,4,5,10.0,Finished,78
2017,6,Monaco Grand Prix,sainz,toro_rosso,6,6,8.0,Finished,78
2017,6,Monaco Grand Prix,hamilton,mercedes,13,7,6.0,Finished,78
2017,6,Monaco Grand Prix,grosjean,haas,8,8,4.0,Finished,78
2017,6,Monaco Grand Prix,massa,williams,14,9,2.0,Finished,78
2017,6,Monaco Grand Prix,kevin_magnussen,haas,11,10,1.0,Finished,78
2017,6,Monaco Grand Prix,jolyon_palmer,renault,16,11,0.0,Finished,78
2017,6,Monaco Grand Prix,ocon,force_india,15,12,0.0,Finished,78
2017,6,Monaco Grand Prix,perez,force_india,7,13,0.0,Finished,78
2017,6,Monaco Grand Prix,kvyat,toro_rosso,9,14,0.0,Collision damage,71
2017,6,Monaco Grand Prix,stroll,williams,17,15,0.0,Brakes,71
2017,6,Monaco Grand Prix,vandoorne,mclaren,12,16,0.0,Accident,66
2017,6,Monaco Grand Prix,ericsson,sauber,19,17,0.0,Accident,63
2017,6,Monaco Grand Prix,button,mclaren,20,18,0.0,Collision damage,57
2017,6,Monaco Grand Prix,wehrlein,sauber,18,19,0.0,Collision,57
2017,6,Monaco Grand Prix,hulkenberg,renault,10,20,0.0,Gearbox,15
2017,7,Canadian Grand Prix,hamilton,mercedes,1,1,25.0,Finished,70
2017,7,Canadian Grand Prix,bottas,mercedes,3,2,18.0,Finished,70
2017,7,Canadian Grand Prix,ricciardo,red_bull,6,3,15.0,Finished,70
2017,7,Canadian Grand Prix,vettel,ferrari,2,4,12.0,Finished,70
2017,7,Canadian Grand Prix,perez,force_india,8,5,10.0,Finished,70
2017,7,Canadian Grand Prix,ocon,force_india,9,6,8.0,Finished,70
2017,7,Canadian Grand Prix,raikkonen,ferrari,4,7,6.0,Finished,70
2017,7,Canadian Grand Prix,hulkenberg,renault,10,8,4.0,Finished,70
2017,7,Canadian Grand Prix,stroll,williams,17,9,2.0,+1 Lap,69
2017,7,Canadian Grand Prix,grosjean,haas,14,10,1.0,+1 Lap,69
2017,7,Canadian Grand Prix,jolyon_palmer,renault,15,11,0.0,+1 Lap,69
2017,7,Canadian Grand Prix,kevin_magnussen,haas,18,12,0.0,+1 Lap,69
2017,7,Canadian Grand Prix,ericsson,sauber,19,13,0.0,+1 Lap,69
2017,7,Canadian Grand Prix,vandoorne,mclaren,16,14,0.0,+1 Lap,69
2017,7,Canadian Grand Prix,wehrlein,sauber,20,15,0.0,+2 Laps,68
2017,7,Canadian Grand Prix,alonso,mclaren,12,16,0.0,Power Unit,66
2017,7,Canadian Grand Prix,kvyat,toro_rosso,11,17,0.0,Power Unit,54
2017,7,Canadian Grand Prix,max_verstappen,red_bull,5,18,0.0,Electrical,10
2017,7,Canadian Grand Prix,massa,williams,7,19,0.0,Collision,0
2017,7,Canadian Grand Prix,sainz,toro_rosso,13,20,0.0,Collision,0
2017,8,Azerbaijan Grand Prix,ricciardo,red_bull,10,1,25.0,Finished,51
2017,8,Azerbaijan Grand Prix,bottas,mercedes,2,2,18.0,Finished,51
2017,8,Azerbaijan Grand Prix,stroll,williams,8,3,15.0,Finished,51
2017,8,Azerbaijan Grand Prix,vettel,ferrari,4,4,12.0,Finished,51
2017,8,Azerbaijan Grand Prix,hamilton,mercedes,1,5,10.0,Finished,51
2017,8,Azerbaijan Grand Prix,ocon,force_india,7,6,8.0,Finished,51
2017,8,Azerbaijan Grand Prix,kevin_magnussen,haas,12,7,6.0,Finished,51
2017,8,Azerbaijan Grand Prix,sainz,toro_rosso,15,8,4.0,Finished,51
2017,8,Azerbaijan Grand Prix,alonso,mclaren,19,9,2.0,Finished,51
2017,8,Azerbaijan Grand Prix,wehrlein,sauber,14,10,1.0,Finished,51
2017,8,Azerbaijan Grand Prix,ericsson,sauber,17,11,0.0,Finished,51
2017,8,Azerbaijan Grand Prix,vandoorne,mclaren,18,12,0.0,Finished,51
2017,8,Azerbaijan Grand Prix,grosjean,haas,16,13,0.0,+1 Lap,50
2017,8,Azerbaijan Grand Prix,raikkonen,ferrari,3,14,0.0,Water pressure,46
2017,8,Azerbaijan Grand Prix,perez,force_india,6,15,0.0,Seat,39
2017,8,Azerbaijan Grand Prix,massa,williams,9,16,0.0,Suspension,25
2017,8,Azerbaijan Grand Prix,hulkenberg,renault,13,17,0.0,Accident,24
2017,8,Azerbaijan Grand Prix,max_verstappen,red_bull,5,18,0.0,Oil pressure,12
2017,8,Azerbaijan Grand Prix,kvyat,toro_rosso,11,19,0.0,Battery,9
2017,8,Azerbaijan Grand Prix,jolyon_palmer,renault,20,20,0.0,Power Unit,7
2017,9,Austrian Grand Prix,bottas,mercedes,1,1,25.0,Finished,71
2017,9,Austrian Grand Prix,vettel,ferrari,2,2,18.0,Finished,71
2017,9,Austrian Grand Prix,ricciardo,red_bull,4,3,15.0,Finished,71
2017,9,Austrian Grand Prix,hamilton,mercedes,8,4,12.0,Finished,71
2017,9,Austrian Grand Prix,raikkonen,ferrari,3,5,10.0,Finished,71
2017,9,Austrian Grand Prix,grosjean,haas,6,6,8.0,Finished,71
2017,9,Austrian Grand Prix,perez,force_india,7,7,6.0,+1 Lap,70
2017,9,Austrian Grand Prix,ocon,force_india,9,8,4.0,+1 Lap,70
2017,9,Austrian Grand Prix,massa,williams,17,9,2.0,+1 Lap,70
2017,9,Austrian Grand Prix,stroll,williams,18,10,1.0,+1 Lap,70
2017,9,Austrian Grand Prix,jolyon_palmer,renault,16,11,0.0,+1 Lap,70
2017,9,Austrian Grand Prix,vandoorne,mclaren,13,12,0.0,+1 Lap,70
2017,9,Austrian Grand Prix,hulkenberg,renault,11,13,0.0,+1 Lap,70
2017,9,Austrian Grand Prix,wehrlein,sauber,20,14,0.0,+1 Lap,70
2017,9,Austrian Grand Prix,ericsson,sauber,19,15,0.0,+2 Laps,69
2017,9,Austrian Grand Prix,kvyat,toro_rosso,14,16,0.0,+3 Laps,68
2017,9,Austrian Grand Prix,sainz,toro_rosso,10,17,0.0,Engine,44
2017,9,Austrian Grand Prix,kevin_magnussen,haas,15,18,0.0,Hydraulics,29
2017,9,Austrian Grand Prix,alonso,mclaren,12,19,0.0,Collision damage,1
2017,9,Austrian Grand Prix,max_verstappen,red_bull,5,20,0.0,Collision damage,0
2017,10,British Grand Prix,hamilton,mercedes,1,1,25.0,Finished,51
2017,10,British Grand Prix,bottas,mercedes,9,2,18.0,Finished,51
2017,10,British Grand Prix,raikkonen,ferrari,2,3,15.0,Finished,51
2017,10,British Grand Prix,max_verstappen,red_bull,4,4,12.0,Finished,51
2017,10,British Grand Prix,ricciardo,red_bull,19,5,10.0,Finished,51
2017,10,British Grand Prix,hulkenberg,renault,5,6,8.0,Finished,51
2017,10,British Grand Prix,vettel,ferrari,3,7,6.0,Finished,51
2017,10,British Grand Prix,ocon,force_india,7,8,4.0,+1 Lap,50
2017,10,British Grand Prix,perez,force_india,6,9,2.0,+1 Lap,50
2017,10,British Grand Prix,massa,williams,14,10,1.0,+1 Lap,50
2017,10,British Grand Prix,vandoorne,mclaren,8,11,0.0,+1 Lap,50
2017,10,British Grand Prix,kevin_magnussen,haas,16,12,0.0,+1 Lap,50
2017,10,British Grand Prix,grosjean,haas,10,13,0.0,+1 Lap,50
2017,10,British Grand Prix,ericsson,sauber,18,14,0.0,+1 Lap,50
2017,10,British Grand Prix,kvyat,toro_rosso,12,15,0.0,+1 Lap,50
2017,10,British Grand Prix,stroll,williams,15,16,0.0,+1 Lap,50
2017,10,British Grand Prix,wehrlein,sauber,17,17,0.0,+1 Lap,50
2017,10,British Grand Prix,alonso,mclaren,20,18,0.0,Power Unit,32
2017,10,British Grand Prix,sainz,toro_rosso,13,19,0.0,Collision damage,0
2017,10,British Grand Prix,jolyon_palmer,renault,11,20,0.0,Hydraulics,0
2017,11,Hungarian Grand Prix,vettel,ferrari,1,1,25.0,Finished,70
2017,11,Hungarian Grand Prix,raikkonen,ferrari,2,2,18.0,Finished,70
2017,11,Hungarian Grand Prix,bottas,mercedes,3,3,15.0,Finished,70
2017,11,Hungarian Grand Prix,hamilton,mercedes,4,4,12.0,Finished,70
2017,11,Hungarian Grand Prix,max_verstappen,red_bull,5,5,10.0,Finished,70
2017,11,Hungarian Grand Prix,alonso,mclaren,7,6,8.0,Finished,70
2017,11,Hungarian Grand Prix,sainz,toro_rosso,9,7,6.0,+1 Lap,69
2017,11,Hungarian Grand Prix,perez,force_india,13,8,4.0,+1 Lap,69
2017,11,Hungarian Grand Prix,ocon,force_india,11,9,2.0,+1 Lap,69
2017,11,Hungarian Grand Prix,vandoorne,mclaren,8,10,1.0,+1 Lap,69
2017,11,Hungarian Grand Prix,kvyat,toro_rosso,16,11,0.0,+1 Lap,69
2017,11,Hungarian Grand Prix,jolyon_palmer,renault,10,12,0.0,+1 Lap,69
2017,11,Hungarian Grand Prix,kevin_magnussen,haas,15,13,0.0,+1 Lap,69
2017,11,Hungarian Grand Prix,stroll,williams,17,14,0.0,+1 Lap,69
2017,11,Hungarian Grand Prix,wehrlein,sauber,18,15,0.0,+2 Laps,68
2017,11,Hungarian Grand Prix,ericsson,sauber,20,16,0.0,+2 Laps,68
2017,11,Hungarian Grand Prix,hulkenberg,renault,12,17,0.0,Brakes,67
2017,11,Hungarian Grand Prix,resta,williams,19,18,0.0,Oil leak,60
2017,11,Hungarian Grand Prix,grosjean,haas,14,19,0.0,Wheel nut,20
2017,11,Hungarian Grand Prix,ricciardo,red_bull,6,20,0.0,Collision,0
2017,12,Belgian Grand Prix,hamilton,mercedes,1,1,25.0,Finished,44
2017,12,Belgian Grand Prix,vettel,ferrari,2,2,18.0,Finished,44
2017,12,Belgian Grand Prix,ricciardo,red_bull,6,3,15.0,Finished,44
2017,12,Belgian Grand Prix,raikkonen,ferrari,4,4,12.0,Finished,44
2017,12,Belgian Grand Prix,bottas,mercedes,3,5,10.0,Finished,44
2017,12,Belgian Grand Prix,hulkenberg,renault,7,6,8.0,Finished,44
2017,12,Belgian Grand Prix,grosjean,haas,11,7,6.0,Finished,44
2017,12,Belgian Grand Prix,massa,williams,16,8,4.0,Finished,44
2017,12,Belgian Grand Prix,ocon,force_india,9,9,2.0,Finished,44
2017,12,Belgian Grand Prix,sainz,toro_rosso,13,10,1.0,Finished,44
2017,12,Belgian Grand Prix,stroll,williams,15,11,0.0,Finished,44
2017,12,Belgian Grand Prix,kvyat,toro_rosso,19,12,0.0,Finished,44
2017,12,Belgian Grand Prix,jolyon_palmer,renault,14,13,0.0,Finished,44
2017,12,Belgian Grand Prix,vandoorne,mclaren,20,14,0.0,Finished,44
2017,12,Belgian Grand Prix,kevin_magnussen,haas,12,15,0.0,Finished,44
2017,12,Belgian Grand Prix,ericsson,sauber,17,16,0.0,Finished,44
2017,12,Belgian Grand Prix,perez,force_india,8,17,0.0,Gearbox,42
2017,12,Belgian Grand Prix,alonso,mclaren,10,18,0.0,Engine,25
2017,12,Belgian Grand Prix,max_verstappen,red_bull,5,19,0.0,Engine,7
2017,12,Belgian Grand Prix,wehrlein,sauber,18,20,0.0,Collision,2
2017,13,Italian Grand Prix,hamilton,mercedes,1,1,25.0,Finished,53
2017,13,Italian Grand Prix,bottas,mercedes,4,2,18.0,Finished,53
2017,13,Italian Grand Prix,vettel,ferrari,6,3,15.0,Finished,53
2017,13,Italian Grand Prix,ricciardo,red_bull,16,4,12.0,Finished,53
2017,13,Italian Grand Prix,raikkonen,ferrari,5,5,10.0,Finished,53
2017,13,Italian Grand Prix,ocon,force_india,3,6,8.0,Finished,53
2017,13,Italian Grand Prix,stroll,williams,2,7,6.0,Finished,53
2017,13,Italian Grand Prix,massa,williams,7,8,4.0,Finished,53
2017,13,Italian Grand Prix,perez,force_india,10,9,2.0,Finished,53
2017,13,Italian Grand Prix,max_verstappen,red_bull,13,10,1.0,+1 Lap,52
2017,13,Italian Grand Prix,kevin_magnussen,haas,9,11,0.0,+1 Lap,52
2017,13,Italian Grand Prix,kvyat,toro_rosso,8,12,0.0,+1 Lap,52
2017,13,Italian Grand Prix,hulkenberg,renault,14,13,0.0,+1 Lap,52
2017,13,Italian Grand Prix,sainz,toro_rosso,15,14,0.0,+1 Lap,52
2017,13,Italian Grand Prix,grosjean,haas,20,15,0.0,+1 Lap,52
2017,13,Italian Grand Prix,wehrlein,sauber,12,16,0.0,+2 Laps,51
2017,13,Italian Grand Prix,alonso,mclaren,19,17,0.0,Gearbox,50
2017,13,Italian Grand Prix,ericsson,sauber,11,18,0.0,Gearbox,49
2017,13,Italian Grand Prix,vandoorne,mclaren,18,19,0.0,Engine,33
2017,13,Italian Grand Prix,jolyon_palmer,renault,17,20,0.0,Engine,29
2017,14,Singapore Grand Prix,hamilton,mercedes,5,1,25.0,Finished,58
2017,14,Singapore Grand Prix,ricciardo,red_bull,3,2,18.0,Finished,58
2017,14,Singapore Grand Prix,bottas,mercedes,6,3,15.0,Finished,58
2017,14,Singapore Grand Prix,sainz,toro_rosso,10,4,12.0,Finished,58
2017,14,Singapore Grand Prix,perez,force_india,12,5,10.0,Finished,58
2017,14,Singapore Grand Prix,jolyon_palmer,renault,11,6,8.0,Finished,58
2017,14,Singapore Grand Prix,vandoorne,mclaren,9,7,6.0,Finished,58
2017,14,Singapore Grand Prix,stroll,williams,18,8,4.0,Finished,58
2017,14,Singapore Grand Prix,grosjean,haas,15,9,2.0,Finished,58
2017,14,Singapore Grand Prix,ocon,force_india,14,10,1.0,Finished,58
2017,14,Singapore Grand Prix,massa,williams,17,11,0.0,Finished,58
2017,14,Singapore Grand Prix,wehrlein,sauber,19,12,0.0,+2 Laps,56
2017,14,Singapore Grand Prix,kevin_magnussen,haas,16,13,0.0,Engine,50
2017,14,Singapore Grand Prix,hulkenberg,renault,7,14,0.0,Engine,48
2017,14,Singapore Grand Prix,ericsson,sauber,20,15,0.0,Accident,35
2017,14,Singapore Grand Prix,kvyat,toro_rosso,13,16,0.0,Accident,10
2017,14,Singapore Grand Prix,alonso,mclaren,8,17,0.0,Collision damage,8
2017,14,Singapore Grand Prix,vettel,ferrari,1,18,0.0,Accident,0
2017,14,Singapore Grand Prix,max_verstappen,red_bull,2,19,0.0,Accident,0
2017,14,Singapore Grand Prix,raikkonen,ferrari,4,20,0.0,Accident,0
2017,15,Malaysian Grand Prix,max_verstappen,red_bull,3,1,25.0,Finished,56
2017,15,Malaysian Grand Prix,hamilton,mercedes,1,2,18.0,Finished,56
2017,15,Malaysian Grand Prix,ricciardo,red_bull,4,3,15.0,Finished,56
2017,15,Malaysian Grand Prix,vettel,ferrari,20,4,12.0,Finished,56
2017,15,Malaysian Grand Prix,bottas,mercedes,5,5,10.0,Finished,56
2017,15,Malaysian Grand Prix,perez,force_india,9,6,8.0,Finished,56
2017,15,Malaysian Grand Prix,vandoorne,mclaren,7,7,6.0,+1 Lap,55
2017,15,Malaysian Grand Prix,stroll,williams,13,8,4.0,+1 Lap,55
2017,15,Malaysian Grand Prix,massa,williams,11,9,2.0,+1 Lap,55
2017,15,Malaysian Grand Prix,ocon,force_india,6,10,1.0,+1 Lap,55
2017,15,Malaysian Grand Prix,alonso,mclaren,10,11,0.0,+1 Lap,55
2017,15,Malaysian Grand Prix,kevin_magnussen,haas,17,12,0.0,+1 Lap,55
2017,15,Malaysian Grand Prix,grosjean,haas,16,13,0.0,+1 Lap,55
2017,15,Malaysian Grand Prix,gasly,toro_rosso,15,14,0.0,+1 Lap,55
2017,15,Malaysian Grand Prix,jolyon_palmer,renault,12,15,0.0,+1 Lap,55
2017,15,Malaysian Grand Prix,hulkenberg,renault,8,16,0.0,+1 Lap,55
2017,15,Malaysian Grand Prix,wehrlein,sauber,18,17,0.0,+1 Lap,55
2017,15,Malaysian Grand Prix,ericsson,sauber,19,18,0.0,+2 Laps,54
2017,15,Malaysian Grand Prix,sainz,toro_rosso,14,19,0.0,Engine,29
2017,15,Malaysian Grand Prix,raikkonen,ferrari,0,20,0.0,Battery,0
2017,16,Japanese Grand Prix,hamilton,mercedes,1,1,25.0,Finished,53
2017,16,Japanese Grand Prix,max_verstappen,red_bull,4,2,18.0,Finished,53
2017,16,Japanese Grand Prix,ricciardo,red_bull,3,3,15.0,Finished,53
2017,16,Japanese Grand Prix,bottas,mercedes,6,4,12.0,Finished,53
2017,16,Japanese Grand Prix,raikkonen,ferrari,10,5,10.0,Finished,53
2017,16,Japanese Grand Prix,ocon,force_india,5,6,8.0,Finished,53
2017,16,Japanese Grand Prix,perez,force_india,7,7,6.0,Finished,53
2017,16,Japanese Grand Prix,kevin_magnussen,haas,12,8,4.0,Finished,53
2017,16,Japanese Grand Prix,grosjean,haas,13,9,2.0,Finished,53
2017,16,Japanese Grand Prix,massa,williams,8,10,1.0,+1 Lap,52
2017,16,Japanese Grand Prix,alonso,mclaren,20,11,0.0,+1 Lap,52
2017,16,Japanese Grand Prix,jolyon_palmer,renault,18,12,0.0,+1 Lap,52
2017,16,Japanese Grand Prix,gasly,toro_rosso,14,13,0.0,+1 Lap,52
2017,16,Japanese Grand Prix,vandoorne,mclaren,9,14,0.0,+1 Lap,52
2017,16,Japanese Grand Prix,wehrlein,sauber,17,15,0.0,+2 Laps,51
2017,16,Japanese Grand Prix,stroll,williams,15,16,0.0,Wheel,45
2017,16,Japanese Grand Prix,hulkenberg,renault,11,17,0.0,Front wing,40
2017,16,Japanese Grand Prix,ericsson,sauber,16,18,0.0,Accident,7
2017,16,Japanese Grand Prix,vettel,ferrari,2,19,0.0,Spark plugs,4
2017,16,Japanese Grand Prix,sainz,toro_rosso,19,20,0.0,Accident,0
2017,17,United States Grand Prix,hamilton,mercedes,1,1,25.0,Finished,56
2017,17,United States Grand Prix,vettel,ferrari,2,2,18.0,Finished,56
2017,17,United States Grand Prix,raikkonen,ferrari,5,3,15.0,Finished,56
2017,17,United States Grand Prix,max_verstappen,red_bull,16,4,12.0,Finished,56
2017,17,United States Grand Prix,bottas,mercedes,3,5,10.0,Finished,56
2017,17,United States Grand Prix,ocon,force_india,6,6,8.0,Finished,56
2017,17,United States Grand Prix,sainz,renault,7,7,6.0,Finished,56
2017,17,United States Grand Prix,perez,force_india,9,8,4.0,+1 Lap,55
2017,17,United States Grand Prix,massa,williams,10,9,2.0,+1 Lap,55
2017,17,United States Grand Prix,kvyat,toro_rosso,11,10,1.0,+1 Lap,55
2017,17,United States Grand Prix,stroll,williams,15,11,0.0,+1 Lap,55
2017,17,United States Grand Prix,vandoorne,mclaren,20,12,0.0,+1 Lap,55
2017,17,United States Grand Prix,brendon_hartley,toro_rosso,19,13,0.0,+1 Lap,55
2017,17,United States Grand Prix,grosjean,haas,12,14,0.0,+1 Lap,55
2017,17,United States Grand Prix,ericsson,sauber,13,15,0.0,+1 Lap,55
2017,17,United States Grand Prix,kevin_magnussen,haas,17,16,0.0,+1 Lap,55
2017,17,United States Grand Prix,alonso,mclaren,8,17,0.0,Engine,24
2017,17,United States Grand Prix,ricciardo,red_bull,4,18,0.0,Engine,14
2017,17,United States Grand Prix,wehrlein,sauber,14,19,0.0,Collision,5
2017,17,United States Grand Prix,hulkenberg,renault,18,20,0.0,Engine,3
2017,18,Mexican Grand Prix,max_verstappen,red_bull,2,1,25.0,Finished,71
2017,18,Mexican Grand Prix,bottas,mercedes,4,2,18.0,Finished,71
2017,18,Mexican Grand Prix,raikkonen,ferrari,5,3,15.0,Finished,71
2017,18,Mexican Grand Prix,vettel,ferrari,1,4,12.0,Finished,71
2017,18,Mexican Grand Prix,ocon,force_india,6,5,10.0,+1 Lap,70
2017,18,Mexican Grand Prix,stroll,williams,11,6,8.0,+1 Lap,70
2017,18,Mexican Grand Prix,perez,force_india,9,7,6.0,+1 Lap,70
2017,18,Mexican Grand Prix,kevin_magnussen,haas,14,8,4.0,+1 Lap,70
2017,18,Mexican Grand Prix,hamilton,mercedes,3,9,2.0,+1 Lap,70
2017,18,Mexican Grand Prix,alonso,mclaren,18,10,1.0,+1 Lap,70
2017,18,Mexican Grand Prix,massa,williams,10,11,0.0,+1 Lap,70
2017,18,Mexican Grand Prix,vandoorne,mclaren,19,12,0.0,+1 Lap,70
2017,18,Mexican Grand Prix,gasly,toro_rosso,20,13,0.0,+1 Lap,70
2017,18,Mexican Grand Prix,wehrlein,sauber,13,14,0.0,+2 Laps,69
2017,18,Mexican Grand Prix,grosjean,haas,15,15,0.0,+2 Laps,69
2017,18,Mexican Grand Prix,sainz,renault,8,16,0.0,Engine,59
2017,18,Mexican Grand Prix,ericsson,sauber,12,17,0.0,Engine,55
2017,18,Mexican Grand Prix,brendon_hartley,toro_rosso,17,18,0.0,Engine,30
2017,18,Mexican Grand Prix,hulkenberg,renault,7,19,0.0,Electrical,24
2017,18,Mexican Grand Prix,ricciardo,red_bull,16,20,0.0,Engine,5
2017,19,Brazilian Grand Prix,vettel,ferrari,2,1,25.0,Finished,71
2017,19,Brazilian Grand Prix,bottas,mercedes,1,2,18.0,Finished,71
2017,19,Brazilian Grand Prix,raikkonen,ferrari,3,3,15.0,Finished,71
2017,19,Brazilian Grand Prix,hamilton,mercedes,20,4,12.0,Finished,71
2017,19,Brazilian Grand Prix,max_verstappen,red_bull,4,5,10.0,Finished,71
2017,19,Brazilian Grand Prix,ricciardo,red_bull,14,6,8.0,Finished,71
2017,19,Brazilian Grand Prix,massa,williams,9,7,6.0,Finished,71
2017,19,Brazilian Grand Prix,alonso,mclaren,6,8,4.0,Finished,71
2017,19,Brazilian Grand Prix,perez,force_india,5,9,2.0,Finished,71
2017,19,Brazilian Grand Prix,hulkenberg,renault,7,10,1.0,+1 Lap,70
2017,19,Brazilian Grand Prix,sainz,renault,8,11,0.0,+1 Lap,70
2017,19,Brazilian Grand Prix,gasly,toro_rosso,19,12,0.0,+1 Lap,70
2017,19,Brazilian Grand Prix,ericsson,sauber,17,13,0.0,+1 Lap,70
2017,19,Brazilian Grand Prix,wehrlein,sauber,15,14,0.0,+1 Lap,70
2017,19,Brazilian Grand Prix,grosjean,haas,11,15,0.0,+2 Laps,69
2017,19,Brazilian Grand Prix,stroll,williams,16,16,0.0,+2 Laps,69
2017,19,Brazilian Grand Prix,brendon_hartley,toro_rosso,18,17,0.0,Engine,40
2017,19,Brazilian Grand Prix,ocon,force_india,10,18,0.0,Accident,0
2017,19,Brazilian Grand Prix,vandoorne,mclaren,12,19,0.0,Accident,0
2017,19,Brazilian Grand Prix,kevin_magnussen,haas,13,20,0.0,Accident,0
2017,20,Abu Dhabi Grand Prix,bottas,mercedes,1,1,25.0,Finished,55
2017,20,Abu Dhabi Grand Prix,hamilton,mercedes,2,2,18.0,Finished,55
2017,20,Abu Dhabi Grand Prix,vettel,ferrari,3,3,15.0,Finished,55
2017,20,Abu Dhabi Grand Prix,raikkonen,ferrari,5,4,12.0,Finished,55
2017,20,Abu Dhabi Grand Prix,max_verstappen,red_bull,6,5,10.0,Finished,55
2017,20,Abu Dhabi Grand Prix,hulkenberg,renault,7,6,8.0,Finished,55
2017,20,Abu Dhabi Grand Prix,perez,force_india,8,7,6.0,Finished,55
2017,20,Abu Dhabi Grand Prix,ocon,force_india,9,8,4.0,Finished,55
2017,20,Abu Dhabi Grand Prix,alonso,mclaren,11,9,2.0,+1 Lap,54
2017,20,Abu Dhabi Grand Prix,massa,williams,10,10,1.0,+1 Lap,54
2017,20,Abu Dhabi Grand Prix,grosjean,haas,16,11,0.0,+1 Lap,54
2017,20,Abu Dhabi Grand Prix,vandoorne,mclaren,13,12,0.0,+1 Lap,54
2017,20,Abu Dhabi Grand Prix,kevin_magnussen,haas,14,13,0.0,+1 Lap,54
2017,20,Abu Dhabi Grand Prix,wehrlein,sauber,18,14,0.0,+1 Lap,54
2017,20,Abu Dhabi Grand Prix,brendon_hartley,toro_rosso,20,15,0.0,+1 Lap,54
2017,20,Abu Dhabi Grand Prix,gasly,toro_rosso,17,16,0.0,+1 Lap,54
2017,20,Abu Dhabi Grand Prix,ericsson,sauber,19,17,0.0,+1 Lap,54
2017,20,Abu Dhabi Grand Prix,stroll,williams,15,18,0.0,+1 Lap,54
2017,20,Abu Dhabi Grand Prix,sainz,renault,12,19,0.0,Wheel,31
2017,20,Abu Dhabi Grand Prix,ricciardo,red_bull,4,20,0.0,Hydraulics,20
2018,1,Australian Grand Prix,vettel,ferrari,3,1,25.0,Finished,58
2018,1,Australian Grand Prix,hamilton,mercedes,1,2,18.0,Finished,58
2018,1,Australian Grand Prix,raikkonen,ferrari,2,3,15.0,Finished,58
2018,1,Australian Grand Prix,ricciardo,red_bull,8,4,12.0,Finished,58
2018,1,Australian Grand Prix,alonso,mclaren,10,5,10.0,Finished,58
2018,1,Australian Grand Prix,max_verstappen,red_bull,4,6,8.0,Finished,58
2018,1,Australian Grand Prix,hulkenberg,renault,7,7,6.0,Finished,58
2018,1,Australian Grand Prix,bottas,mercedes,15,8,4.0,Finished,58
2018,1,Australian Grand Prix,vandoorne,mclaren,11,9,2.0,Finished,58
2018,1,Australian Grand Prix,sainz,renault,9,10,1.0,Finished,58
2018,1,Australian Grand Prix,perez,force_india,12,11,0.0,Finished,58
2018,1,Australian Grand Prix,ocon,force_india,14,12,0.0,Finished,58
2018,1,Australian Grand Prix,leclerc,sauber,18,13,0.0,Finished,58
2018,1,Australian Grand Prix,stroll,williams,13,14,0.0,Finished,58
2018,1,Australian Grand Prix,brendon_hartley,toro_rosso,16,15,0.0,+1 Lap,57
2018,1,Australian Grand Prix,grosjean,haas,6,16,0.0,Wheel,24
2018,1,Australian Grand Prix,kevin_magnussen,haas,5,17,0.0,Wheel,22
2018,1,Australian Grand Prix,gasly,toro_rosso,20,18,0.0,Engine,13
2018,1,Australian Grand Prix,ericsson,sauber,17,19,0.0,Steering,5
2018,1,Australian Grand Prix,sirotkin,williams,19,20,0.0,Brakes,4
2018,2,Bahrain Grand Prix,vettel,ferrari,1,1,25.0,Finished,57
2018,2,Bahrain Grand Prix,bottas,mercedes,3,2,18.0,Finished,57
2018,2,Bahrain Grand Prix,hamilton,mercedes,9,3,15.0,Finished,57
2018,2,Bahrain Grand Prix,gasly,toro_rosso,5,4,12.0,Finished,57
2018,2,Bahrain Grand Prix,kevin_magnussen,haas,6,5,10.0,Finished,57
2018,2,Bahrain Grand Prix,hulkenberg,renault,7,6,8.0,Finished,57
2018,2,Bahrain Grand Prix,alonso,mclaren,13,7,6.0,+1 Lap,56
2018,2,Bahrain Grand Prix,vandoorne,mclaren,14,8,4.0,+1 Lap,56
2018,2,Bahrain Grand Prix,ericsson,sauber,17,9,2.0,+1 Lap,56
2018,2,Bahrain Grand Prix,ocon,force_india,8,10,1.0,+1 Lap,56
2018,2,Bahrain Grand Prix,sainz,renault,10,11,0.0,+1 Lap,56
2018,2,Bahrain Grand Prix,leclerc,sauber,19,12,0.0,+1 Lap,56
2018,2,Bahrain Grand Prix,grosjean,haas,16,13,0.0,+1 Lap,56
2018,2,Bahrain Grand Prix,stroll,williams,20,14,0.0,+1 Lap,56
2018,2,Bahrain Grand Prix,sirotkin,williams,18,15,0.0,+1 Lap,56
2018,2,Bahrain Grand Prix,perez,force_india,12,16,0.0,+1 Lap,56
2018,2,Bahrain Grand Prix,brendon_hartley,toro_rosso,11,17,0.0,+1 Lap,56
2018,2,Bahrain Grand Prix,raikkonen,ferrari,2,18,0.0,Wheel,35
2018,2,Bahrain Grand Prix,max_verstappen,red_bull,15,19,0.0,Puncture,3
2018,2,Bahrain Grand Prix,ricciardo,red_bull,4,20,0.0,Electrical,1
2018,3,Chinese Grand Prix,ricciardo,red_bull,6,1,25.0,Finished,56
2018,3,Chinese Grand Prix,bottas,mercedes,3,2,18.0,Finished,56
2018,3,Chinese Grand Prix,raikkonen,ferrari,2,3,15.0,Finished,56
2018,3,Chinese Grand Prix,hamilton,mercedes,4,4,12.0,Finished,56
2018,3,Chinese Grand Prix,max_verstappen,red_bull,5,5,10.0,Finished,56
2018,3,Chinese Grand Prix,hulkenberg,renault,7,6,8.0,Finished,56
2018,3,Chinese Grand Prix,alonso,mclaren,13,7,6.0,Finished,56
2018,3,Chinese Grand Prix,vettel,ferrari,1,8,4.0,Finished,56
2018,3,Chinese Grand Prix,sainz,renault,9,9,2.0,Finished,56
2018,3,Chinese Grand Prix,kevin_magnussen,haas,11,10,1.0,Finished,56
2018,3,Chinese Grand Prix,ocon,force_india,12,11,0.0,Finished,56
2018,3,Chinese Grand Prix,perez,force_india,8,12,0.0,Finished,56
2018,3,Chinese Grand Prix,vandoorne,mclaren,14,13,0.0,Finished,56
2018,3,Chinese Grand Prix,stroll,williams,18,14,0.0,Finished,56
2018,3,Chinese Grand Prix,sirotkin,williams,16,15,0.0,Finished,56
2018,3,Chinese Grand Prix,ericsson,sauber,20,16,0.0,Finished,56
2018,3,Chinese Grand Prix,grosjean,haas,10,17,0.0,Finished,56
2018,3,Chinese Grand Prix,gasly,toro_rosso,17,18,0.0,Finished,56
2018,3,Chinese Grand Prix,leclerc,sauber,19,19,0.0,Finished,56
2018,3,Chinese Grand Prix,brendon_hartley,toro_rosso,15,20,0.0,Collision damage,51
2018,4,Azerbaijan Grand Prix,hamilton,mercedes,2,1,25.0,Finished,51
2018,4,Azerbaijan Grand Prix,raikkonen,ferrari,6,2,18.0,Finished,51
2018,4,Azerbaijan Grand Prix,perez,force_india,8,3,15.0,Finished,51
2018,4,Azerbaijan Grand Prix,vettel,ferrari,1,4,12.0,Finished,51
2018,4,Azerbaijan Grand Prix,sainz,renault,9,5,10.0,Finished,51
2018,4,Azerbaijan Grand Prix,leclerc,sauber,13,6,8.0,Finished,51
2018,4,Azerbaijan Grand Prix,alonso,mclaren,12,7,6.0,Finished,51
2018,4,Azerbaijan Grand Prix,stroll,williams,10,8,4.0,Finished,51
2018,4,Azerbaijan Grand Prix,vandoorne,mclaren,16,9,2.0,Finished,51
2018,4,Azerbaijan Grand Prix,brendon_hartley,toro_rosso,19,10,1.0,Finished,51
2018,4,Azerbaijan Grand Prix,ericsson,sauber,18,11,0.0,Finished,51
2018,4,Azerbaijan Grand Prix,gasly,toro_rosso,17,12,0.0,Finished,51
2018,4,Azerbaijan Grand Prix,kevin_magnussen,haas,15,13,0.0,Finished,51
2018,4,Azerbaijan Grand Prix,bottas,mercedes,3,14,0.0,Puncture,48
2018,4,Azerbaijan Grand Prix,grosjean,haas,20,15,0.0,Accident,42
2018,4,Azerbaijan Grand Prix,max_verstappen,red_bull,5,16,0.0,Collision,39
2018,4,Azerbaijan Grand Prix,ricciardo,red_bull,4,17,0.0,Collision,39
2018,4,Azerbaijan Grand Prix,hulkenberg,renault,14,18,0.0,Accident,10
2018,4,Azerbaijan Grand Prix,ocon,force_india,7,19,0.0,Collision,0
2018,4,Azerbaijan Grand Prix,sirotkin,williams,11,20,0.0,Collision,0
2018,5,Spanish Grand Prix,hamilton,mercedes,1,1,25.0,Finished,66
2018,5,Spanish Grand Prix,bottas,mercedes,2,2,18.0,Finished,66
2018,5,Spanish Grand Prix,max_verstappen,red_bull,5,3,15.0,Finished,66
2018,5,Spanish Grand Prix,vettel,ferrari,3,4,12.0,Finished,66
2018,5,Spanish Grand Prix,ricciardo,red_bull,6,5,10.0,Finished,66
2018,5,Spanish Grand Prix,kevin_magnussen,haas,7,6,8.0,+1 Lap,65
2018,5,Spanish Grand Prix,sainz,renault,9,7,6.0,+1 Lap,65
2018,5,Spanish Grand Prix,alonso,mclaren,8,8,4.0,+1 Lap,65
2018,5,Spanish Grand Prix,perez,force_india,15,9,2.0,+2 Laps,64
2018,5,Spanish Grand Prix,leclerc,sauber,14,10,1.0,+2 Laps,64
2018,5,Spanish Grand Prix,stroll,williams,18,11,0.0,+2 Laps,64
2018,5,Spanish Grand Prix,brendon_hartley,toro_rosso,20,12,0.0,+2 Laps,64
2018,5,Spanish Grand Prix,ericsson,sauber,17,13,0.0,+2 Laps,64
2018,5,Spanish Grand Prix,sirotkin,williams,19,14,0.0,+3 Laps,63
2018,5,Spanish Grand Prix,vandoorne,mclaren,11,15,0.0,Gearbox,45
2018,5,Spanish Grand Prix,ocon,force_india,13,16,0.0,Oil leak,38
2018,5,Spanish Grand Prix,raikkonen,ferrari,4,17,0.0,Turbo,25
2018,5,Spanish Grand Prix,grosjean,haas,10,18,0.0,Collision,0
2018,5,Spanish Grand Prix,gasly,toro_rosso,12,19,0.0,Collision,0
2018,5,Spanish Grand Prix,hulkenberg,renault,16,20,0.0,Collision,0
2018,6,Monaco Grand Prix,ricciardo,red_bull,1,1,25.0,Finished,78
2018,6,Monaco Grand Prix,vettel,ferrari,2,2,18.0,Finished,78
2018,6,Monaco Grand Prix,hamilton,mercedes,3,3,15.0,Finished,78
2018,6,Monaco Grand Prix,raikkonen,ferrari,4,4,12.0,Finished,78
2018,6,Monaco Grand Prix,bottas,mercedes,5,5,10.0,Finished,78
2018,6,Monaco Grand Prix,ocon,force_india,6,6,8.0,Finished,78
2018,6,Monaco Grand Prix,gasly,toro_rosso,10,7,6.0,Finished,78
2018,6,Monaco Grand Prix,hulkenberg,renault,11,8,4.0,Finished,78
2018,6,Monaco Grand Prix,max_verstappen,red_bull,20,9,2.0,Finished,78
2018,6,Monaco Grand Prix,sainz,renault,8,10,1.0,Finished,78
2018,6,Monaco Grand Prix,ericsson,sauber,16,11,0.0,Finished,78
2018,6,Monaco Grand Prix,perez,force_india,9,12,0.0,Finished,78
2018,6,Monaco Grand Prix,kevin_magnussen,haas,19,13,0.0,Finished,78
2018,6,Monaco Grand Prix,vandoorne,mclaren,12,14,0.0,+1 Lap,77
2018,6,Monaco Grand Prix,grosjean,haas,18,15,0.0,+1 Lap,77
2018,6,Monaco Grand Prix,sirotkin,williams,13,16,0.0,+1 Lap,77
2018,6,Monaco Grand Prix,stroll,williams,17,17,0.0,+2 Laps,76
2018,6,Monaco Grand Prix,leclerc,sauber,14,18,0.0,Collision,70
2018,6,Monaco Grand Prix,brendon_hartley,toro_rosso,15,19,0.0,Collision,70
2018,6,Monaco Grand Prix,alonso,mclaren,7,20,0.0,Gearbox,52
2018,7,Canadian Grand Prix,vettel,ferrari,1,1,25.0,Finished,68
2018,7,Canadian Grand Prix,bottas,mercedes,2,2,18.0,Finished,68
2018,7,Canadian Grand Prix,max_verstappen,red_bull,3,3,15.0,Finished,68
2018,7,Canadian Grand Prix,ricciardo,red_bull,6,4,12.0,Finished,68
2018,7,Canadian Grand Prix,hamilton,mercedes,4,5,10.0,Finished,68
2018,7,Canadian Grand Prix,raikkonen,ferrari,5,6,8.0,Finished,68
2018,7,Canadian Grand Prix,hulkenberg,renault,7,7,6.0,+1 Lap,67
2018,7,Canadian Grand Prix,sainz,renault,9,8,4.0,+1 Lap,67
2018,7,Canadian Grand Prix,ocon,force_india,8,9,2.0,+1 Lap,67
2018,7,Canadian Grand Prix,leclerc,sauber,13,10,1.0,+1 Lap,67
2018,7,Canadian Grand Prix,gasly,toro_rosso,16,11,0.0,+1 Lap,67
2018,7,Canadian Grand Prix,grosjean,haas,20,12,0.0,+1 Lap,67
2018,7,Canadian Grand Prix,kevin_magnussen,haas,11,13,0.0,+1 Lap,67
2018,7,Canadian Grand Prix,perez,force_india,10,14,0.0,+1 Lap,67
2018,7,Canadian Grand Prix,ericsson,sauber,19,15,0.0,+2 Laps,66
2018,7,Canadian Grand Prix,vandoorne,mclaren,15,16,0.0,+2 Laps,66
2018,7,Canadian Grand Prix,sirotkin,williams,18,17,0.0,+2 Laps,66
2018,7,Canadian Grand Prix,alonso,mclaren,14,18,0.0,Exhaust,40
2018,7,Canadian Grand Prix,brendon_hartley,toro_rosso,12,19,0.0,Collision,0
2018,7,Canadian Grand Prix,stroll,williams,17,20,0.0,Collision,0
2018,8,French Grand Prix,hamilton,mercedes,1,1,25.0,Finished,53
2018,8,French Grand Prix,max_verstappen,red_bull,4,2,18.0,Finished,53
2018,8,French Grand Prix,raikkonen,ferrari,6,3,15.0,Finished,53
2018,8,French Grand Prix,ricciardo,red_bull,5,4,12.0,Finished,53
2018,8,French Grand Prix,vettel,ferrari,3,5,10.0,Finished,53
2018,8,French Grand Prix,kevin_magnussen,haas,9,6,8.0,Finished,53
2018,8,French Grand Prix,bottas,mercedes,2,7,6.0,Finished,53
2018,8,French Grand Prix,sainz,renault,7,8,4.0,Finished,53
2018,8,French Grand Prix,hulkenberg,renault,12,9,2.0,Finished,53
2018,8,French Grand Prix,leclerc,sauber,8,10,1.0,Finished,53
2018,8,French Grand Prix,grosjean,haas,10,11,0.0,+1 Lap,52
2018,8,French Grand Prix,vandoorne,mclaren,17,12,0.0,+1 Lap,52
2018,8,French Grand Prix,ericsson,sauber,15,13,0.0,+1 Lap,52
2018,8,French Grand Prix,brendon_hartley,toro_rosso,20,14,0.0,+1 Lap,52
2018,8,French Grand Prix,sirotkin,williams,18,15,0.0,+1 Lap,52
2018,8,French Grand Prix,alonso,mclaren,16,16,0.0,Wheel,50
2018,8,French Grand Prix,stroll,williams,19,17,0.0,Puncture,48
2018,8,French Grand Prix,perez,force_india,13,18,0.0,Engine,27
2018,8,French Grand Prix,ocon,force_india,11,19,0.0,Collision,0
2018,8,French Grand Prix,gasly,toro_rosso,14,20,0.0,Collision,0
2018,9,Austrian Grand Prix,max_verstappen,red_bull,4,1,25.0,Finished,71
2018,9,Austrian Grand Prix,raikkonen,ferrari,3,2,18.0,Finished,71
2018,9,Austrian Grand Prix,vettel,ferrari,6,3,15.0,Finished,71
2018,9,Austrian Grand Prix,grosjean,haas,5,4,12.0,+1 Lap,70
2018,9,Austrian Grand Prix,kevin_magnussen,haas,8,5,10.0,+1 Lap,70
2018,9,Austrian Grand Prix,ocon,force_india,11,6,8.0,+1 Lap,70
2018,9,Austrian Grand Prix,perez,force_india,16,7,6.0,+1 Lap,70
2018,9,Austrian Grand Prix,alonso,mclaren,13,8,4.0,+1 Lap,70
2018,9,Austrian Grand Prix,leclerc,sauber,18,9,2.0,+1 Lap,70
2018,9,Austrian Grand Prix,ericsson,sauber,20,10,1.0,+1 Lap,70
2018,9,Austrian Grand Prix,gasly,toro_rosso,12,11,0.0,+1 Lap,70
2018,9,Austrian Grand Prix,sainz,renault,9,12,0.0,+1 Lap,70
2018,9,Austrian Grand Prix,sirotkin,williams,17,13,0.0,+2 Laps,69
2018,9,Austrian Grand Prix,stroll,williams,14,14,0.0,+2 Laps,69
2018,9,Austrian Grand Prix,vandoorne,mclaren,15,15,0.0,Collision damage,65
2018,9,Austrian Grand Prix,hamilton,mercedes,2,16,0.0,Fuel pressure,62
2018,9,Austrian Grand Prix,brendon_hartley,toro_rosso,19,17,0.0,Hydraulics,54
2018,9,Austrian Grand Prix,ricciardo,red_bull,7,18,0.0,Exhaust,53
2018,9,Austrian Grand Prix,bottas,mercedes,1,19,0.0,Hydraulics,13
2018,9,Austrian Grand Prix,hulkenberg,renault,10,20,0.0,Engine,11
2018,10,British Grand Prix,vettel,ferrari,2,1,25.0,Finished,52
2018,10,British Grand Prix,hamilton,mercedes,1,2,18.0,Finished,52
2018,10,British Grand Prix,raikkonen,ferrari,3,3,15.0,Finished,52
2018,10,British Grand Prix,bottas,mercedes,4,4,12.0,Finished,52
2018,10,British Grand Prix,ricciardo,red_bull,6,5,10.0,Finished,52
2018,10,British Grand Prix,hulkenberg,renault,11,6,8.0,Finished,52
2018,10,British Grand Prix,ocon,force_india,10,7,6.0,Finished,52
2018,10,British Grand Prix,alonso,mclaren,13,8,4.0,Finished,52
2018,10,British Grand Prix,kevin_magnussen,haas,7,9,2.0,Finished,52
2018,10,British Grand Prix,perez,force_india,12,10,1.0,Finished,52
2018,10,British Grand Prix,vandoorne,mclaren,17,11,0.0,Finished,52
2018,10,British Grand Prix,stroll,williams,19,12,0.0,Finished,52
2018,10,British Grand Prix,gasly,toro_rosso,14,13,0.0,Finished,52
2018,10,British Grand Prix,sirotkin,williams,18,14,0.0,Finished,52
2018,10,British Grand Prix,max_verstappen,red_bull,5,15,0.0,Brakes,46
2018,10,British Grand Prix,grosjean,haas,8,16,0.0,Collision,37
2018,10,British Grand Prix,sainz,renault,16,17,0.0,Collision,37
2018,10,British Grand Prix,ericsson,sauber,15,18,0.0,Accident,31
2018,10,British Grand Prix,leclerc,sauber,9,19,0.0,Tyre,18
2018,10,British Grand Prix,brendon_hartley,toro_rosso,0,20,0.0,Power Unit,1
2018,11,German Grand Prix,hamilton,mercedes,14,1,25.0,Finished,67
2018,11,German Grand Prix,bottas,mercedes,2,2,18.0,Finished,67
2018,11,German Grand Prix,raikkonen,ferrari,3,3,15.0,Finished,67
2018,11,German Grand Prix,max_verstappen,red_bull,4,4,12.0,Finished,67
2018,11,German Grand Prix,hulkenberg,renault,7,5,10.0,Finished,67
2018,11,German Grand Prix,grosjean,haas,6,6,8.0,Finished,67
2018,11,German Grand Prix,perez,force_india,10,7,6.0,Finished,67
2018,11,German Grand Prix,ocon,force_india,15,8,4.0,Finished,67
2018,11,German Grand Prix,ericsson,sauber,13,9,2.0,Finished,67
2018,11,German Grand Prix,brendon_hartley,toro_rosso,17,10,1.0,Finished,67
2018,11,German Grand Prix,kevin_magnussen,haas,5,11,0.0,Finished,67
2018,11,German Grand Prix,sainz,renault,8,12,0.0,Finished,67
2018,11,German Grand Prix,vandoorne,mclaren,19,13,0.0,Finished,67
2018,11,German Grand Prix,gasly,toro_rosso,16,14,0.0,+1 Lap,66
2018,11,German Grand Prix,leclerc,sauber,9,15,0.0,+1 Lap,66
2018,11,German Grand Prix,alonso,mclaren,11,16,0.0,Retired,65
2018,11,German Grand Prix,stroll,williams,18,17,0.0,Engine,53
2018,11,German Grand Prix,vettel,ferrari,1,18,0.0,Accident,51
2018,11,German Grand Prix,sirotkin,williams,12,19,0.0,Engine,51
2018,11,German Grand Prix,ricciardo,red_bull,20,20,0.0,Engine,27
2018,12,Hungarian Grand Prix,hamilton,mercedes,1,1,25.0,Finished,70
2018,12,Hungarian Grand Prix,vettel,ferrari,4,2,18.0,Finished,70
2018,12,Hungarian Grand Prix,raikkonen,ferrari,3,3,15.0,Finished,70
2018,12,Hungarian Grand Prix,ricciardo,red_bull,12,4,12.0,Finished,70
2018,12,Hungarian Grand Prix,bottas,mercedes,2,5,10.0,Finished,70
2018,12,Hungarian Grand Prix,gasly,toro_rosso,6,6,8.0,Finished,70
2018,12,Hungarian Grand Prix,kevin_magnussen,haas,9,7,6.0,+1 Lap,69
2018,12,Hungarian Grand Prix,alonso,mclaren,11,8,4.0,+1 Lap,69
2018,12,Hungarian Grand Prix,sainz,renault,5,9,2.0,+1 Lap,69
2018,12,Hungarian Grand Prix,grosjean,haas,10,10,1.0,+1 Lap,69
2018,12,Hungarian Grand Prix,brendon_hartley,toro_rosso,8,11,0.0,+1 Lap,69
2018,12,Hungarian Grand Prix,hulkenberg,renault,13,12,0.0,+1 Lap,69
2018,12,Hungarian Grand Prix,ocon,force_india,18,13,0.0,+1 Lap,69
2018,12,Hungarian Grand Prix,perez,force_india,19,14,0.0,+1 Lap,69
2018,12,Hungarian Grand Prix,ericsson,sauber,14,15,0.0,+2 Laps,68
2018,12,Hungarian Grand Prix,sirotkin,williams,20,16,0.0,+2 Laps,68
2018,12,Hungarian Grand Prix,stroll,williams,15,17,0.0,+2 Laps,68
2018,12,Hungarian Grand Prix,vandoorne,mclaren,16,18,0.0,Gearbox,49
2018,12,Hungarian Grand Prix,max_verstappen,red_bull,7,19,0.0,Power loss,5
2018,12,Hungarian Grand Prix,leclerc,sauber,17,20,0.0,Suspension,0
2018,13,Belgian Grand Prix,vettel,ferrari,2,1,25.0,Finished,44
2018,13,Belgian Grand Prix,hamilton,mercedes,1,2,18.0,Finished,44
2018,13,Belgian Grand Prix,max_verstappen,red_bull,7,3,15.0,Finished,44
2018,13,Belgian Grand Prix,bottas,mercedes,19,4,12.0,Finished,44
2018,13,Belgian Grand Prix,perez,force_india,4,5,10.0,Finished,44
2018,13,Belgian Grand Prix,ocon,force_india,3,6,8.0,Finished,44
2018,13,Belgian Grand Prix,grosjean,haas,5,7,6.0,Finished,44
2018,13,Belgian Grand Prix,kevin_magnussen,haas,9,8,4.0,Finished,44
2018,13,Belgian Grand Prix,gasly,toro_rosso,10,9,2.0,Finished,44
2018,13,Belgian Grand Prix,ericsson,sauber,13,10,1.0,+1 Lap,43
2018,13,Belgian Grand Prix,sainz,renault,14,11,0.0,+1 Lap,43
2018,13,Belgian Grand Prix,sirotkin,williams,16,12,0.0,+1 Lap,43
2018,13,Belgian Grand Prix,stroll,williams,17,13,0.0,+1 Lap,43
2018,13,Belgian Grand Prix,brendon_hartley,toro_rosso,11,14,0.0,+1 Lap,43
2018,13,Belgian Grand Prix,vandoorne,mclaren,18,15,0.0,+1 Lap,43
2018,13,Belgian Grand Prix,ricciardo,red_bull,8,16,0.0,Retired,28
2018,13,Belgian Grand Prix,raikkonen,ferrari,6,17,0.0,Brakes,8
2018,13,Belgian Grand Prix,leclerc,sauber,12,18,0.0,Accident,0
2018,13,Belgian Grand Prix,alonso,mclaren,15,19,0.0,Accident,0
2018,13,Belgian Grand Prix,hulkenberg,renault,20,20,0.0,Accident,0
2018,14,Italian Grand Prix,hamilton,mercedes,3,1,25.0,Finished,53
2018,14,Italian Grand Prix,raikkonen,ferrari,1,2,18.0,Finished,53
2018,14,Italian Grand Prix,bottas,mercedes,4,3,15.0,Finished,53
2018,14,Italian Grand Prix,vettel,ferrari,2,4,12.0,Finished,53
2018,14,Italian Grand Prix,max_verstappen,red_bull,5,5,10.0,Finished,53
2018,14,Italian Grand Prix,ocon,force_india,8,6,8.0,Finished,53
2018,14,Italian Grand Prix,perez,force_india,14,7,6.0,Finished,53
2018,14,Italian Grand Prix,sainz,renault,7,8,4.0,Finished,53
2018,14,Italian Grand Prix,stroll,williams,10,9,2.0,+1 Lap,52
2018,14,Italian Grand Prix,sirotkin,williams,12,10,1.0,+1 Lap,52
2018,14,Italian Grand Prix,leclerc,sauber,15,11,0.0,+1 Lap,52
2018,14,Italian Grand Prix,vandoorne,mclaren,17,12,0.0,+1 Lap,52
2018,14,Italian Grand Prix,hulkenberg,renault,20,13,0.0,+1 Lap,52
2018,14,Italian Grand Prix,gasly,toro_rosso,9,14,0.0,+1 Lap,52
2018,14,Italian Grand Prix,ericsson,sauber,18,15,0.0,+1 Lap,52
2018,14,Italian Grand Prix,kevin_magnussen,haas,11,16,0.0,+1 Lap,52
2018,14,Italian Grand Prix,ricciardo,red_bull,19,17,0.0,Engine,23
2018,14,Italian Grand Prix,alonso,mclaren,13,18,0.0,Engine,9
2018,14,Italian Grand Prix,brendon_hartley,toro_rosso,16,19,0.0,Brakes,0
2018,14,Italian Grand Prix,grosjean,haas,6,20,0.0,Disqualified,53
2018,15,Singapore Grand Prix,hamilton,mercedes,1,1,25.0,Finished,61
2018,15,Singapore Grand Prix,max_verstappen,red_bull,2,2,18.0,Finished,61
2018,15,Singapore Grand Prix,vettel,ferrari,3,3,15.0,Finished,61
2018,15,Singapore Grand Prix,bottas,mercedes,4,4,12.0,Finished,61
2018,15,Singapore Grand Prix,raikkonen,ferrari,5,5,10.0,Finished,61
2018,15,Singapore Grand Prix,ricciardo,red_bull,6,6,8.0,Finished,61
2018,15,Singapore Grand Prix,alonso,mclaren,11,7,6.0,Finished,61
2018,15,Singapore Grand Prix,sainz,renault,12,8,4.0,+1 Lap,60
2018,15,Singapore Grand Prix,leclerc,sauber,13,9,2.0,+1 Lap,60
2018,15,Singapore Grand Prix,hulkenberg,renault,10,10,1.0,+1 Lap,60
2018,15,Singapore Grand Prix,ericsson,sauber,14,11,0.0,+1 Lap,60
2018,15,Singapore Grand Prix,vandoorne,mclaren,18,12,0.0,+1 Lap,60
2018,15,Singapore Grand Prix,gasly,toro_rosso,15,13,0.0,+1 Lap,60
2018,15,Singapore Grand Prix,stroll,williams,20,14,0.0,+1 Lap,60
2018,15,Singapore Grand Prix,grosjean,haas,8,15,0.0,+1 Lap,60
2018,15,Singapore Grand Prix,perez,force_india,7,16,0.0,+1 Lap,60
2018,15,Singapore Grand Prix,brendon_hartley,toro_rosso,17,17,0.0,+1 Lap,60
2018,15,Singapore Grand Prix,kevin_magnussen,haas,16,18,0.0,+2 Laps,59
2018,15,Singapore Grand Prix,sirotkin,williams,19,19,0.0,+2 Laps,59
2018,15,Singapore Grand Prix,ocon,force_india,9,20,0.0,Collision,0
2018,16,Russian Grand Prix,hamilton,mercedes,2,1,25.0,Finished,53
2018,16,Russian Grand Prix,bottas,mercedes,1,2,18.0,Finished,53
2018,16,Russian Grand Prix,vettel,ferrari,3,3,15.0,Finished,53
2018,16,Russian Grand Prix,raikkonen,ferrari,4,4,12.0,Finished,53
2018,16,Russian Grand Prix,max_verstappen,red_bull,19,5,10.0,Finished,53
2018,16,Russian Grand Prix,ricciardo,red_bull,18,6,8.0,Finished,53
2018,16,Russian Grand Prix,leclerc,sauber,7,7,6.0,Finished,53
2018,16,Russian Grand Prix,kevin_magnussen,haas,5,8,4.0,+1 Lap,52
2018,16,Russian Grand Prix,ocon,force_india,6,9,2.0,+1 Lap,52
2018,16,Russian Grand Prix,perez,force_india,8,10,1.0,+1 Lap,52
2018,16,Russian Grand Prix,grosjean,haas,9,11,0.0,+1 Lap,52
2018,16,Russian Grand Prix,hulkenberg,renault,12,12,0.0,+1 Lap,52
2018,16,Russian Grand Prix,ericsson,sauber,10,13,0.0,+1 Lap,52
2018,16,Russian Grand Prix,alonso,mclaren,16,14,0.0,+1 Lap,52
2018,16,Russian Grand Prix,stroll,williams,14,15,0.0,+1 Lap,52
2018,16,Russian Grand Prix,vandoorne,mclaren,15,16,0.0,+2 Laps,51
2018,16,Russian Grand Prix,sainz,renault,11,17,0.0,+2 Laps,51
2018,16,Russian Grand Prix,sirotkin,williams,13,18,0.0,+2 Laps,51
2018,16,Russian Grand Prix,gasly,toro_rosso,17,19,0.0,Brakes,4
2018,16,Russian Grand Prix,brendon_hartley,toro_rosso,20,20,0.0,Brakes,4
2018,17,Japanese Grand Prix,hamilton,mercedes,1,1,25.0,Finished,53
2018,17,Japanese Grand Prix,bottas,mercedes,2,2,18.0,Finished,53
2018,17,Japanese Grand Prix,max_verstappen,red_bull,3,3,15.0,Finished,53
2018,17,Japanese Grand Prix,ricciardo,red_bull,15,4,12.0,Finished,53
2018,17,Japanese Grand Prix,raikkonen,ferrari,4,5,10.0,Finished,53
2018,17,Japanese Grand Prix,vettel,ferrari,8,6,8.0,Finished,53
2018,17,Japanese Grand Prix,perez,force_india,9,7,6.0,Finished,53
2018,17,Japanese Grand Prix,grosjean,haas,5,8,4.0,Finished,53
2018,17,Japanese Grand Prix,ocon,force_india,11,9,2.0,Finished,53
2018,17,Japanese Grand Prix,sainz,renault,13,10,1.0,+1 Lap,52
2018,17,Japanese Grand Prix,gasly,toro_rosso,7,11,0.0,+1 Lap,52
2018,17,Japanese Grand Prix,ericsson,sauber,20,12,0.0,+1 Lap,52
2018,17,Japanese Grand Prix,brendon_hartley,toro_rosso,6,13,0.0,+1 Lap,52
2018,17,Japanese Grand Prix,alonso,mclaren,18,14,0.0,+1 Lap,52
2018,17,Japanese Grand Prix,vandoorne,mclaren,19,15,0.0,+1 Lap,52
2018,17,Japanese Grand Prix,sirotkin,williams,17,16,0.0,+1 Lap,52
2018,17,Japanese Grand Prix,stroll,williams,14,17,0.0,+1 Lap,52
2018,17,Japanese Grand Prix,leclerc,sauber,10,18,0.0,Mechanical,38
2018,17,Japanese Grand Prix,hulkenberg,renault,16,19,0.0,Engine,37
2018,17,Japanese Grand Prix,kevin_magnussen,haas,12,20,0.0,Collision damage,8
2018,18,United States Grand Prix,raikkonen,ferrari,2,1,25.0,Finished,56
2018,18,United States Grand Prix,max_verstappen,red_bull,18,2,18.0,Finished,56
2018,18,United States Grand Prix,hamilton,mercedes,1,3,15.0,Finished,56
2018,18,United States Grand Prix,vettel,ferrari,5,4,12.0,Finished,56
2018,18,United States Grand Prix,bottas,mercedes,3,5,10.0,Finished,56
2018,18,United States Grand Prix,hulkenberg,renault,7,6,8.0,Finished,56
2018,18,United States Grand Prix,sainz,renault,11,7,6.0,Finished,56
2018,18,United States Grand Prix,perez,force_india,10,8,4.0,Finished,56
2018,18,United States Grand Prix,brendon_hartley,toro_rosso,20,9,2.0,+1 Lap,55
2018,18,United States Grand Prix,ericsson,sauber,16,10,1.0,+1 Lap,55
2018,18,United States Grand Prix,vandoorne,mclaren,17,11,0.0,+1 Lap,55
2018,18,United States Grand Prix,gasly,toro_rosso,19,12,0.0,+1 Lap,55
2018,18,United States Grand Prix,sirotkin,williams,14,13,0.0,+1 Lap,55
2018,18,United States Grand Prix,stroll,williams,15,14,0.0,+2 Laps,54
2018,18,United States Grand Prix,leclerc,sauber,9,15,0.0,Collision damage,31
2018,18,United States Grand Prix,ricciardo,red_bull,4,16,0.0,Battery,8
2018,18,United States Grand Prix,grosjean,haas,8,17,0.0,Collision damage,2
2018,18,United States Grand Prix,alonso,mclaren,13,18,0.0,Collision,1
2018,18,United States Grand Prix,ocon,force_india,6,19,0.0,Disqualified,56
2018,18,United States Grand Prix,kevin_magnussen,haas,12,20,0.0,Disqualified,56
2018,19,Mexican Grand Prix,max_verstappen,red_bull,2,1,25.0,Finished,71
2018,19,Mexican Grand Prix,vettel,ferrari,4,2,18.0,Finished,71
2018,19,Mexican Grand Prix,raikkonen,ferrari,6,3,15.0,Finished,71
2018,19,Mexican Grand Prix,hamilton,mercedes,3,4,12.0,Finished,71
2018,19,Mexican Grand Prix,bottas,mercedes,5,5,10.0,+1 Lap,70
2018,19,Mexican Grand Prix,hulkenberg,renault,7,6,8.0,+2 Laps,69
2018,19,Mexican Grand Prix,leclerc,sauber,9,7,6.0,+2 Laps,69
2018,19,Mexican Grand Prix,vandoorne,mclaren,15,8,4.0,+2 Laps,69
2018,19,Mexican Grand Prix,ericsson,sauber,10,9,2.0,+2 Laps,69
2018,19,Mexican Grand Prix,gasly,toro_rosso,20,10,1.0,+2 Laps,69
2018,19,Mexican Grand Prix,ocon,force_india,11,11,0.0,+2 Laps,69
2018,19,Mexican Grand Prix,stroll,williams,17,12,0.0,+2 Laps,69
2018,19,Mexican Grand Prix,sirotkin,williams,19,13,0.0,+2 Laps,69
2018,19,Mexican Grand Prix,brendon_hartley,toro_rosso,14,14,0.0,+2 Laps,69
2018,19,Mexican Grand Prix,kevin_magnussen,haas,16,15,0.0,+2 Laps,69
2018,19,Mexican Grand Prix,grosjean,haas,18,16,0.0,+3 Laps,68
2018,19,Mexican Grand Prix,ricciardo,red_bull,1,17,0.0,Engine,61
2018,19,Mexican Grand Prix,perez,force_india,13,18,0.0,Brakes,38
2018,19,Mexican Grand Prix,sainz,renault,8,19,0.0,Suspension,28
2018,19,Mexican Grand Prix,alonso,mclaren,12,20,0.0,Engine,3
2018,20,Brazilian Grand Prix,hamilton,mercedes,1,1,25.0,Finished,71
2018,20,Brazilian Grand Prix,max_verstappen,red_bull,5,2,18.0,Finished,71
2018,20,Brazilian Grand Prix,raikkonen,ferrari,4,3,15.0,Finished,71
2018,20,Brazilian Grand Prix,ricciardo,red_bull,11,4,12.0,Finished,71
2018,20,Brazilian Grand Prix,bottas,mercedes,3,5,10.0,Finished,71
2018,20,Brazilian Grand Prix,vettel,ferrari,2,6,8.0,Finished,71
2018,20,Brazilian Grand Prix,leclerc,sauber,7,7,6.0,Finished,71
2018,20,Brazilian Grand Prix,grosjean,haas,8,8,4.0,Finished,71
2018,20,Brazilian Grand Prix,kevin_magnussen,haas,10,9,2.0,Finished,71
2018,20,Brazilian Grand Prix,perez,force_india,12,10,1.0,+1 Lap,70
2018,20,Brazilian Grand Prix,brendon_hartley,toro_rosso,16,11,0.0,+1 Lap,70
2018,20,Brazilian Grand Prix,sainz,renault,15,12,0.0,+1 Lap,70
2018,20,Brazilian Grand Prix,gasly,toro_rosso,9,13,0.0,+1 Lap,70
2018,20,Brazilian Grand Prix,vandoorne,mclaren,20,14,0.0,+1 Lap,70
2018,20,Brazilian Grand Prix,ocon,force_india,18,15,0.0,+1 Lap,70
2018,20,Brazilian Grand Prix,sirotkin,williams,14,16,0.0,+2 Laps,69
2018,20,Brazilian Grand Prix,alonso,mclaren,17,17,0.0,+2 Laps,69
2018,20,Brazilian Grand Prix,stroll,williams,19,18,0.0,+2 Laps,69
2018,20,Brazilian Grand Prix,hulkenberg,renault,13,19,0.0,Overheating,32
2018,20,Brazilian Grand Prix,ericsson,sauber,6,20,0.0,Collision,20
2018,21,Abu Dhabi Grand Prix,hamilton,mercedes,1,1,25.0,Finished,55
2018,21,Abu Dhabi Grand Prix,vettel,ferrari,3,2,18.0,Finished,55
2018,21,Abu Dhabi Grand Prix,max_verstappen,red_bull,6,3,15.0,Finished,55
2018,21,Abu Dhabi Grand Prix,ricciardo,red_bull,5,4,12.0,Finished,55
2018,21,Abu Dhabi Grand Prix,bottas,mercedes,2,5,10.0,Finished,55
2018,21,Abu Dhabi Grand Prix,sainz,renault,11,6,8.0,Finished,55
2018,21,Abu Dhabi Grand Prix,leclerc,sauber,8,7,6.0,Finished,55
2018,21,Abu Dhabi Grand Prix,perez,force_india,14,8,4.0,Finished,55
2018,21,Abu Dhabi Grand Prix,grosjean,haas,7,9,2.0,+1 Lap,54
2018,21,Abu Dhabi Grand Prix,kevin_magnussen,haas,13,10,1.0,+1 Lap,54
2018,21,Abu Dhabi Grand Prix,alonso,mclaren,15,11,0.0,+1 Lap,54
2018,21,Abu Dhabi Grand Prix,brendon_hartley,toro_rosso,16,12,0.0,+1 Lap,54
2018,21,Abu Dhabi Grand Prix,stroll,williams,20,13,0.0,+1 Lap,54
2018,21,Abu Dhabi Grand Prix,vandoorne,mclaren,18,14,0.0,+1 Lap,54
2018,21,Abu Dhabi Grand Prix,sirotkin,williams,19,15,0.0,+1 Lap,54
2018,21,Abu Dhabi Grand Prix,gasly,toro_rosso,17,16,0.0,Engine,46
2018,21,Abu Dhabi Grand Prix,ocon,force_india,9,17,0.0,Engine,44
2018,21,Abu Dhabi Grand Prix,ericsson,sauber,12,18,0.0,Power loss,24
2018,21,Abu Dhabi Grand Prix,raikkonen,ferrari,4,19,0.0,Power loss,6
2018,21,Abu Dhabi Grand Prix,hulkenberg,renault,10,20,0.0,Collision,0
2019,1,Australian Grand Prix,bottas,mercedes,2,1,26.0,Finished,58
2019,1,Australian Grand Prix,hamilton,mercedes,1,2,18.0,Finished,58
2019,1,Australian Grand Prix,max_verstappen,red_bull,4,3,15.0,Finished,58
2019,1,Australian Grand Prix,vettel,ferrari,3,4,12.0,Finished,58
2019,1,Australian Grand Prix,leclerc,ferrari,5,5,10.0,Finished,58
2019,1,Australian Grand Prix,kevin_magnussen,haas,7,6,8.0,Finished,58
2019,1,Australian Grand Prix,hulkenberg,renault,11,7,6.0,+1 Lap,57
2019,1,Australian Grand Prix,raikkonen,alfa,9,8,4.0,+1 Lap,57
2019,1,Australian Grand Prix,stroll,racing_point,16,9,2.0,+1 Lap,57
2019,1,Australian Grand Prix,kvyat,toro_rosso,15,10,1.0,+1 Lap,57
2019,1,Australian Grand Prix,gasly,red_bull,17,11,0.0,+1 Lap,57
2019,1,Australian Grand Prix,norris,mclaren,8,12,0.0,+1 Lap,57
2019,1,Australian Grand Prix,perez,racing_point,10,13,0.0,+1 Lap,57
2019,1,Australian Grand Prix,albon,toro_rosso,13,14,0.0,+1 Lap,57
2019,1,Australian Grand Prix,giovinazzi,alfa,14,15,0.0,+1 Lap,57
2019,1,Australian Grand Prix,russell,williams,19,16,0.0,+2 Laps,56
2019,1,Australian Grand Prix,kubica,williams,20,17,0.0,+3 Laps,55
2019,1,Australian Grand Prix,grosjean,haas,6,18,0.0,Wheel,29
2019,1,Australian Grand Prix,ricciardo,renault,12,19,0.0,Damage,28
2019,1,Australian Grand Prix,sainz,mclaren,18,20,0.0,Engine,9
2019,2,Bahrain Grand Prix,hamilton,mercedes,3,1,25.0,Finished,57
2019,2,Bahrain Grand Prix,bottas,mercedes,4,2,18.0,Finished,57
2019,2,Bahrain Grand Prix,leclerc,ferrari,1,3,16.0,Finished,57
2019,2,Bahrain Grand Prix,max_verstappen,red_bull,5,4,12.0,Finished,57
2019,2,Bahrain Grand Prix,vettel,ferrari,2,5,10.0,Finished,57
2019,2,Bahrain Grand Prix,norris,mclaren,9,6,8.0,Finished,57
2019,2,Bahrain Grand Prix,raikkonen,alfa,8,7,6.0,Finished,57
2019,2,Bahrain Grand Prix,gasly,red_bull,13,8,4.0,Finished,57
2019,2,Bahrain Grand Prix,albon,toro_rosso,12,9,2.0,Finished,57
2019,2,Bahrain Grand Prix,perez,racing_point,14,10,1.0,Finished,57
2019,2,Bahrain Grand Prix,giovinazzi,alfa,16,11,0.0,Finished,57
2019,2,Bahrain Grand Prix,kvyat,toro_rosso,15,12,0.0,+1 Lap,56
2019,2,Bahrain Grand Prix,kevin_magnussen,haas,6,13,0.0,+1 Lap,56
2019,2,Bahrain Grand Prix,stroll,racing_point,18,14,0.0,+1 Lap,56
2019,2,Bahrain Grand Prix,russell,williams,19,15,0.0,+1 Lap,56
2019,2,Bahrain Grand Prix,kubica,williams,20,16,0.0,+2 Laps,55
2019,2,Bahrain Grand Prix,hulkenberg,renault,17,17,0.0,Engine,53
2019,2,Bahrain Grand Prix,ricciardo,renault,10,18,0.0,Out of fuel,53
2019,2,Bahrain Grand Prix,sainz,mclaren,7,19,0.0,Collision damage,53
2019,2,Bahrain Grand Prix,grosjean,haas,11,20,0.0,Retired,16
2019,3,Chinese Grand Prix,hamilton,mercedes,2,1,25.0,Finished,56
2019,3,Chinese Grand Prix,bottas,mercedes,1,2,18.0,Finished,56
2019,3,Chinese Grand Prix,vettel,ferrari,3,3,15.0,Finished,56
2019,3,Chinese Grand Prix,max_verstappen,red_bull,5,4,12.0,Finished,56
2019,3,Chinese Grand Prix,leclerc,ferrari,4,5,10.0,Finished,56
2019,3,Chinese Grand Prix,gasly,red_bull,6,6,9.0,Finished,56
2019,3,Chinese Grand Prix,ricciardo,renault,7,7,6.0,+1 Lap,55
2019,3,Chinese Grand Prix,perez,racing_point,12,8,4.0,+1 Lap,55
2019,3,Chinese Grand Prix,raikkonen,alfa,13,9,2.0,+1 Lap,55
2019,3,Chinese Grand Prix,albon,toro_rosso,0,10,1.0,+1 Lap,55
2019,3,Chinese Grand Prix,grosjean,haas,10,11,0.0,+1 Lap,55
2019,3,Chinese Grand Prix,stroll,racing_point,16,12,0.0,+1 Lap,55
2019,3,Chinese Grand Prix,kevin_magnussen,haas,9,13,0.0,+1 Lap,55
2019,3,Chinese Grand Prix,sainz,mclaren,14,14,0.0,+1 Lap,55
2019,3,Chinese Grand Prix,giovinazzi,alfa,19,15,0.0,+1 Lap,55
2019,3,Chinese Grand Prix,russell,williams,17,16,0.0,+2 Laps,54
2019,3,Chinese Grand Prix,kubica,williams,18,17,0.0,+2 Laps,54
2019,3,Chinese Grand Prix,norris,mclaren,15,18,0.0,Collision,50
2019,3,Chinese Grand Prix,kvyat,toro_rosso,11,19,0.0,Collision,41
2019,3,Chinese Grand Prix,hulkenberg,renault,8,20,0.0,Power Unit,16
2019,4,Azerbaijan Grand Prix,bottas,mercedes,1,1,25.0,Finished,51
2019,4,Azerbaijan Grand Prix,hamilton,mercedes,2,2,18.0,Finished,51
2019,4,Azerbaijan Grand Prix,vettel,ferrari,3,3,15.0,Finished,51
2019,4,Azerbaijan Grand Prix,max_verstappen,red_bull,4,4,12.0,Finished,51
2019,4,Azerbaijan Grand Prix,leclerc,ferrari,8,5,11.0,Finished,51
2019,4,Azerbaijan Grand Prix,perez,racing_point,5,6,8.0,Finished,51
2019,4,Azerbaijan Grand Prix,sainz,mclaren,9,7,6.0,Finished,51
2019,4,Azerbaijan Grand Prix,norris,mclaren,7,8,4.0,Finished,51
2019,4,Azerbaijan Grand Prix,stroll,racing_point,13,9,2.0,Finished,51
2019,4,Azerbaijan Grand Prix,raikkonen,alfa,0,10,1.0,+1 Lap,50
2019,4,Azerbaijan Grand Prix,albon,toro_rosso,11,11,0.0,+1 Lap,50
2019,4,Azerbaijan Grand Prix,giovinazzi,alfa,17,12,0.0,+1 Lap,50
2019,4,Azerbaijan Grand Prix,kevin_magnussen,haas,12,13,0.0,+1 Lap,50
2019,4,Azerbaijan Grand Prix,hulkenberg,renault,15,14,0.0,+1 Lap,50
2019,4,Azerbaijan Grand Prix,russell,williams,16,15,0.0,+2 Laps,49
2019,4,Azerbaijan Grand Prix,kubica,williams,0,16,0.0,+2 Laps,49
2019,4,Azerbaijan Grand Prix,gasly,red_bull,0,17,0.0,Transmission,38
2019,4,Azerbaijan Grand Prix,grosjean,haas,14,18,0.0,Brakes,38
2019,4,Azerbaijan Grand Prix,kvyat,toro_rosso,6,19,0.0,Collision,33
2019,4,Azerbaijan Grand Prix,ricciardo,renault,10,20,0.0,Collision,31
2019,5,Spanish Grand Prix,hamilton,mercedes,2,1,26.0,Finished,66
2019,5,Spanish Grand Prix,bottas,mercedes,1,2,18.0,Finished,66
2019,5,Spanish Grand Prix,max_verstappen,red_bull,4,3,15.0,Finished,66
2019,5,Spanish Grand Prix,vettel,ferrari,3,4,12.0,Finished,66
2019,5,Spanish Grand Prix,leclerc,ferrari,5,5,10.0,Finished,66
2019,5,Spanish Grand Prix,gasly,red_bull,6,6,8.0,Finished,66
2019,5,Spanish Grand Prix,kevin_magnussen,haas,8,7,6.0,Finished,66
2019,5,Spanish Grand Prix,sainz,mclaren,12,8,4.0,Finished,66
2019,5,Spanish Grand Prix,kvyat,toro_rosso,9,9,2.0,Finished,66
2019,5,Spanish Grand Prix,grosjean,haas,7,10,1.0,Finished,66
2019,5,Spanish Grand Prix,albon,toro_rosso,11,11,0.0,Finished,66
2019,5,Spanish Grand Prix,ricciardo,renault,13,12,0.0,Finished,66
2019,5,Spanish Grand Prix,hulkenberg,renault,0,13,0.0,Finished,66
2019,5,Spanish Grand Prix,raikkonen,alfa,14,14,0.0,Finished,66
2019,5,Spanish Grand Prix,perez,racing_point,15,15,0.0,Finished,66
2019,5,Spanish Grand Prix,giovinazzi,alfa,18,16,0.0,Finished,66
2019,5,Spanish Grand Prix,russell,williams,19,17,0.0,+1 Lap,65
2019,5,Spanish Grand Prix,kubica,williams,17,18,0.0,+1 Lap,65
2019,5,Spanish Grand Prix,stroll,racing_point,16,19,0.0,Collision,44
2019,5,Spanish Grand Prix,norris,mclaren,10,20,0.0,Collision,44
2019,6,Monaco Grand Prix,hamilton,mercedes,1,1,25.0,Finished,78
2019,6,Monaco Grand Prix,vettel,ferrari,4,2,18.0,Finished,78
2019,6,Monaco Grand Prix,bottas,mercedes,2,3,15.0,Finished,78
2019,6,Monaco Grand Prix,max_verstappen,red_bull,3,4,12.0,Finished,78
2019,6,Monaco Grand Prix,gasly,red_bull,8,5,11.0,Finished,78
2019,6,Monaco Grand Prix,sainz,mclaren,9,6,8.0,Finished,78
2019,6,Monaco Grand Prix,kvyat,toro_rosso,7,7,6.0,Finished,78
2019,6,Monaco Grand Prix,albon,toro_rosso,10,8,4.0,Finished,78
2019,6,Monaco Grand Prix,ricciardo,renault,6,9,2.0,Finished,78
2019,6,Monaco Grand Prix,grosjean,haas,13,10,1.0,Finished,78
2019,6,Monaco Grand Prix,norris,mclaren,12,11,0.0,Finished,78
2019,6,Monaco Grand Prix,perez,racing_point,16,12,0.0,+1 Lap,77
2019,6,Monaco Grand Prix,hulkenberg,renault,11,13,0.0,+1 Lap,77
2019,6,Monaco Grand Prix,kevin_magnussen,haas,5,14,0.0,+1 Lap,77
2019,6,Monaco Grand Prix,russell,williams,19,15,0.0,+1 Lap,77
2019,6,Monaco Grand Prix,stroll,racing_point,17,16,0.0,+1 Lap,77
2019,6,Monaco Grand Prix,raikkonen,alfa,14,17,0.0,+1 Lap,77
2019,6,Monaco Grand Prix,kubica,williams,20,18,0.0,+1 Lap,77
2019,6,Monaco Grand Prix,giovinazzi,alfa,18,19,0.0,+2 Laps,76
2019,6,Monaco Grand Prix,leclerc,ferrari,15,20,0.0,Collision,16
2019,7,Canadian Grand Prix,hamilton,mercedes,2,1,25.0,Finished,70
2019,7,Canadian Grand Prix,vettel,ferrari,1,2,18.0,Finished,70
2019,7,Canadian Grand Prix,leclerc,ferrari,3,3,15.0,Finished,70
2019,7,Canadian Grand Prix,bottas,mercedes,6,4,13.0,Finished,70
2019,7,Canadian Grand Prix,max_verstappen,red_bull,9,5,10.0,Finished,70
2019,7,Canadian Grand Prix,ricciardo,renault,4,6,8.0,+1 Lap,69
2019,7,Canadian Grand Prix,hulkenberg,renault,7,7,6.0,+1 Lap,69
2019,7,Canadian Grand Prix,gasly,red_bull,5,8,4.0,+1 Lap,69
2019,7,Canadian Grand Prix,stroll,racing_point,17,9,2.0,+1 Lap,69
2019,7,Canadian Grand Prix,kvyat,toro_rosso,10,10,1.0,+1 Lap,69
2019,7,Canadian Grand Prix,sainz,mclaren,11,11,0.0,+1 Lap,69
2019,7,Canadian Grand Prix,perez,racing_point,15,12,0.0,+1 Lap,69
2019,7,Canadian Grand Prix,giovinazzi,alfa,12,13,0.0,+1 Lap,69
2019,7,Canadian Grand Prix,grosjean,haas,14,14,0.0,+1 Lap,69
2019,7,Canadian Grand Prix,raikkonen,alfa,16,15,0.0,+1 Lap,69
2019,7,Canadian Grand Prix,russell,williams,18,16,0.0,+2 Laps,68
2019,7,Canadian Grand Prix,kevin_magnussen,haas,0,17,0.0,+2 Laps,68
2019,7,Canadian Grand Prix,kubica,williams,19,18,0.0,+3 Laps,67
2019,7,Canadian Grand Prix,albon,toro_rosso,13,19,0.0,Collision damage,59
2019,7,Canadian Grand Prix,norris,mclaren,8,20,0.0,Suspension,8
2019,8,French Grand Prix,hamilton,mercedes,1,1,25.0,Finished,53
2019,8,French Grand Prix,bottas,mercedes,2,2,18.0,Finished,53
2019,8,French Grand Prix,leclerc,ferrari,3,3,15.0,Finished,53
2019,8,French Grand Prix,max_verstappen,red_bull,4,4,12.0,Finished,53
2019,8,French Grand Prix,vettel,ferrari,7,5,11.0,Finished,53
2019,8,French Grand Prix,sainz,mclaren,6,6,8.0,Finished,53
2019,8,French Grand Prix,raikkonen,alfa,12,7,6.0,+1 Lap,52
2019,8,French Grand Prix,hulkenberg,renault,13,8,4.0,+1 Lap,52
2019,8,French Grand Prix,norris,mclaren,5,9,2.0,+1 Lap,52
2019,8,French Grand Prix,gasly,red_bull,9,10,1.0,+1 Lap,52
2019,8,French Grand Prix,ricciardo,renault,8,11,0.0,+1 Lap,52
2019,8,French Grand Prix,perez,racing_point,14,12,0.0,+1 Lap,52
2019,8,French Grand Prix,stroll,racing_point,17,13,0.0,+1 Lap,52
2019,8,French Grand Prix,kvyat,toro_rosso,19,14,0.0,+1 Lap,52
2019,8,French Grand Prix,albon,toro_rosso,11,15,0.0,+1 Lap,52
2019,8,French Grand Prix,giovinazzi,alfa,10,16,0.0,+1 Lap,52
2019,8,French Grand Prix,kevin_magnussen,haas,15,17,0.0,+1 Lap,52
2019,8,French Grand Prix,kubica,williams,18,18,0.0,+2 Laps,51
2019,8,French Grand Prix,russell,williams,20,19,0.0,+2 Laps,51
2019,8,French Grand Prix,grosjean,haas,16,20,0.0,Retired,44
2019,9,Austrian Grand Prix,max_verstappen,red_bull,2,1,26.0,Finished,71
2019,9,Austrian Grand Prix,leclerc,ferrari,1,2,18.0,Finished,71
2019,9,Austrian Grand Prix,bottas,mercedes,3,3,15.0,Finished,71
2019,9,Austrian Grand Prix,vettel,ferrari,9,4,12.0,Finished,71
2019,9,Austrian Grand Prix,hamilton,mercedes,4,5,10.0,Finished,71
2019,9,Austrian Grand Prix,norris,mclaren,5,6,8.0,+1 Lap,70
2019,9,Austrian Grand Prix,gasly,red_bull,8,7,6.0,+1 Lap,70
2019,9,Austrian Grand Prix,sainz,mclaren,19,8,4.0,+1 Lap,70
2019,9,Austrian Grand Prix,raikkonen,alfa,6,9,2.0,+1 Lap,70
2019,9,Austrian Grand Prix,giovinazzi,alfa,7,10,1.0,+1 Lap,70
2019,9,Austrian Grand Prix,perez,racing_point,13,11,0.0,+1 Lap,70
2019,9,Austrian Grand Prix,ricciardo,renault,12,12,0.0,+1 Lap,70
2019,9,Austrian Grand Prix,hulkenberg,renault,15,13,0.0,+1 Lap,70
2019,9,Austrian Grand Prix,stroll,racing_point,14,14,0.0,+1 Lap,70
2019,9,Austrian Grand Prix,albon,toro_rosso,18,15,0.0,+1 Lap,70
2019,9,Austrian Grand Prix,grosjean,haas,11,16,0.0,+1 Lap,70
2019,9,Austrian Grand Prix,kvyat,toro_rosso,16,17,0.0,+1 Lap,70
2019,9,Austrian Grand Prix,russell,williams,0,18,0.0,+2 Laps,69
2019,9,Austrian Grand Prix,kevin_magnussen,haas,10,19,0.0,+2 Laps,69
2019,9,Austrian Grand Prix,kubica,williams,17,20,0.0,+3 Laps,68
2019,10,British Grand Prix,hamilton,mercedes,2,1,26.0,Finished,52
2019,10,British Grand Prix,bottas,mercedes,1,2,18.0,Finished,52
2019,10,British Grand Prix,leclerc,ferrari,3,3,15.0,Finished,52
2019,10,British Grand Prix,gasly,red_bull,5,4,12.0,Finished,52
2019,10,British Grand Prix,max_verstappen,red_bull,4,5,10.0,Finished,52
2019,10,British Grand Prix,sainz,mclaren,13,6,8.0,Finished,52
2019,10,British Grand Prix,ricciardo,renault,7,7,6.0,Finished,52
2019,10,British Grand Prix,raikkonen,alfa,12,8,4.0,Finished,52
2019,10,British Grand Prix,kvyat,toro_rosso,17,9,2.0,Finished,52
2019,10,British Grand Prix,hulkenberg,renault,10,10,1.0,Finished,52
2019,10,British Grand Prix,norris,mclaren,8,11,0.0,Finished,52
2019,10,British Grand Prix,albon,toro_rosso,9,12,0.0,Finished,52
2019,10,British Grand Prix,stroll,racing_point,18,13,0.0,Finished,52
2019,10,British Grand Prix,russell,williams,19,14,0.0,+1 Lap,51
2019,10,British Grand Prix,kubica,williams,20,15,0.0,+1 Lap,51
2019,10,British Grand Prix,vettel,ferrari,6,16,0.0,+1 Lap,51
2019,10,British Grand Prix,perez,racing_point,15,17,0.0,+1 Lap,51
2019,10,British Grand Prix,giovinazzi,alfa,11,18,0.0,Spun off,18
2019,10,British Grand Prix,grosjean,haas,14,19,0.0,Collision,9
2019,10,British Grand Prix,kevin_magnussen,haas,16,20,0.0,Collision,6
2019,11,German Grand Prix,max_verstappen,red_bull,2,1,26.0,Finished,64
2019,11,German Grand Prix,vettel,ferrari,20,2,18.0,Finished,64
2019,11,German Grand Prix,kvyat,toro_rosso,14,3,15.0,Finished,64
2019,11,German Grand Prix,stroll,racing_point,15,4,12.0,Finished,64
2019,11,German Grand Prix,sainz,mclaren,7,5,10.0,Finished,64
2019,11,German Grand Prix,albon,toro_rosso,16,6,8.0,Finished,64
2019,11,German Grand Prix,grosjean,haas,6,7,6.0,Finished,64
2019,11,German Grand Prix,kevin_magnussen,haas,12,8,4.0,Finished,64
2019,11,German Grand Prix,hamilton,mercedes,1,9,2.0,Finished,64
2019,11,German Grand Prix,kubica,williams,18,10,1.0,Finished,64
2019,11,German Grand Prix,russell,williams,17,11,0.0,Finished,64
2019,11,German Grand Prix,raikkonen,alfa,5,12,0.0,Finished,64
2019,11,German Grand Prix,giovinazzi,alfa,11,13,0.0,Finished,64
2019,11,German Grand Prix,gasly,red_bull,4,14,0.0,Collision,61
2019,11,German Grand Prix,bottas,mercedes,3,15,0.0,Accident,56
2019,11,German Grand Prix,hulkenberg,renault,9,16,0.0,Accident,39
2019,11,German Grand Prix,leclerc,ferrari,10,17,0.0,Accident,27
2019,11,German Grand Prix,norris,mclaren,19,18,0.0,Power loss,25
2019,11,German Grand Prix,ricciardo,renault,13,19,0.0,Exhaust,13
2019,11,German Grand Prix,perez,racing_point,8,20,0.0,Spun off,1
2019,12,Hungarian Grand Prix,hamilton,mercedes,3,1,25.0,Finished,70
2019,12,Hungarian Grand Prix,max_verstappen,red_bull,1,2,19.0,Finished,70
2019,12,Hungarian Grand Prix,vettel,ferrari,5,3,15.0,Finished,70
2019,12,Hungarian Grand Prix,leclerc,ferrari,4,4,12.0,Finished,70
2019,12,Hungarian Grand Prix,sainz,mclaren,8,5,10.0,+1 Lap,69
2019,12,Hungarian Grand Prix,gasly,red_bull,6,6,8.0,+1 Lap,69
2019,12,Hungarian Grand Prix,raikkonen,alfa,10,7,6.0,+1 Lap,69
2019,12,Hungarian Grand Prix,bottas,mercedes,2,8,4.0,+1 Lap,69
2019,12,Hungarian Grand Prix,norris,mclaren,7,9,2.0,+1 Lap,69
2019,12,Hungarian Grand Prix,albon,toro_rosso,12,10,1.0,+1 Lap,69
2019,12,Hungarian Grand Prix,perez,racing_point,16,11,0.0,+1 Lap,69
2019,12,Hungarian Grand Prix,hulkenberg,renault,11,12,0.0,+1 Lap,69
2019,12,Hungarian Grand Prix,kevin_magnussen,haas,14,13,0.0,+1 Lap,69
2019,12,Hungarian Grand Prix,ricciardo,renault,20,14,0.0,+1 Lap,69
2019,12,Hungarian Grand Prix,kvyat,toro_rosso,13,15,0.0,+2 Laps,68
2019,12,Hungarian Grand Prix,russell,williams,15,16,0.0,+2 Laps,68
2019,12,Hungarian Grand Prix,stroll,racing_point,18,17,0.0,+2 Laps,68
2019,12,Hungarian Grand Prix,giovinazzi,alfa,17,18,0.0,+2 Laps,68
2019,12,Hungarian Grand Prix,kubica,williams,19,19,0.0,+3 Laps,67
2019,12,Hungarian Grand Prix,grosjean,haas,9,20,0.0,Water pressure,49
2019,13,Belgian Grand Prix,leclerc,ferrari,1,1,25.0,Finished,44
2019,13,Belgian Grand Prix,hamilton,mercedes,3,2,18.0,Finished,44
2019,13,Belgian Grand Prix,bottas,mercedes,4,3,15.0,Finished,44
2019,13,Belgian Grand Prix,vettel,ferrari,2,4,13.0,Finished,44
2019,13,Belgian Grand Prix,albon,red_bull,17,5,10.0,Finished,44
2019,13,Belgian Grand Prix,perez,racing_point,7,6,8.0,Finished,44
2019,13,Belgian Grand Prix,kvyat,toro_rosso,19,7,6.0,Finished,44
2019,13,Belgian Grand Prix,hulkenberg,renault,12,8,4.0,Finished,44
2019,13,Belgian Grand Prix,gasly,toro_rosso,13,9,2.0,Finished,44
2019,13,Belgian Grand Prix,stroll,racing_point,16,10,1.0,Finished,44
2019,13,Belgian Grand Prix,norris,mclaren,11,11,0.0,Engine,43
2019,13,Belgian Grand Prix,kevin_magnussen,haas,8,12,0.0,+1 Lap,43
2019,13,Belgian Grand Prix,grosjean,haas,9,13,0.0,+1 Lap,43
2019,13,Belgian Grand Prix,ricciardo,renault,10,14,0.0,+1 Lap,43
2019,13,Belgian Grand Prix,russell,williams,14,15,0.0,+1 Lap,43
2019,13,Belgian Grand Prix,raikkonen,alfa,6,16,0.0,+1 Lap,43
2019,13,Belgian Grand Prix,kubica,williams,0,17,0.0,+1 Lap,43
2019,13,Belgian Grand Prix,giovinazzi,alfa,18,18,0.0,Accident,42
2019,13,Belgian Grand Prix,sainz,mclaren,15,19,0.0,Power loss,1
2019,13,Belgian Grand Prix,max_verstappen,red_bull,5,20,0.0,Accident,0
2019,14,Italian Grand Prix,leclerc,ferrari,1,1,25.0,Finished,53
2019,14,Italian Grand Prix,bottas,mercedes,3,2,18.0,Finished,53
2019,14,Italian Grand Prix,hamilton,mercedes,2,3,16.0,Finished,53
2019,14,Italian Grand Prix,ricciardo,renault,5,4,12.0,Finished,53
2019,14,Italian Grand Prix,hulkenberg,renault,6,5,10.0,Finished,53
2019,14,Italian Grand Prix,albon,red_bull,8,6,8.0,Finished,53
2019,14,Italian Grand Prix,perez,racing_point,18,7,6.0,Finished,53
2019,14,Italian Grand Prix,max_verstappen,red_bull,19,8,4.0,Finished,53
2019,14,Italian Grand Prix,giovinazzi,alfa,10,9,2.0,+1 Lap,52
2019,14,Italian Grand Prix,norris,mclaren,16,10,1.0,+1 Lap,52
2019,14,Italian Grand Prix,gasly,toro_rosso,17,11,0.0,+1 Lap,52
2019,14,Italian Grand Prix,stroll,racing_point,9,12,0.0,+1 Lap,52
2019,14,Italian Grand Prix,vettel,ferrari,4,13,0.0,+1 Lap,52
2019,14,Italian Grand Prix,russell,williams,14,14,0.0,+1 Lap,52
2019,14,Italian Grand Prix,raikkonen,alfa,0,15,0.0,+1 Lap,52
2019,14,Italian Grand Prix,grosjean,haas,13,16,0.0,+1 Lap,52
2019,14,Italian Grand Prix,kubica,williams,15,17,0.0,+2 Laps,51
2019,14,Italian Grand Prix,kevin_magnussen,haas,11,18,0.0,Hydraulics,43
2019,14,Italian Grand Prix,kvyat,toro_rosso,12,19,0.0,Engine,29
2019,14,Italian Grand Prix,sainz,mclaren,7,20,0.0,Wheel,27
2019,15,Singapore Grand Prix,vettel,ferrari,3,1,25.0,Finished,61
2019,15,Singapore Grand Prix,leclerc,ferrari,1,2,18.0,Finished,61
2019,15,Singapore Grand Prix,max_verstappen,red_bull,4,3,15.0,Finished,61
2019,15,Singapore Grand Prix,hamilton,mercedes,2,4,12.0,Finished,61
2019,15,Singapore Grand Prix,bottas,mercedes,5,5,10.0,Finished,61
2019,15,Singapore Grand Prix,albon,red_bull,6,6,8.0,Finished,61
2019,15,Singapore Grand Prix,norris,mclaren,9,7,6.0,Finished,61
2019,15,Singapore Grand Prix,gasly,toro_rosso,11,8,4.0,Finished,61
2019,15,Singapore Grand Prix,hulkenberg,renault,8,9,2.0,Finished,61
2019,15,Singapore Grand Prix,giovinazzi,alfa,10,10,1.0,Finished,61
2019,15,Singapore Grand Prix,grosjean,haas,17,11,0.0,Finished,61
2019,15,Singapore Grand Prix,sainz,mclaren,7,12,0.0,Finished,61
2019,15,Singapore Grand Prix,stroll,racing_point,16,13,0.0,Finished,61
2019,15,Singapore Grand Prix,ricciardo,renault,20,14,0.0,Finished,61
2019,15,Singapore Grand Prix,kvyat,toro_rosso,14,15,0.0,Finished,61
2019,15,Singapore Grand Prix,kubica,williams,19,16,0.0,Finished,61
2019,15,Singapore Grand Prix,kevin_magnussen,haas,13,17,0.0,Finished,61
2019,15,Singapore Grand Prix,raikkonen,alfa,12,18,0.0,Collision,49
2019,15,Singapore Grand Prix,perez,racing_point,15,19,0.0,Engine,42
2019,15,Singapore Grand Prix,russell,williams,18,20,0.0,Collision,34
2019,16,Russian Grand Prix,hamilton,mercedes,2,1,26.0,Finished,53
2019,16,Russian Grand Prix,bottas,mercedes,4,2,18.0,Finished,53
2019,16,Russian Grand Prix,leclerc,ferrari,1,3,15.0,Finished,53
2019,16,Russian Grand Prix,max_verstappen,red_bull,9,4,12.0,Finished,53
2019,16,Russian Grand Prix,albon,red_bull,0,5,10.0,Finished,53
2019,16,Russian Grand Prix,sainz,mclaren,5,6,8.0,Finished,53
2019,16,Russian Grand Prix,perez,racing_point,11,7,6.0,Finished,53
2019,16,Russian Grand Prix,norris,mclaren,7,8,4.0,Finished,53
2019,16,Russian Grand Prix,kevin_magnussen,haas,13,9,2.0,Finished,53
2019,16,Russian Grand Prix,hulkenberg,renault,6,10,1.0,Finished,53
2019,16,Russian Grand Prix,stroll,racing_point,14,11,0.0,Finished,53
2019,16,Russian Grand Prix,kvyat,toro_rosso,19,12,0.0,Finished,53
2019,16,Russian Grand Prix,raikkonen,alfa,15,13,0.0,Finished,53
2019,16,Russian Grand Prix,gasly,toro_rosso,16,14,0.0,Finished,53
2019,16,Russian Grand Prix,giovinazzi,alfa,12,15,0.0,Finished,53
2019,16,Russian Grand Prix,kubica,williams,18,16,0.0,Brakes,28
2019,16,Russian Grand Prix,russell,williams,17,17,0.0,Brakes,27
2019,16,Russian Grand Prix,vettel,ferrari,3,18,0.0,Power loss,26
2019,16,Russian Grand Prix,ricciardo,renault,10,19,0.0,Collision,24
2019,16,Russian Grand Prix,grosjean,haas,8,20,0.0,Collision,0
2019,17,Japanese Grand Prix,bottas,mercedes,3,1,25.0,Finished,52
2019,17,Japanese Grand Prix,vettel,ferrari,1,2,18.0,Finished,52
2019,17,Japanese Grand Prix,hamilton,mercedes,4,3,16.0,Finished,52
2019,17,Japanese Grand Prix,albon,red_bull,6,4,12.0,Finished,52
2019,17,Japanese Grand Prix,sainz,mclaren,7,5,10.0,Finished,52
2019,17,Japanese Grand Prix,leclerc,ferrari,2,6,8.0,+1 Lap,51
2019,17,Japanese Grand Prix,gasly,toro_rosso,9,7,6.0,+1 Lap,51
2019,17,Japanese Grand Prix,perez,racing_point,17,8,4.0,+1 Lap,51
2019,17,Japanese Grand Prix,stroll,racing_point,12,9,2.0,+1 Lap,51
2019,17,Japanese Grand Prix,kvyat,toro_rosso,14,10,1.0,+1 Lap,51
2019,17,Japanese Grand Prix,norris,mclaren,8,11,0.0,+1 Lap,51
2019,17,Japanese Grand Prix,raikkonen,alfa,13,12,0.0,+1 Lap,51
2019,17,Japanese Grand Prix,grosjean,haas,10,13,0.0,+1 Lap,51
2019,17,Japanese Grand Prix,giovinazzi,alfa,11,14,0.0,+1 Lap,51
2019,17,Japanese Grand Prix,kevin_magnussen,haas,19,15,0.0,+1 Lap,51
2019,17,Japanese Grand Prix,russell,williams,18,16,0.0,+2 Laps,50
2019,17,Japanese Grand Prix,kubica,williams,0,17,0.0,+2 Laps,50
2019,17,Japanese Grand Prix,max_verstappen,red_bull,5,18,0.0,Brakes,14
2019,17,Japanese Grand Prix,ricciardo,renault,16,19,0.0,Disqualified,51
2019,17,Japanese Grand Prix,hulkenberg,renault,15,20,0.0,Disqualified,51
2019,18,Mexican Grand Prix,hamilton,mercedes,3,1,25.0,Finished,71
2019,18,Mexican Grand Prix,vettel,ferrari,2,2,18.0,Finished,71
2019,18,Mexican Grand Prix,bottas,mercedes,6,3,15.0,Finished,71
2019,18,Mexican Grand Prix,leclerc,ferrari,1,4,13.0,Finished,71
2019,18,Mexican Grand Prix,albon,red_bull,5,5,10.0,Finished,71
2019,18,Mexican Grand Prix,max_verstappen,red_bull,4,6,8.0,Finished,71
2019,18,Mexican Grand Prix,perez,racing_point,11,7,6.0,Finished,71
2019,18,Mexican Grand Prix,ricciardo,renault,13,8,4.0,Finished,71
2019,18,Mexican Grand Prix,gasly,toro_rosso,10,9,2.0,+1 Lap,70
2019,18,Mexican Grand Prix,hulkenberg,renault,12,10,1.0,+1 Lap,70
2019,18,Mexican Grand Prix,kvyat,toro_rosso,9,11,0.0,+1 Lap,70
2019,18,Mexican Grand Prix,stroll,racing_point,16,12,0.0,+1 Lap,70
2019,18,Mexican Grand Prix,sainz,mclaren,7,13,0.0,+1 Lap,70
2019,18,Mexican Grand Prix,giovinazzi,alfa,15,14,0.0,+1 Lap,70
2019,18,Mexican Grand Prix,kevin_magnussen,haas,17,15,0.0,+2 Laps,69
2019,18,Mexican Grand Prix,russell,williams,19,16,0.0,+2 Laps,69
2019,18,Mexican Grand Prix,grosjean,haas,18,17,0.0,+2 Laps,69
2019,18,Mexican Grand Prix,kubica,williams,20,18,0.0,+2 Laps,69
2019,18,Mexican Grand Prix,raikkonen,alfa,14,19,0.0,Overheating,58
2019,18,Mexican Grand Prix,norris,mclaren,8,20,0.0,Withdrew,48
2019,19,United States Grand Prix,bottas,mercedes,1,1,25.0,Finished,56
2019,19,United States Grand Prix,hamilton,mercedes,5,2,18.0,Finished,56
2019,19,United States Grand Prix,max_verstappen,red_bull,3,3,15.0,Finished,56
2019,19,United States Grand Prix,leclerc,ferrari,4,4,13.0,Finished,56
2019,19,United States Grand Prix,albon,red_bull,6,5,10.0,Finished,56
2019,19,United States Grand Prix,ricciardo,renault,9,6,8.0,Finished,56
2019,19,United States Grand Prix,norris,mclaren,8,7,6.0,Finished,56
2019,19,United States Grand Prix,sainz,mclaren,7,8,4.0,+1 Lap,55
2019,19,United States Grand Prix,hulkenberg,renault,11,9,2.0,+1 Lap,55
2019,19,United States Grand Prix,perez,racing_point,0,10,1.0,+1 Lap,55
2019,19,United States Grand Prix,raikkonen,alfa,17,11,0.0,+1 Lap,55
2019,19,United States Grand Prix,kvyat,toro_rosso,13,12,0.0,+1 Lap,55
2019,19,United States Grand Prix,stroll,racing_point,14,13,0.0,+1 Lap,55
2019,19,United States Grand Prix,giovinazzi,alfa,16,14,0.0,+1 Lap,55
2019,19,United States Grand Prix,grosjean,haas,15,15,0.0,+1 Lap,55
2019,19,United States Grand Prix,gasly,toro_rosso,10,16,0.0,Suspension,54
2019,19,United States Grand Prix,russell,williams,18,17,0.0,+2 Laps,54
2019,19,United States Grand Prix,kevin_magnussen,haas,12,18,0.0,Brakes,52
2019,19,United States Grand Prix,kubica,williams,19,19,0.0,Oil leak,31
2019,19,United States Grand Prix,vettel,ferrari,2,20,0.0,Suspension,7
2019,20,Brazilian Grand Prix,max_verstappen,red_bull,1,1,25.0,Finished,71
2019,20,Brazilian Grand Prix,gasly,toro_rosso,6,2,18.0,Finished,71
2019,20,Brazilian Grand Prix,sainz,mclaren,20,3,15.0,Finished,71
2019,20,Brazilian Grand Prix,raikkonen,alfa,8,4,12.0,Finished,71
2019,20,Brazilian Grand Prix,giovinazzi,alfa,12,5,10.0,Finished,71
2019,20,Brazilian Grand Prix,ricciardo,renault,11,6,8.0,Finished,71
2019,20,Brazilian Grand Prix,hamilton,mercedes,3,7,6.0,Finished,71
2019,20,Brazilian Grand Prix,norris,mclaren,10,8,4.0,Finished,71
2019,20,Brazilian Grand Prix,perez,racing_point,15,9,2.0,Finished,71
2019,20,Brazilian Grand Prix,kvyat,toro_rosso,16,10,1.0,Finished,71
2019,20,Brazilian Grand Prix,kevin_magnussen,haas,9,11,0.0,Finished,71
2019,20,Brazilian Grand Prix,russell,williams,18,12,0.0,Finished,71
2019,20,Brazilian Grand Prix,grosjean,haas,7,13,0.0,Finished,71
2019,20,Brazilian Grand Prix,albon,red_bull,5,14,0.0,Finished,71
2019,20,Brazilian Grand Prix,hulkenberg,renault,13,15,0.0,Finished,71
2019,20,Brazilian Grand Prix,kubica,williams,19,16,0.0,+1 Lap,70
2019,20,Brazilian Grand Prix,vettel,ferrari,2,17,0.0,Collision,65
2019,20,Brazilian Grand Prix,leclerc,ferrari,14,18,0.0,Collision,65
2019,20,Brazilian Grand Prix,stroll,racing_point,17,19,0.0,Suspension,65
2019,20,Brazilian Grand Prix,bottas,mercedes,4,20,0.0,Power Unit,51
2019,21,Abu Dhabi Grand Prix,hamilton,mercedes,1,1,26.0,Finished,55
2019,21,Abu Dhabi Grand Prix,max_verstappen,red_bull,2,2,18.0,Finished,55
2019,21,Abu Dhabi Grand Prix,leclerc,ferrari,3,3,15.0,Finished,55
2019,21,Abu Dhabi Grand Prix,bottas,mercedes,20,4,12.0,Finished,55
2019,21,Abu Dhabi Grand Prix,vettel,ferrari,4,5,10.0,Finished,55
2019,21,Abu Dhabi Grand Prix,albon,red_bull,5,6,8.0,Finished,55
2019,21,Abu Dhabi Grand Prix,perez,racing_point,10,7,6.0,+1 Lap,54
2019,21,Abu Dhabi Grand Prix,norris,mclaren,6,8,4.0,+1 Lap,54
2019,21,Abu Dhabi Grand Prix,kvyat,toro_rosso,13,9,2.0,+1 Lap,54
2019,21,Abu Dhabi Grand Prix,sainz,mclaren,8,10,1.0,+1 Lap,54
2019,21,Abu Dhabi Grand Prix,ricciardo,renault,7,11,0.0,+1 Lap,54
2019,21,Abu Dhabi Grand Prix,hulkenberg,renault,9,12,0.0,+1 Lap,54
2019,21,Abu Dhabi Grand Prix,raikkonen,alfa,17,13,0.0,+1 Lap,54
2019,21,Abu Dhabi Grand Prix,kevin_magnussen,haas,14,14,0.0,+1 Lap,54
2019,21,Abu Dhabi Grand Prix,grosjean,haas,15,15,0.0,+1 Lap,54
2019,21,Abu Dhabi Grand Prix,giovinazzi,alfa,16,16,0.0,+1 Lap,54
2019,21,Abu Dhabi Grand Prix,russell,williams,18,17,0.0,+1 Lap,54
2019,21,Abu Dhabi Grand Prix,gasly,toro_rosso,11,18,0.0,+2 Laps,53
2019,21,Abu Dhabi Grand Prix,kubica,williams,19,19,0.0,+2 Laps,53
2019,21,Abu Dhabi Grand Prix,stroll,racing_point,12,20,0.0,Brakes,45
2020,1,Austrian Grand Prix,bottas,mercedes,1,1,25.0,Finished,71
2020,1,Austrian Grand Prix,leclerc,ferrari,7,2,18.0,Finished,71
2020,1,Austrian Grand Prix,norris,mclaren,3,3,16.0,Finished,71
2020,1,Austrian Grand Prix,hamilton,mercedes,5,4,12.0,Finished,71
2020,1,Austrian Grand Prix,sainz,mclaren,8,5,10.0,Finished,71
2020,1,Austrian Grand Prix,perez,racing_point,6,6,8.0,Finished,71
2020,1,Austrian Grand Prix,gasly,alphatauri,12,7,6.0,Finished,71
2020,1,Austrian Grand Prix,ocon,renault,14,8,4.0,Finished,71
2020,1,Austrian Grand Prix,giovinazzi,alfa,18,9,2.0,Finished,71
2020,1,Austrian Grand Prix,vettel,ferrari,11,10,1.0,Finished,71
2020,1,Austrian Grand Prix,latifi,williams,20,11,0.0,Finished,71
2020,1,Austrian Grand Prix,kvyat,alphatauri,13,12,0.0,Suspension,69
2020,1,Austrian Grand Prix,albon,red_bull,4,13,0.0,Electronics,67
2020,1,Austrian Grand Prix,raikkonen,alfa,19,14,0.0,Wheel,53
2020,1,Austrian Grand Prix,russell,williams,17,15,0.0,Fuel pressure,49
2020,1,Austrian Grand Prix,grosjean,haas,15,16,0.0,Brakes,49
2020,1,Austrian Grand Prix,kevin_magnussen,haas,16,17,0.0,Brakes,24
2020,1,Austrian Grand Prix,stroll,racing_point,9,18,0.0,Engine,20
2020,1,Austrian Grand Prix,ricciardo,renault,10,19,0.0,Overheating,17
2020,1,Austrian Grand Prix,max_verstappen,red_bull,2,20,0.0,Electronics,11
2020,2,Styrian Grand Prix,hamilton,mercedes,1,1,25.0,Finished,71
2020,2,Styrian Grand Prix,bottas,mercedes,4,2,18.0,Finished,71
2020,2,Styrian Grand Prix,max_verstappen,red_bull,2,3,15.0,Finished,71
2020,2,Styrian Grand Prix,albon,red_bull,6,4,12.0,Finished,71
2020,2,Styrian Grand Prix,norris,mclaren,9,5,10.0,Finished,71
2020,2,Styrian Grand Prix,perez,racing_point,17,6,8.0,Finished,71
2020,2,Styrian Grand Prix,stroll,racing_point,12,7,6.0,Finished,71
2020,2,Styrian Grand Prix,ricciardo,renault,8,8,4.0,Finished,71
2020,2,Styrian Grand Prix,sainz,mclaren,3,9,3.0,+1 Lap,70
2020,2,Styrian Grand Prix,kvyat,alphatauri,13,10,1.0,+1 Lap,70
2020,2,Styrian Grand Prix,raikkonen,alfa,16,11,0.0,+1 Lap,70
2020,2,Styrian Grand Prix,kevin_magnussen,haas,15,12,0.0,+1 Lap,70
2020,2,Styrian Grand Prix,grosjean,haas,0,13,0.0,+1 Lap,70
2020,2,Styrian Grand Prix,giovinazzi,alfa,19,14,0.0,+1 Lap,70
2020,2,Styrian Grand Prix,gasly,alphatauri,7,15,0.0,+1 Lap,70
2020,2,Styrian Grand Prix,russell,williams,11,16,0.0,+2 Laps,69
2020,2,Styrian Grand Prix,latifi,williams,18,17,0.0,+2 Laps,69
2020,2,Styrian Grand Prix,ocon,renault,5,18,0.0,Overheating,25
2020,2,Styrian Grand Prix,leclerc,ferrari,14,19,0.0,Collision damage,4
2020,2,Styrian Grand Prix,vettel,ferrari,10,20,0.0,Collision damage,1
2020,3,Hungarian Grand Prix,hamilton,mercedes,1,1,26.0,Finished,70
2020,3,Hungarian Grand Prix,max_verstappen,red_bull,7,2,18.0,Finished,70
2020,3,Hungarian Grand Prix,bottas,mercedes,2,3,15.0,Finished,70
2020,3,Hungarian Grand Prix,stroll,racing_point,3,4,12.0,Finished,70
2020,3,Hungarian Grand Prix,albon,red_bull,13,5,10.0,Finished,70
2020,3,Hungarian Grand Prix,vettel,ferrari,5,6,8.0,+1 Lap,69
2020,3,Hungarian Grand Prix,perez,racing_point,4,7,6.0,+1 Lap,69
2020,3,Hungarian Grand Prix,ricciardo,renault,11,8,4.0,+1 Lap,69
2020,3,Hungarian Grand Prix,sainz,mclaren,9,9,2.0,+1 Lap,69
2020,3,Hungarian Grand Prix,kevin_magnussen,haas,0,10,1.0,+1 Lap,69
2020,3,Hungarian Grand Prix,leclerc,ferrari,6,11,0.0,+1 Lap,69
2020,3,Hungarian Grand Prix,kvyat,alphatauri,17,12,0.0,+1 Lap,69
2020,3,Hungarian Grand Prix,norris,mclaren,8,13,0.0,+1 Lap,69
2020,3,Hungarian Grand Prix,ocon,renault,14,14,0.0,+1 Lap,69
2020,3,Hungarian Grand Prix,raikkonen,alfa,20,15,0.0,+1 Lap,69
2020,3,Hungarian Grand Prix,grosjean,haas,0,16,0.0,+1 Lap,69
2020,3,Hungarian Grand Prix,giovinazzi,alfa,19,17,0.0,+1 Lap,69
2020,3,Hungarian Grand Prix,russell,williams,12,18,0.0,+1 Lap,69
2020,3,Hungarian Grand Prix,latifi,williams,15,19,0.0,+5 Laps,65
2020,3,Hungarian Grand Prix,gasly,alphatauri,10,20,0.0,Engine,15
2020,4,British Grand Prix,hamilton,mercedes,1,1,25.0,Finished,52
2020,4,British Grand Prix,max_verstappen,red_bull,3,2,19.0,Finished,52
2020,4,British Grand Prix,leclerc,ferrari,4,3,15.0,Finished,52
2020,4,British Grand Prix,ricciardo,renault,8,4,12.0,Finished,52
2020,4,British Grand Prix,norris,mclaren,5,5,10.0,Finished,52
2020,4,British Grand Prix,ocon,renault,9,6,8.0,Finished,52
2020,4,British Grand Prix,gasly,alphatauri,11,7,6.0,Finished,52
2020,4,British Grand Prix,albon,red_bull,12,8,4.0,Finished,52
2020,4,British Grand Prix,stroll,racing_point,6,9,2.0,Finished,52
2020,4,British Grand Prix,vettel,ferrari,10,10,1.0,Finished,52
2020,4,British Grand Prix,bottas,mercedes,2,11,0.0,Finished,52
2020,4,British Grand Prix,russell,williams,20,12,0.0,Finished,52
2020,4,British Grand Prix,sainz,mclaren,7,13,0.0,Finished,52
2020,4,British Grand Prix,giovinazzi,alfa,15,14,0.0,Finished,52
2020,4,British Grand Prix,latifi,williams,18,15,0.0,Finished,52
2020,4,British Grand Prix,grosjean,haas,17,16,0.0,Finished,52
2020,4,British Grand Prix,raikkonen,alfa,16,17,0.0,+1 Lap,51
2020,4,British Grand Prix,kvyat,alphatauri,19,18,0.0,Accident,11
2020,4,British Grand Prix,kevin_magnussen,haas,14,19,0.0,Collision,1
2020,4,British Grand Prix,hulkenberg,racing_point,13,20,0.0,Power Unit,0
2020,5,70th Anniversary Grand Prix,max_verstappen,red_bull,4,1,25.0,Finished,52
2020,5,70th Anniversary Grand Prix,hamilton,mercedes,2,2,19.0,Finished,52
2020,5,70th Anniversary Grand Prix,bottas,mercedes,1,3,15.0,Finished,52
2020,5,70th Anniversary Grand Prix,leclerc,ferrari,8,4,12.0,Finished,52
2020,5,70th Anniversary Grand Prix,albon,red_bull,9,5,10.0,Finished,52
2020,5,70th Anniversary Grand Prix,stroll,racing_point,6,6,8.0,Finished,52
2020,5,70th Anniversary Grand Prix,hulkenberg,racing_point,3,7,6.0,Finished,52
2020,5,70th Anniversary Grand Prix,ocon,renault,14,8,4.0,Finished,52
2020,5,70th Anniversary Grand Prix,norris,mclaren,10,9,2.0,Finished,52
2020,5,70th Anniversary Grand Prix,kvyat,alphatauri,16,10,1.0,Finished,52
2020,5,70th Anniversary Grand Prix,gasly,alphatauri,7,11,0.0,Finished,52
2020,5,70th Anniversary Grand Prix,vettel,ferrari,11,12,0.0,Finished,52
2020,5,70th Anniversary Grand Prix,sainz,mclaren,12,13,0.0,Finished,52
2020,5,70th Anniversary Grand Prix,ricciardo,renault,5,14,0.0,+1 Lap,51
2020,5,70th Anniversary Grand Prix,raikkonen,alfa,20,15,0.0,+1 Lap,51
2020,5,70th Anniversary Grand Prix,grosjean,haas,13,16,0.0,+1 Lap,51
2020,5,70th Anniversary Grand Prix,giovinazzi,alfa,19,17,0.0,+1 Lap,51
2020,5,70th Anniversary Grand Prix,russell,williams,15,18,0.0,+1 Lap,51
2020,5,70th Anniversary Grand Prix,latifi,williams,18,19,0.0,+1 Lap,51
2020,5,70th Anniversary Grand Prix,kevin_magnussen,haas,17,20,0.0,Retired,43
2020,6,Spanish Grand Prix,hamilton,mercedes,1,1,25.0,Finished,66
2020,6,Spanish Grand Prix,max_verstappen,red_bull,3,2,18.0,Finished,66
2020,6,Spanish Grand Prix,bottas,mercedes,2,3,16.0,Finished,66
2020,6,Spanish Grand Prix,stroll,racing_point,5,4,12.0,+1 Lap,65
2020,6,Spanish Grand Prix,perez,racing_point,4,5,10.0,+1 Lap,65
2020,6,Spanish Grand Prix,sainz,mclaren,7,6,8.0,+1 Lap,65
2020,6,Spanish Grand Prix,vettel,ferrari,11,7,6.0,+1 Lap,65
2020,6,Spanish Grand Prix,albon,red_bull,6,8,4.0,+1 Lap,65
2020,6,Spanish Grand Prix,gasly,alphatauri,10,9,2.0,+1 Lap,65
2020,6,Spanish Grand Prix,norris,mclaren,8,10,1.0,+1 Lap,65
2020,6,Spanish Grand Prix,ricciardo,renault,13,11,0.0,+1 Lap,65
2020,6,Spanish Grand Prix,kvyat,alphatauri,12,12,0.0,+1 Lap,65
2020,6,Spanish Grand Prix,ocon,renault,15,13,0.0,+1 Lap,65
2020,6,Spanish Grand Prix,raikkonen,alfa,14,14,0.0,+1 Lap,65
2020,6,Spanish Grand Prix,kevin_magnussen,haas,16,15,0.0,+1 Lap,65
2020,6,Spanish Grand Prix,giovinazzi,alfa,20,16,0.0,+1 Lap,65
2020,6,Spanish Grand Prix,russell,williams,18,17,0.0,+1 Lap,65
2020,6,Spanish Grand Prix,latifi,williams,19,18,0.0,+2 Laps,64
2020,6,Spanish Grand Prix,grosjean,haas,17,19,0.0,+2 Laps,64
2020,6,Spanish Grand Prix,leclerc,ferrari,9,20,0.0,Electronics,38
2020,7,Belgian Grand Prix,hamilton,mercedes,1,1,25.0,Finished,44
2020,7,Belgian Grand Prix,bottas,mercedes,2,2,18.0,Finished,44
2020,7,Belgian Grand Prix,max_verstappen,red_bull,3,3,15.0,Finished,44
2020,7,Belgian Grand Prix,ricciardo,renault,4,4,13.0,Finished,44
2020,7,Belgian Grand Prix,ocon,renault,6,5,10.0,Finished,44
2020,7,Belgian Grand Prix,albon,red_bull,5,6,8.0,Finished,44
2020,7,Belgian Grand Prix,norris,mclaren,10,7,6.0,Finished,44
2020,7,Belgian Grand Prix,gasly,alphatauri,12,8,4.0,Finished,44
2020,7,Belgian Grand Prix,stroll,racing_point,9,9,2.0,Finished,44
2020,7,Belgian Grand Prix,perez,racing_point,8,10,1.0,Finished,44
2020,7,Belgian Grand Prix,kvyat,alphatauri,11,11,0.0,Finished,44
2020,7,Belgian Grand Prix,raikkonen,alfa,16,12,0.0,Finished,44
2020,7,Belgian Grand Prix,vettel,ferrari,14,13,0.0,Finished,44
2020,7,Belgian Grand Prix,leclerc,ferrari,13,14,0.0,Finished,44
2020,7,Belgian Grand Prix,grosjean,haas,17,15,0.0,Finished,44
2020,7,Belgian Grand Prix,latifi,williams,19,16,0.0,Finished,44
2020,7,Belgian Grand Prix,kevin_magnussen,haas,20,17,0.0,Finished,44
2020,7,Belgian Grand Prix,giovinazzi,alfa,18,18,0.0,Accident,9
2020,7,Belgian Grand Prix,russell,williams,15,19,0.0,Debris,9
2020,7,Belgian Grand Prix,sainz,mclaren,7,20,0.0,Exhaust,0
2020,8,Italian Grand Prix,gasly,alphatauri,10,1,25.0,Finished,53
2020,8,Italian Grand Prix,sainz,mclaren,3,2,18.0,Finished,53
2020,8,Italian Grand Prix,stroll,racing_point,8,3,15.0,Finished,53
2020,8,Italian Grand Prix,norris,mclaren,6,4,12.0,Finished,53
2020,8,Italian Grand Prix,bottas,mercedes,2,5,10.0,Finished,53
2020,8,Italian Grand Prix,ricciardo,renault,7,6,8.0,Finished,53
2020,8,Italian Grand Prix,hamilton,mercedes,1,7,7.0,Finished,53
2020,8,Italian Grand Prix,ocon,renault,12,8,4.0,Finished,53
2020,8,Italian Grand Prix,kvyat,alphatauri,11,9,2.0,Finished,53
2020,8,Italian Grand Prix,perez,racing_point,4,10,1.0,Finished,53
2020,8,Italian Grand Prix,latifi,williams,20,11,0.0,Finished,53
2020,8,Italian Grand Prix,grosjean,haas,16,12,0.0,Finished,53
2020,8,Italian Grand Prix,raikkonen,alfa,14,13,0.0,Finished,53
2020,8,Italian Grand Prix,russell,williams,19,14,0.0,Finished,53
2020,8,Italian Grand Prix,albon,red_bull,9,15,0.0,Finished,53
2020,8,Italian Grand Prix,giovinazzi,alfa,18,16,0.0,Finished,53
2020,8,Italian Grand Prix,max_verstappen,red_bull,5,17,0.0,Power Unit,30
2020,8,Italian Grand Prix,leclerc,ferrari,13,18,0.0,Accident,23
2020,8,Italian Grand Prix,kevin_magnussen,haas,15,19,0.0,Power Unit,17
2020,8,Italian Grand Prix,vettel,ferrari,17,20,0.0,Brakes,6
2020,9,Tuscan Grand Prix,hamilton,mercedes,1,1,26.0,Finished,59
2020,9,Tuscan Grand Prix,bottas,mercedes,2,2,18.0,Finished,59
2020,9,Tuscan Grand Prix,albon,red_bull,4,3,15.0,Finished,59
2020,9,Tuscan Grand Prix,ricciardo,renault,8,4,12.0,Finished,59
2020,9,Tuscan Grand Prix,perez,racing_point,7,5,10.0,Finished,59
2020,9,Tuscan Grand Prix,norris,mclaren,11,6,8.0,Finished,59
2020,9,Tuscan Grand Prix,kvyat,alphatauri,12,7,6.0,Finished,59
2020,9,Tuscan Grand Prix,leclerc,ferrari,5,8,4.0,Finished,59
2020,9,Tuscan Grand Prix,raikkonen,alfa,13,9,2.0,Finished,59
2020,9,Tuscan Grand Prix,vettel,ferrari,14,10,1.0,Finished,59
2020,9,Tuscan Grand Prix,russell,williams,18,11,0.0,Finished,59
2020,9,Tuscan Grand Prix,grosjean,haas,15,12,0.0,Finished,59
2020,9,Tuscan Grand Prix,stroll,racing_point,6,13,0.0,Puncture,42
2020,9,Tuscan Grand Prix,ocon,renault,10,14,0.0,Brakes,7
2020,9,Tuscan Grand Prix,latifi,williams,19,15,0.0,Collision,6
2020,9,Tuscan Grand Prix,kevin_magnussen,haas,20,16,0.0,Collision,5
2020,9,Tuscan Grand Prix,giovinazzi,alfa,17,17,0.0,Collision,5
2020,9,Tuscan Grand Prix,sainz,mclaren,9,18,0.0,Collision,5
2020,9,Tuscan Grand Prix,max_verstappen,red_bull,3,19,0.0,Collision,0
2020,9,Tuscan Grand Prix,gasly,alphatauri,16,20,0.0,Collision,0
2020,10,Russian Grand Prix,bottas,mercedes,3,1,26.0,Finished,53
2020,10,Russian Grand Prix,max_verstappen,red_bull,2,2,18.0,Finished,53
2020,10,Russian Grand Prix,hamilton,mercedes,1,3,15.0,Finished,53
2020,10,Russian Grand Prix,perez,racing_point,4,4,12.0,Finished,53
2020,10,Russian Grand Prix,ricciardo,renault,5,5,10.0,Finished,53
2020,10,Russian Grand Prix,leclerc,ferrari,10,6,8.0,Finished,53
2020,10,Russian Grand Prix,ocon,renault,7,7,6.0,Finished,53
2020,10,Russian Grand Prix,kvyat,alphatauri,11,8,4.0,Finished,53
2020,10,Russian Grand Prix,gasly,alphatauri,9,9,2.0,Finished,53
2020,10,Russian Grand Prix,albon,red_bull,15,10,1.0,Finished,53
2020,10,Russian Grand Prix,giovinazzi,alfa,17,11,0.0,+1 Lap,52
2020,10,Russian Grand Prix,kevin_magnussen,haas,18,12,0.0,+1 Lap,52
2020,10,Russian Grand Prix,vettel,ferrari,14,13,0.0,+1 Lap,52
2020,10,Russian Grand Prix,raikkonen,alfa,19,14,0.0,+1 Lap,52
2020,10,Russian Grand Prix,norris,mclaren,8,15,0.0,+1 Lap,52
2020,10,Russian Grand Prix,latifi,williams,20,16,0.0,+1 Lap,52
2020,10,Russian Grand Prix,grosjean,haas,16,17,0.0,+1 Lap,52
2020,10,Russian Grand Prix,russell,williams,13,18,0.0,+1 Lap,52
2020,10,Russian Grand Prix,sainz,mclaren,6,19,0.0,Accident,0
2020,10,Russian Grand Prix,stroll,racing_point,12,20,0.0,Collision,0
2020,11,Eifel Grand Prix,hamilton,mercedes,2,1,25.0,Finished,60
2020,11,Eifel Grand Prix,max_verstappen,red_bull,3,2,19.0,Finished,60
2020,11,Eifel Grand Prix,ricciardo,renault,6,3,15.0,Finished,60
2020,11,Eifel Grand Prix,perez,racing_point,9,4,12.0,Finished,60
2020,11,Eifel Grand Prix,sainz,mclaren,10,5,10.0,Finished,60
2020,11,Eifel Grand Prix,gasly,alphatauri,12,6,8.0,Finished,60
2020,11,Eifel Grand Prix,leclerc,ferrari,4,7,6.0,Finished,60
2020,11,Eifel Grand Prix,hulkenberg,racing_point,20,8,4.0,Finished,60
2020,11,Eifel Grand Prix,grosjean,haas,16,9,2.0,Finished,60
2020,11,Eifel Grand Prix,giovinazzi,alfa,14,10,1.0,Finished,60
2020,11,Eifel Grand Prix,vettel,ferrari,11,11,0.0,Finished,60
2020,11,Eifel Grand Prix,raikkonen,alfa,19,12,0.0,Finished,60
2020,11,Eifel Grand Prix,kevin_magnussen,haas,15,13,0.0,Finished,60
2020,11,Eifel Grand Prix,latifi,williams,18,14,0.0,Finished,60
2020,11,Eifel Grand Prix,kvyat,alphatauri,13,15,0.0,Finished,60
2020,11,Eifel Grand Prix,norris,mclaren,8,16,0.0,Power Unit,42
2020,11,Eifel Grand Prix,albon,red_bull,5,17,0.0,Radiator,23
2020,11,Eifel Grand Prix,ocon,renault,7,18,0.0,Gearbox,22
2020,11,Eifel Grand Prix,bottas,mercedes,1,19,0.0,Power Unit,18
2020,11,Eifel Grand Prix,russell,williams,17,20,0.0,Collision,12
2020,12,Portuguese Grand Prix,hamilton,mercedes,1,1,26.0,Finished,66
2020,12,Portuguese Grand Prix,bottas,mercedes,2,2,18.0,Finished,66
2020,12,Portuguese Grand Prix,max_verstappen,red_bull,3,3,15.0,Finished,66
2020,12,Portuguese Grand Prix,leclerc,ferrari,4,4,12.0,Finished,66
2020,12,Portuguese Grand Prix,gasly,alphatauri,9,5,10.0,+1 Lap,65
2020,12,Portuguese Grand Prix,sainz,mclaren,7,6,8.0,+1 Lap,65
2020,12,Portuguese Grand Prix,perez,racing_point,5,7,6.0,+1 Lap,65
2020,12,Portuguese Grand Prix,ocon,renault,11,8,4.0,+1 Lap,65
2020,12,Portuguese Grand Prix,ricciardo,renault,10,9,2.0,+1 Lap,65
2020,12,Portuguese Grand Prix,vettel,ferrari,15,10,1.0,+1 Lap,65
2020,12,Portuguese Grand Prix,raikkonen,alfa,16,11,0.0,+1 Lap,65
2020,12,Portuguese Grand Prix,albon,red_bull,6,12,0.0,+1 Lap,65
2020,12,Portuguese Grand Prix,norris,mclaren,8,13,0.0,+1 Lap,65
2020,12,Portuguese Grand Prix,russell,williams,14,14,0.0,+1 Lap,65
2020,12,Portuguese Grand Prix,giovinazzi,alfa,17,15,0.0,+1 Lap,65
2020,12,Portuguese Grand Prix,kevin_magnussen,haas,19,16,0.0,+1 Lap,65
2020,12,Portuguese Grand Prix,grosjean,haas,18,17,0.0,+1 Lap,65
2020,12,Portuguese Grand Prix,latifi,williams,20,18,0.0,+2 Laps,64
2020,12,Portuguese Grand Prix,kvyat,alphatauri,13,19,0.0,+2 Laps,64
2020,12,Portuguese Grand Prix,stroll,racing_point,12,20,0.0,Collision damage,51
2020,13,Emilia Romagna Grand Prix,hamilton,mercedes,2,1,26.0,Finished,63
2020,13,Emilia Romagna Grand Prix,bottas,mercedes,1,2,18.0,Finished,63
2020,13,Emilia Romagna Grand Prix,ricciardo,renault,5,3,15.0,Finished,63
2020,13,Emilia Romagna Grand Prix,kvyat,alphatauri,8,4,12.0,Finished,63
2020,13,Emilia Romagna Grand Prix,leclerc,ferrari,7,5,10.0,Finished,63
2020,13,Emilia Romagna Grand Prix,perez,racing_point,11,6,8.0,Finished,63
2020,13,Emilia Romagna Grand Prix,sainz,mclaren,10,7,6.0,Finished,63
2020,13,Emilia Romagna Grand Prix,norris,mclaren,9,8,4.0,Finished,63
2020,13,Emilia Romagna Grand Prix,raikkonen,alfa,18,9,2.0,Finished,63
2020,13,Emilia Romagna Grand Prix,giovinazzi,alfa,20,10,1.0,Finished,63
2020,13,Emilia Romagna Grand Prix,latifi,williams,19,11,0.0,Finished,63
2020,13,Emilia Romagna Grand Prix,vettel,ferrari,14,12,0.0,Finished,63
2020,13,Emilia Romagna Grand Prix,stroll,racing_point,15,13,0.0,Finished,63
2020,13,Emilia Romagna Grand Prix,grosjean,haas,16,14,0.0,Finished,63
2020,13,Emilia Romagna Grand Prix,albon,red_bull,6,15,0.0,Finished,63
2020,13,Emilia Romagna Grand Prix,russell,williams,13,16,0.0,Accident,51
2020,13,Emilia Romagna Grand Prix,max_verstappen,red_bull,3,17,0.0,Puncture,50
2020,13,Emilia Romagna Grand Prix,kevin_magnussen,haas,17,18,0.0,Illness,47
2020,13,Emilia Romagna Grand Prix,ocon,renault,12,19,0.0,Gearbox,27
2020,13,Emilia Romagna Grand Prix,gasly,alphatauri,4,20,0.0,Water pressure,8
2020,14,Turkish Grand Prix,hamilton,mercedes,6,1,25.0,Finished,58
2020,14,Turkish Grand Prix,perez,racing_point,3,2,18.0,Finished,58
2020,14,Turkish Grand Prix,vettel,ferrari,11,3,15.0,Finished,58
2020,14,Turkish Grand Prix,leclerc,ferrari,12,4,12.0,Finished,58
2020,14,Turkish Grand Prix,sainz,mclaren,15,5,10.0,Finished,58
2020,14,Turkish Grand Prix,max_verstappen,red_bull,2,6,8.0,Finished,58
2020,14,Turkish Grand Prix,albon,red_bull,4,7,6.0,Finished,58
2020,14,Turkish Grand Prix,norris,mclaren,14,8,5.0,Finished,58
2020,14,Turkish Grand Prix,stroll,racing_point,1,9,2.0,Finished,58
2020,14,Turkish Grand Prix,ricciardo,renault,5,10,1.0,Finished,58
2020,14,Turkish Grand Prix,ocon,renault,7,11,0.0,+1 Lap,57
2020,14,Turkish Grand Prix,kvyat,alphatauri,16,12,0.0,+1 Lap,57
2020,14,Turkish Grand Prix,gasly,alphatauri,19,13,0.0,+1 Lap,57
2020,14,Turkish Grand Prix,bottas,mercedes,9,14,0.0,+1 Lap,57
2020,14,Turkish Grand Prix,raikkonen,alfa,8,15,0.0,+1 Lap,57
2020,14,Turkish Grand Prix,russell,williams,0,16,0.0,+1 Lap,57
2020,14,Turkish Grand Prix,kevin_magnussen,haas,13,17,0.0,Withdrew,55
2020,14,Turkish Grand Prix,grosjean,haas,17,18,0.0,Collision damage,49
2020,14,Turkish Grand Prix,latifi,williams,0,19,0.0,Collision damage,39
2020,14,Turkish Grand Prix,giovinazzi,alfa,10,20,0.0,Gearbox,11
2020,15,Bahrain Grand Prix,hamilton,mercedes,1,1,25.0,Finished,57
2020,15,Bahrain Grand Prix,max_verstappen,red_bull,3,2,19.0,Finished,57
2020,15,Bahrain Grand Prix,albon,red_bull,4,3,15.0,Finished,57
2020,15,Bahrain Grand Prix,norris,mclaren,9,4,12.0,Finished,57
2020,15,Bahrain Grand Prix,sainz,mclaren,15,5,10.0,Finished,57
2020,15,Bahrain Grand Prix,gasly,alphatauri,8,6,8.0,Finished,57
2020,15,Bahrain Grand Prix,ricciardo,renault,6,7,6.0,Finished,57
2020,15,Bahrain Grand Prix,bottas,mercedes,2,8,4.0,Finished,57
2020,15,Bahrain Grand Prix,ocon,renault,7,9,2.0,Finished,57
2020,15,Bahrain Grand Prix,leclerc,ferrari,12,10,1.0,+1 Lap,56
2020,15,Bahrain Grand Prix,kvyat,alphatauri,10,11,0.0,+1 Lap,56
2020,15,Bahrain Grand Prix,russell,williams,14,12,0.0,+1 Lap,56
2020,15,Bahrain Grand Prix,vettel,ferrari,11,13,0.0,+1 Lap,56
2020,15,Bahrain Grand Prix,latifi,williams,20,14,0.0,+1 Lap,56
2020,15,Bahrain Grand Prix,raikkonen,alfa,17,15,0.0,+1 Lap,56
2020,15,Bahrain Grand Prix,giovinazzi,alfa,16,16,0.0,+1 Lap,56
2020,15,Bahrain Grand Prix,kevin_magnussen,haas,18,17,0.0,+1 Lap,56
2020,15,Bahrain Grand Prix,perez,racing_point,5,18,0.0,Engine,53
2020,15,Bahrain Grand Prix,stroll,racing_point,13,19,0.0,Collision,2
2020,15,Bahrain Grand Prix,grosjean,haas,19,20,0.0,Collision,0
2020,16,Sakhir Grand Prix,perez,racing_point,5,1,25.0,Finished,87
2020,16,Sakhir Grand Prix,ocon,renault,11,2,18.0,Finished,87
2020,16,Sakhir Grand Prix,stroll,racing_point,10,3,15.0,Finished,87
2020,16,Sakhir Grand Prix,sainz,mclaren,8,4,12.0,Finished,87
2020,16,Sakhir Grand Prix,ricciardo,renault,7,5,10.0,Finished,87
2020,16,Sakhir Grand Prix,albon,red_bull,12,6,8.0,Finished,87
2020,16,Sakhir Grand Prix,kvyat,alphatauri,6,7,6.0,Finished,87
2020,16,Sakhir Grand Prix,bottas,mercedes,1,8,4.0,Finished,87
2020,16,Sakhir Grand Prix,russell,mercedes,2,9,3.0,Finished,87
2020,16,Sakhir Grand Prix,norris,mclaren,19,10,1.0,Finished,87
2020,16,Sakhir Grand Prix,gasly,alphatauri,9,11,0.0,Finished,87
2020,16,Sakhir Grand Prix,vettel,ferrari,13,12,0.0,Finished,87
2020,16,Sakhir Grand Prix,giovinazzi,alfa,14,13,0.0,Finished,87
2020,16,Sakhir Grand Prix,raikkonen,alfa,18,14,0.0,Finished,87
2020,16,Sakhir Grand Prix,kevin_magnussen,haas,15,15,0.0,Finished,87
2020,16,Sakhir Grand Prix,aitken,williams,17,16,0.0,Finished,87
2020,16,Sakhir Grand Prix,pietro_fittipaldi,haas,20,17,0.0,Finished,87
2020,16,Sakhir Grand Prix,latifi,williams,16,18,0.0,Engine,52
2020,16,Sakhir Grand Prix,max_verstappen,red_bull,3,19,0.0,Accident,0
2020,16,Sakhir Grand Prix,leclerc,ferrari,4,20,0.0,Collision,0
2020,17,Abu Dhabi Grand Prix,max_verstappen,red_bull,1,1,25.0,Finished,55
2020,17,Abu Dhabi Grand Prix,bottas,mercedes,2,2,18.0,Finished,55
2020,17,Abu Dhabi Grand Prix,hamilton,mercedes,3,3,15.0,Finished,55
2020,17,Abu Dhabi Grand Prix,albon,red_bull,5,4,12.0,Finished,55
2020,17,Abu Dhabi Grand Prix,norris,mclaren,4,5,10.0,Finished,55
2020,17,Abu Dhabi Grand Prix,sainz,mclaren,6,6,8.0,Finished,55
2020,17,Abu Dhabi Grand Prix,ricciardo,renault,11,7,7.0,Finished,55
2020,17,Abu Dhabi Grand Prix,gasly,alphatauri,9,8,4.0,Finished,55
2020,17,Abu Dhabi Grand Prix,ocon,renault,10,9,2.0,Finished,55
2020,17,Abu Dhabi Grand Prix,stroll,racing_point,8,10,1.0,Finished,55
2020,17,Abu Dhabi Grand Prix,kvyat,alphatauri,7,11,0.0,+1 Lap,54
2020,17,Abu Dhabi Grand Prix,raikkonen,alfa,15,12,0.0,+1 Lap,54
2020,17,Abu Dhabi Grand Prix,leclerc,ferrari,12,13,0.0,+1 Lap,54
2020,17,Abu Dhabi Grand Prix,vettel,ferrari,13,14,0.0,+1 Lap,54
2020,17,Abu Dhabi Grand Prix,russell,williams,16,15,0.0,+1 Lap,54
2020,17,Abu Dhabi Grand Prix,giovinazzi,alfa,14,16,0.0,+1 Lap,54
2020,17,Abu Dhabi Grand Prix,latifi,williams,18,17,0.0,+1 Lap,54
2020,17,Abu Dhabi Grand Prix,kevin_magnussen,haas,20,18,0.0,+1 Lap,54
2020,17,Abu Dhabi Grand Prix,pietro_fittipaldi,haas,17,19,0.0,+2 Laps,53
2020,17,Abu Dhabi Grand Prix,perez,racing_point,19,20,0.0,Transmission,8
2021,1,Bahrain Grand Prix,hamilton,mercedes,2,1,25.0,Finished,56
2021,1,Bahrain Grand Prix,max_verstappen,red_bull,1,2,18.0,Finished,56
2021,1,Bahrain Grand Prix,bottas,mercedes,3,3,16.0,Finished,56
2021,1,Bahrain Grand Prix,norris,mclaren,7,4,12.0,Finished,56
2021,1,Bahrain Grand Prix,perez,red_bull,0,5,10.0,Finished,56
2021,1,Bahrain Grand Prix,leclerc,ferrari,4,6,8.0,Finished,56
2021,1,Bahrain Grand Prix,ricciardo,mclaren,6,7,6.0,Finished,56
2021,1,Bahrain Grand Prix,sainz,ferrari,8,8,4.0,Finished,56
2021,1,Bahrain Grand Prix,tsunoda,alphatauri,13,9,2.0,Finished,56
2021,1,Bahrain Grand Prix,stroll,aston_martin,10,10,1.0,Finished,56
2021,1,Bahrain Grand Prix,raikkonen,alfa,14,11,0.0,Finished,56
2021,1,Bahrain Grand Prix,giovinazzi,alfa,12,12,0.0,+1 Lap,55
2021,1,Bahrain Grand Prix,ocon,alpine,16,13,0.0,+1 Lap,55
2021,1,Bahrain Grand Prix,russell,williams,15,14,0.0,+1 Lap,55
2021,1,Bahrain Grand Prix,vettel,aston_martin,20,15,0.0,+1 Lap,55
2021,1,Bahrain Grand Prix,mick_schumacher,haas,18,16,0.0,+1 Lap,55
2021,1,Bahrain Grand Prix,gasly,alphatauri,5,17,0.0,Retired,52
2021,1,Bahrain Grand Prix,latifi,williams,17,18,0.0,Retired,51
2021,1,Bahrain Grand Prix,alonso,alpine,9,19,0.0,Brakes,32
2021,1,Bahrain Grand Prix,mazepin,haas,19,20,0.0,Accident,0
2021,2,Emilia Romagna Grand Prix,max_verstappen,red_bull,3,1,25.0,Finished,63
2021,2,Emilia Romagna Grand Prix,hamilton,mercedes,1,2,19.0,Finished,63
2021,2,Emilia Romagna Grand Prix,norris,mclaren,7,3,15.0,Finished,63
2021,2,Emilia Romagna Grand Prix,leclerc,ferrari,4,4,12.0,Finished,63
2021,2,Emilia Romagna Grand Prix,sainz,ferrari,11,5,10.0,Finished,63
2021,2,Emilia Romagna Grand Prix,ricciardo,mclaren,6,6,8.0,Finished,63
2021,2,Emilia Romagna Grand Prix,gasly,alphatauri,5,7,6.0,Finished,63
2021,2,Emilia Romagna Grand Prix,stroll,aston_martin,10,8,4.0,Finished,63
2021,2,Emilia Romagna Grand Prix,ocon,alpine,9,9,2.0,Finished,63
2021,2,Emilia Romagna Grand Prix,alonso,alpine,15,10,1.0,Finished,63
2021,2,Emilia Romagna Grand Prix,perez,red_bull,2,11,0.0,Finished,63
2021,2,Emilia Romagna Grand Prix,tsunoda,alphatauri,20,12,0.0,Finished,63
2021,2,Emilia Romagna Grand Prix,raikkonen,alfa,16,13,0.0,Finished,63
2021,2,Emilia Romagna Grand Prix,giovinazzi,alfa,17,14,0.0,+1 Lap,62
2021,2,Emilia Romagna Grand Prix,vettel,aston_martin,0,15,0.0,Gearbox,61
2021,2,Emilia Romagna Grand Prix,mick_schumacher,haas,18,16,0.0,+2 Laps,61
2021,2,Emilia Romagna Grand Prix,mazepin,haas,19,17,0.0,+2 Laps,61
2021,2,Emilia Romagna Grand Prix,bottas,mercedes,8,18,0.0,Collision,30
2021,2,Emilia Romagna Grand Prix,russell,williams,12,19,0.0,Collision,30
2021,2,Emilia Romagna Grand Prix,latifi,williams,14,20,0.0,Collision,0
2021,3,Portuguese Grand Prix,hamilton,mercedes,2,1,25.0,Finished,66
2021,3,Portuguese Grand Prix,max_verstappen,red_bull,3,2,18.0,Finished,66
2021,3,Portuguese Grand Prix,bottas,mercedes,1,3,16.0,Finished,66
2021,3,Portuguese Grand Prix,perez,red_bull,4,4,12.0,Finished,66
2021,3,Portuguese Grand Prix,norris,mclaren,7,5,10.0,Finished,66
2021,3,Portuguese Grand Prix,leclerc,ferrari,8,6,8.0,Finished,66
2021,3,Portuguese Grand Prix,ocon,alpine,6,7,6.0,Finished,66
2021,3,Portuguese Grand Prix,alonso,alpine,13,8,4.0,Finished,66
2021,3,Portuguese Grand Prix,ricciardo,mclaren,16,9,2.0,Finished,66
2021,3,Portuguese Grand Prix,gasly,alphatauri,9,10,1.0,Finished,66
2021,3,Portuguese Grand Prix,sainz,ferrari,5,11,0.0,Finished,66
2021,3,Portuguese Grand Prix,giovinazzi,alfa,12,12,0.0,+1 Lap,65
2021,3,Portuguese Grand Prix,vettel,aston_martin,10,13,0.0,+1 Lap,65
2021,3,Portuguese Grand Prix,stroll,aston_martin,17,14,0.0,+1 Lap,65
2021,3,Portuguese Grand Prix,tsunoda,alphatauri,14,15,0.0,+1 Lap,65
2021,3,Portuguese Grand Prix,russell,williams,11,16,0.0,+1 Lap,65
2021,3,Portuguese Grand Prix,mick_schumacher,haas,19,17,0.0,+2 Laps,64
2021,3,Portuguese Grand Prix,latifi,williams,18,18,0.0,+2 Laps,64
2021,3,Portuguese Grand Prix,mazepin,haas,20,19,0.0,+2 Laps,64
2021,3,Portuguese Grand Prix,raikkonen,alfa,15,20,0.0,Collision damage,1
2021,4,Spanish Grand Prix,hamilton,mercedes,1,1,25.0,Finished,66
2021,4,Spanish Grand Prix,max_verstappen,red_bull,2,2,19.0,Finished,66
2021,4,Spanish Grand Prix,bottas,mercedes,3,3,15.0,Finished,66
2021,4,Spanish Grand Prix,leclerc,ferrari,4,4,12.0,Finished,66
2021,4,Spanish Grand Prix,perez,red_bull,8,5,10.0,Finished,66
2021,4,Spanish Grand Prix,ricciardo,mclaren,7,6,8.0,Finished,66
2021,4,Spanish Grand Prix,sainz,ferrari,6,7,6.0,Finished,66
2021,4,Spanish Grand Prix,norris,mclaren,9,8,4.0,+1 Lap,65
2021,4,Spanish Grand Prix,ocon,alpine,5,9,2.0,+1 Lap,65
2021,4,Spanish Grand Prix,gasly,alphatauri,12,10,1.0,+1 Lap,65
2021,4,Spanish Grand Prix,stroll,aston_martin,11,11,0.0,+1 Lap,65
2021,4,Spanish Grand Prix,raikkonen,alfa,17,12,0.0,+1 Lap,65
2021,4,Spanish Grand Prix,vettel,aston_martin,13,13,0.0,+1 Lap,65
2021,4,Spanish Grand Prix,russell,williams,15,14,0.0,+1 Lap,65
2021,4,Spanish Grand Prix,giovinazzi,alfa,14,15,0.0,+1 Lap,65
2021,4,Spanish Grand Prix,latifi,williams,19,16,0.0,+1 Lap,65
2021,4,Spanish Grand Prix,alonso,alpine,10,17,0.0,+1 Lap,65
2021,4,Spanish Grand Prix,mick_schumacher,haas,18,18,0.0,+2 Laps,64
2021,4,Spanish Grand Prix,mazepin,haas,20,19,0.0,+2 Laps,64
2021,4,Spanish Grand Prix,tsunoda,alphatauri,16,20,0.0,Electrical,6
2021,5,Monaco Grand Prix,max_verstappen,red_bull,2,1,25.0,Finished,78
2021,5,Monaco Grand Prix,sainz,ferrari,4,2,18.0,Finished,78
2021,5,Monaco Grand Prix,norris,mclaren,5,3,15.0,Finished,78
2021,5,Monaco Grand Prix,perez,red_bull,9,4,12.0,Finished,78
2021,5,Monaco Grand Prix,vettel,aston_martin,8,5,10.0,Finished,78
2021,5,Monaco Grand Prix,gasly,alphatauri,6,6,8.0,Finished,78
2021,5,Monaco Grand Prix,hamilton,mercedes,7,7,7.0,Finished,78
2021,5,Monaco Grand Prix,stroll,aston_martin,13,8,4.0,+1 Lap,77
2021,5,Monaco Grand Prix,ocon,alpine,11,9,2.0,+1 Lap,77
2021,5,Monaco Grand Prix,giovinazzi,alfa,10,10,1.0,+1 Lap,77
2021,5,Monaco Grand Prix,raikkonen,alfa,14,11,0.0,+1 Lap,77
2021,5,Monaco Grand Prix,ricciardo,mclaren,12,12,0.0,+1 Lap,77
2021,5,Monaco Grand Prix,alonso,alpine,17,13,0.0,+1 Lap,77
2021,5,Monaco Grand Prix,russell,williams,15,14,0.0,+1 Lap,77
2021,5,Monaco Grand Prix,latifi,williams,18,15,0.0,+1 Lap,77
2021,5,Monaco Grand Prix,tsunoda,alphatauri,16,16,0.0,+1 Lap,77
2021,5,Monaco Grand Prix,mazepin,haas,19,17,0.0,+3 Laps,75
2021,5,Monaco Grand Prix,mick_schumacher,haas,20,18,0.0,+3 Laps,75
2021,5,Monaco Grand Prix,bottas,mercedes,3,19,0.0,Wheel nut,29
2021,5,Monaco Grand Prix,leclerc,ferrari,1,20,0.0,Driveshaft,0
2021,6,Azerbaijan Grand Prix,perez,red_bull,6,1,25.0,Finished,51
2021,6,Azerbaijan Grand Prix,vettel,aston_martin,11,2,18.0,Finished,51
2021,6,Azerbaijan Grand Prix,gasly,alphatauri,4,3,15.0,Finished,51
2021,6,Azerbaijan Grand Prix,leclerc,ferrari,1,4,12.0,Finished,51
2021,6,Azerbaijan Grand Prix,norris,mclaren,9,5,10.0,Finished,51
2021,6,Azerbaijan Grand Prix,alonso,alpine,8,6,8.0,Finished,51
2021,6,Azerbaijan Grand Prix,tsunoda,alphatauri,7,7,6.0,Finished,51
2021,6,Azerbaijan Grand Prix,sainz,ferrari,5,8,4.0,Finished,51
2021,6,Azerbaijan Grand Prix,ricciardo,mclaren,13,9,2.0,Finished,51
2021,6,Azerbaijan Grand Prix,raikkonen,alfa,14,10,1.0,Finished,51
2021,6,Azerbaijan Grand Prix,giovinazzi,alfa,20,11,0.0,Finished,51
2021,6,Azerbaijan Grand Prix,bottas,mercedes,10,12,0.0,Finished,51
2021,6,Azerbaijan Grand Prix,mick_schumacher,haas,17,13,0.0,Finished,51
2021,6,Azerbaijan Grand Prix,mazepin,haas,18,14,0.0,Finished,51
2021,6,Azerbaijan Grand Prix,hamilton,mercedes,2,15,0.0,Finished,51
2021,6,Azerbaijan Grand Prix,latifi,williams,16,16,0.0,Finished,51
2021,6,Azerbaijan Grand Prix,russell,williams,15,17,0.0,Gearbox,48
2021,6,Azerbaijan Grand Prix,max_verstappen,red_bull,3,18,0.0,Accident,45
2021,6,Azerbaijan Grand Prix,stroll,aston_martin,19,19,0.0,Accident,29
2021,6,Azerbaijan Grand Prix,ocon,alpine,12,20,0.0,Turbo,3
2021,7,French Grand Prix,max_verstappen,red_bull,1,1,26.0,Finished,53
2021,7,French Grand Prix,hamilton,mercedes,2,2,18.0,Finished,53
2021,7,French Grand Prix,perez,red_bull,4,3,15.0,Finished,53
2021,7,French Grand Prix,bottas,mercedes,3,4,12.0,Finished,53
2021,7,French Grand Prix,norris,mclaren,8,5,10.0,Finished,53
2021,7,French Grand Prix,ricciardo,mclaren,10,6,8.0,Finished,53
2021,7,French Grand Prix,gasly,alphatauri,6,7,6.0,Finished,53
2021,7,French Grand Prix,alonso,alpine,9,8,4.0,Finished,53
2021,7,French Grand Prix,vettel,aston_martin,12,9,2.0,Finished,53
2021,7,French Grand Prix,stroll,aston_martin,19,10,1.0,Finished,53
2021,7,French Grand Prix,sainz,ferrari,5,11,0.0,Finished,53
2021,7,French Grand Prix,russell,williams,14,12,0.0,+1 Lap,52
2021,7,French Grand Prix,tsunoda,alphatauri,0,13,0.0,+1 Lap,52
2021,7,French Grand Prix,ocon,alpine,11,14,0.0,+1 Lap,52
2021,7,French Grand Prix,giovinazzi,alfa,13,15,0.0,+1 Lap,52
2021,7,French Grand Prix,leclerc,ferrari,7,16,0.0,+1 Lap,52
2021,7,French Grand Prix,raikkonen,alfa,17,17,0.0,+1 Lap,52
2021,7,French Grand Prix,latifi,williams,16,18,0.0,+1 Lap,52
2021,7,French Grand Prix,mick_schumacher,haas,15,19,0.0,+1 Lap,52
2021,7,French Grand Prix,mazepin,haas,18,20,0.0,+1 Lap,52
2021,8,Styrian Grand Prix,max_verstappen,red_bull,1,1,25.0,Finished,71
2021,8,Styrian Grand Prix,hamilton,mercedes,2,2,19.0,Finished,71
2021,8,Styrian Grand Prix,bottas,mercedes,5,3,15.0,Finished,71
2021,8,Styrian Grand Prix,perez,red_bull,4,4,12.0,Finished,71
2021,8,Styrian Grand Prix,norris,mclaren,3,5,10.0,+1 Lap,70
2021,8,Styrian Grand Prix,sainz,ferrari,12,6,8.0,+1 Lap,70
2021,8,Styrian Grand Prix,leclerc,ferrari,7,7,6.0,+1 Lap,70
2021,8,Styrian Grand Prix,stroll,aston_martin,9,8,4.0,+1 Lap,70
2021,8,Styrian Grand Prix,alonso,alpine,8,9,2.0,+1 Lap,70
2021,8,Styrian Grand Prix,tsunoda,alphatauri,11,10,1.0,+1 Lap,70
2021,8,Styrian Grand Prix,raikkonen,alfa,18,11,0.0,+1 Lap,70
2021,8,Styrian Grand Prix,vettel,aston_martin,14,12,0.0,+1 Lap,70
2021,8,Styrian Grand Prix,ricciardo,mclaren,13,13,0.0,+1 Lap,70
2021,8,Styrian Grand Prix,ocon,alpine,17,14,0.0,+1 Lap,70
2021,8,Styrian Grand Prix,giovinazzi,alfa,15,15,0.0,+1 Lap,70
2021,8,Styrian Grand Prix,mick_schumacher,haas,19,16,0.0,+2 Laps,69
2021,8,Styrian Grand Prix,latifi,williams,16,17,0.0,+3 Laps,68
2021,8,Styrian Grand Prix,mazepin,haas,20,18,0.0,+3 Laps,68
2021,8,Styrian Grand Prix,russell,williams,10,19,0.0,Engine,36
2021,8,Styrian Grand Prix,gasly,alphatauri,6,20,0.0,Collision,1
2021,9,Austrian Grand Prix,max_verstappen,red_bull,1,1,26.0,Finished,71
2021,9,Austrian Grand Prix,bottas,mercedes,5,2,18.0,Finished,71
2021,9,Austrian Grand Prix,norris,mclaren,2,3,15.0,Finished,71
2021,9,Austrian Grand Prix,hamilton,mercedes,4,4,12.0,Finished,71
2021,9,Austrian Grand Prix,sainz,ferrari,10,5,10.0,Finished,71
2021,9,Austrian Grand Prix,perez,red_bull,3,6,8.0,Finished,71
2021,9,Austrian Grand Prix,ricciardo,mclaren,13,7,6.0,Finished,71
2021,9,Austrian Grand Prix,leclerc,ferrari,12,8,4.0,Finished,71
2021,9,Austrian Grand Prix,gasly,alphatauri,6,9,2.0,Finished,71
2021,9,Austrian Grand Prix,alonso,alpine,14,10,1.0,+1 Lap,70
2021,9,Austrian Grand Prix,russell,williams,8,11,0.0,+1 Lap,70
2021,9,Austrian Grand Prix,tsunoda,alphatauri,7,12,0.0,+1 Lap,70
2021,9,Austrian Grand Prix,stroll,aston_martin,9,13,0.0,+1 Lap,70
2021,9,Austrian Grand Prix,giovinazzi,alfa,15,14,0.0,+1 Lap,70
2021,9,Austrian Grand Prix,raikkonen,alfa,16,15,0.0,+1 Lap,70
2021,9,Austrian Grand Prix,latifi,williams,18,16,0.0,+1 Lap,70
2021,9,Austrian Grand Prix,vettel,aston_martin,11,17,0.0,Collision,69
2021,9,Austrian Grand Prix,mick_schumacher,haas,19,18,0.0,+2 Laps,69
2021,9,Austrian Grand Prix,mazepin,haas,20,19,0.0,+2 Laps,69
2021,9,Austrian Grand Prix,ocon,alpine,17,20,0.0,Collision,0
2021,10,British Grand Prix,hamilton,mercedes,2,1,25.0,Finished,52
2021,10,British Grand Prix,leclerc,ferrari,4,2,18.0,Finished,52
2021,10,British Grand Prix,bottas,mercedes,3,3,15.0,Finished,52
2021,10,British Grand Prix,norris,mclaren,5,4,12.0,Finished,52
2021,10,British Grand Prix,ricciardo,mclaren,6,5,10.0,Finished,52
2021,10,British Grand Prix,sainz,ferrari,10,6,8.0,Finished,52
2021,10,British Grand Prix,alonso,alpine,7,7,6.0,Finished,52
2021,10,British Grand Prix,stroll,aston_martin,14,8,4.0,Finished,52
2021,10,British Grand Prix,ocon,alpine,9,9,2.0,Finished,52
2021,10,British Grand Prix,tsunoda,alphatauri,16,10,1.0,Finished,52
2021,10,British Grand Prix,gasly,alphatauri,11,11,0.0,Finished,52
2021,10,British Grand Prix,russell,williams,12,12,0.0,+1 Lap,51
2021,10,British Grand Prix,giovinazzi,alfa,15,13,0.0,+1 Lap,51
2021,10,British Grand Prix,latifi,williams,17,14,0.0,+1 Lap,51
2021,10,British Grand Prix,raikkonen,alfa,13,15,0.0,+1 Lap,51
2021,10,British Grand Prix,perez,red_bull,0,16,0.0,+1 Lap,51
2021,10,British Grand Prix,mazepin,haas,19,17,0.0,+1 Lap,51
2021,10,British Grand Prix,mick_schumacher,haas,18,18,0.0,+1 Lap,51
2021,10,British Grand Prix,vettel,aston_martin,8,19,0.0,Retired,40
2021,10,British Grand Prix,max_verstappen,red_bull,1,20,0.0,Collision,0
2021,11,Hungarian Grand Prix,ocon,alpine,8,1,25.0,Finished,70
2021,11,Hungarian Grand Prix,hamilton,mercedes,1,2,18.0,Finished,70
2021,11,Hungarian Grand Prix,sainz,ferrari,15,3,15.0,Finished,70
2021,11,Hungarian Grand Prix,alonso,alpine,9,4,12.0,Finished,70
2021,11,Hungarian Grand Prix,gasly,alphatauri,5,5,11.0,Finished,70
2021,11,Hungarian Grand Prix,tsunoda,alphatauri,16,6,8.0,Finished,70
2021,11,Hungarian Grand Prix,latifi,williams,18,7,6.0,Finished,70
2021,11,Hungarian Grand Prix,russell,williams,17,8,4.0,Finished,70
2021,11,Hungarian Grand Prix,max_verstappen,red_bull,3,9,2.0,Finished,70
2021,11,Hungarian Grand Prix,raikkonen,alfa,13,10,1.0,+1 Lap,69
2021,11,Hungarian Grand Prix,ricciardo,mclaren,11,11,0.0,+1 Lap,69
2021,11,Hungarian Grand Prix,mick_schumacher,haas,20,12,0.0,+1 Lap,69
2021,11,Hungarian Grand Prix,giovinazzi,alfa,0,13,0.0,+1 Lap,69
2021,11,Hungarian Grand Prix,mazepin,haas,19,14,0.0,Collision,3
2021,11,Hungarian Grand Prix,norris,mclaren,6,15,0.0,Collision,2
2021,11,Hungarian Grand Prix,bottas,mercedes,2,16,0.0,Collision,0
2021,11,Hungarian Grand Prix,perez,red_bull,4,17,0.0,Collision,0
2021,11,Hungarian Grand Prix,leclerc,ferrari,7,18,0.0,Collision,0
2021,11,Hungarian Grand Prix,stroll,aston_martin,12,19,0.0,Collision,0
2021,11,Hungarian Grand Prix,vettel,aston_martin,10,20,0.0,Disqualified,70
2021,12,Belgian Grand Prix,max_verstappen,red_bull,1,1,12.5,Finished,1
2021,12,Belgian Grand Prix,russell,williams,2,2,9.0,Finished,1
2021,12,Belgian Grand Prix,hamilton,mercedes,3,3,7.5,Finished,1
2021,12,Belgian Grand Prix,ricciardo,mclaren,4,4,6.0,Finished,1
2021,12,Belgian Grand Prix,vettel,aston_martin,5,5,5.0,Finished,1
2021,12,Belgian Grand Prix,gasly,alphatauri,6,6,4.0,Finished,1
2021,12,Belgian Grand Prix,ocon,alpine,8,7,3.0,Finished,1
2021,12,Belgian Grand Prix,leclerc,ferrari,9,8,2.0,Finished,1
2021,12,Belgian Grand Prix,latifi,williams,10,9,1.0,Finished,1
2021,12,Belgian Grand Prix,sainz,ferrari,11,10,0.5,Finished,1
2021,12,Belgian Grand Prix,alonso,alpine,12,11,0.0,Finished,1
2021,12,Belgian Grand Prix,bottas,mercedes,13,12,0.0,Finished,1
2021,12,Belgian Grand Prix,giovinazzi,alfa,14,13,0.0,Finished,1
2021,12,Belgian Grand Prix,norris,mclaren,15,14,0.0,Finished,1
2021,12,Belgian Grand Prix,tsunoda,alphatauri,16,15,0.0,Finished,1
2021,12,Belgian Grand Prix,mick_schumacher,haas,17,16,0.0,Finished,1
2021,12,Belgian Grand Prix,mazepin,haas,18,17,0.0,Finished,1
2021,12,Belgian Grand Prix,raikkonen,alfa,0,18,0.0,Finished,1
2021,12,Belgian Grand Prix,perez,red_bull,0,19,0.0,Finished,1
2021,12,Belgian Grand Prix,stroll,aston_martin,19,20,0.0,Finished,1
2021,13,Dutch Grand Prix,max_verstappen,red_bull,1,1,25.0,Finished,72
2021,13,Dutch Grand Prix,hamilton,mercedes,2,2,19.0,Finished,72
2021,13,Dutch Grand Prix,bottas,mercedes,3,3,15.0,Finished,72
2021,13,Dutch Grand Prix,gasly,alphatauri,4,4,12.0,+1 Lap,71
2021,13,Dutch Grand Prix,leclerc,ferrari,5,5,10.0,+1 Lap,71
2021,13,Dutch Grand Prix,alonso,alpine,9,6,8.0,+1 Lap,71
2021,13,Dutch Grand Prix,sainz,ferrari,6,7,6.0,+1 Lap,71
2021,13,Dutch Grand Prix,perez,red_bull,0,8,4.0,+1 Lap,71
2021,13,Dutch Grand Prix,ocon,alpine,8,9,2.0,+1 Lap,71
2021,13,Dutch Grand Prix,norris,mclaren,13,10,1.0,+1 Lap,71
2021,13,Dutch Grand Prix,ricciardo,mclaren,10,11,0.0,+1 Lap,71
2021,13,Dutch Grand Prix,stroll,aston_martin,12,12,0.0,+2 Laps,70
2021,13,Dutch Grand Prix,vettel,aston_martin,15,13,0.0,+2 Laps,70
2021,13,Dutch Grand Prix,giovinazzi,alfa,7,14,0.0,+2 Laps,70
2021,13,Dutch Grand Prix,kubica,alfa,16,15,0.0,+2 Laps,70
2021,13,Dutch Grand Prix,latifi,williams,0,16,0.0,+2 Laps,70
2021,13,Dutch Grand Prix,russell,williams,11,17,0.0,Gearbox,69
2021,13,Dutch Grand Prix,mick_schumacher,haas,17,18,0.0,+3 Laps,69
2021,13,Dutch Grand Prix,tsunoda,alphatauri,14,19,0.0,Power Unit,48
2021,13,Dutch Grand Prix,mazepin,haas,18,20,0.0,Hydraulics,41
2021,14,Italian Grand Prix,ricciardo,mclaren,2,1,26.0,Finished,53
2021,14,Italian Grand Prix,norris,mclaren,3,2,18.0,Finished,53
2021,14,Italian Grand Prix,bottas,mercedes,19,3,15.0,Finished,53
2021,14,Italian Grand Prix,leclerc,ferrari,5,4,12.0,Finished,53
2021,14,Italian Grand Prix,perez,red_bull,8,5,10.0,Finished,53
2021,14,Italian Grand Prix,sainz,ferrari,6,6,8.0,Finished,53
2021,14,Italian Grand Prix,stroll,aston_martin,9,7,6.0,Finished,53
2021,14,Italian Grand Prix,alonso,alpine,10,8,4.0,Finished,53
2021,14,Italian Grand Prix,russell,williams,14,9,2.0,Finished,53
2021,14,Italian Grand Prix,ocon,alpine,12,10,1.0,Finished,53
2021,14,Italian Grand Prix,latifi,williams,13,11,0.0,Finished,53
2021,14,Italian Grand Prix,vettel,aston_martin,11,12,0.0,Finished,53
2021,14,Italian Grand Prix,giovinazzi,alfa,7,13,0.0,Finished,53
2021,14,Italian Grand Prix,kubica,alfa,17,14,0.0,Finished,53
2021,14,Italian Grand Prix,mick_schumacher,haas,18,15,0.0,Finished,53
2021,14,Italian Grand Prix,mazepin,haas,16,16,0.0,Power Unit,41
2021,14,Italian Grand Prix,hamilton,mercedes,4,17,0.0,Collision,25
2021,14,Italian Grand Prix,max_verstappen,red_bull,1,18,0.0,Collision,25
2021,14,Italian Grand Prix,gasly,alphatauri,0,19,0.0,Suspension,3
2021,14,Italian Grand Prix,tsunoda,alphatauri,0,20,0.0,Brakes,0
2021,15,Russian Grand Prix,hamilton,mercedes,4,1,25.0,Finished,53
2021,15,Russian Grand Prix,max_verstappen,red_bull,20,2,18.0,Finished,53
2021,15,Russian Grand Prix,sainz,ferrari,2,3,15.0,Finished,53
2021,15,Russian Grand Prix,ricciardo,mclaren,5,4,12.0,Finished,53
2021,15,Russian Grand Prix,bottas,mercedes,16,5,10.0,Finished,53
2021,15,Russian Grand Prix,alonso,alpine,6,6,8.0,Finished,53
2021,15,Russian Grand Prix,norris,mclaren,1,7,7.0,Finished,53
2021,15,Russian Grand Prix,raikkonen,alfa,13,8,4.0,Finished,53
2021,15,Russian Grand Prix,perez,red_bull,8,9,2.0,Finished,53
2021,15,Russian Grand Prix,russell,williams,3,10,1.0,Finished,53
2021,15,Russian Grand Prix,stroll,aston_martin,7,11,0.0,Finished,53
2021,15,Russian Grand Prix,vettel,aston_martin,10,12,0.0,+1 Lap,52
2021,15,Russian Grand Prix,gasly,alphatauri,11,13,0.0,+1 Lap,52
2021,15,Russian Grand Prix,ocon,alpine,9,14,0.0,+1 Lap,52
2021,15,Russian Grand Prix,leclerc,ferrari,19,15,0.0,+1 Lap,52
2021,15,Russian Grand Prix,giovinazzi,alfa,17,16,0.0,+1 Lap,52
2021,15,Russian Grand Prix,tsunoda,alphatauri,12,17,0.0,+1 Lap,52
2021,15,Russian Grand Prix,mazepin,haas,15,18,0.0,+2 Laps,51
2021,15,Russian Grand Prix,latifi,williams,18,19,0.0,Accident,47
2021,15,Russian Grand Prix,mick_schumacher,haas,14,20,0.0,Oil leak,32
2021,16,Turkish Grand Prix,bottas,mercedes,1,1,26.0,Finished,58
2021,16,Turkish Grand Prix,max_verstappen,red_bull,2,2,18.0,Finished,58
2021,16,Turkish Grand Prix,perez,red_bull,6,3,15.0,Finished,58
2021,16,Turkish Grand Prix,leclerc,ferrari,3,4,12.0,Finished,58
2021,16,Turkish Grand Prix,hamilton,mercedes,11,5,10.0,Finished,58
2021,16,Turkish Grand Prix,gasly,alphatauri,4,6,8.0,Finished,58
2021,16,Turkish Grand Prix,norris,mclaren,7,7,6.0,Finished,58
2021,16,Turkish Grand Prix,sainz,ferrari,19,8,4.0,Finished,58
2021,16,Turkish Grand Prix,stroll,aston_martin,8,9,2.0,Finished,58
2021,16,Turkish Grand Prix,ocon,alpine,12,10,1.0,+1 Lap,57
2021,16,Turkish Grand Prix,giovinazzi,alfa,16,11,0.0,+1 Lap,57
2021,16,Turkish Grand Prix,raikkonen,alfa,17,12,0.0,+1 Lap,57
2021,16,Turkish Grand Prix,ricciardo,mclaren,20,13,0.0,+1 Lap,57
2021,16,Turkish Grand Prix,tsunoda,alphatauri,9,14,0.0,+1 Lap,57
2021,16,Turkish Grand Prix,russell,williams,13,15,0.0,+1 Lap,57
2021,16,Turkish Grand Prix,alonso,alpine,5,16,0.0,+1 Lap,57
2021,16,Turkish Grand Prix,latifi,williams,15,17,0.0,+1 Lap,57
2021,16,Turkish Grand Prix,vettel,aston_martin,10,18,0.0,+1 Lap,57
2021,16,Turkish Grand Prix,mick_schumacher,haas,14,19,0.0,+2 Laps,56
2021,16,Turkish Grand Prix,mazepin,haas,18,20,0.0,+2 Laps,56
2021,17,United States Grand Prix,max_verstappen,red_bull,1,1,25.0,Finished,56
2021,17,United States Grand Prix,hamilton,mercedes,2,2,19.0,Finished,56
2021,17,United States Grand Prix,perez,red_bull,3,3,15.0,Finished,56
2021,17,United States Grand Prix,leclerc,ferrari,4,4,12.0,Finished,56
2021,17,United States Grand Prix,ricciardo,mclaren,6,5,10.0,Finished,56
2021,17,United States Grand Prix,bottas,mercedes,9,6,8.0,Finished,56
2021,17,United States Grand Prix,sainz,ferrari,5,7,6.0,Finished,56
2021,17,United States Grand Prix,norris,mclaren,7,8,4.0,Finished,56
2021,17,United States Grand Prix,tsunoda,alphatauri,10,9,2.0,+1 Lap,55
2021,17,United States Grand Prix,vettel,aston_martin,18,10,1.0,+1 Lap,55
2021,17,United States Grand Prix,giovinazzi,alfa,12,11,0.0,+1 Lap,55
2021,17,United States Grand Prix,stroll,aston_martin,13,12,0.0,+1 Lap,55
2021,17,United States Grand Prix,raikkonen,alfa,15,13,0.0,+1 Lap,55
2021,17,United States Grand Prix,russell,williams,20,14,0.0,+1 Lap,55
2021,17,United States Grand Prix,latifi,williams,14,15,0.0,+1 Lap,55
2021,17,United States Grand Prix,mick_schumacher,haas,16,16,0.0,+2 Laps,54
2021,17,United States Grand Prix,mazepin,haas,17,17,0.0,+2 Laps,54
2021,17,United States Grand Prix,alonso,alpine,19,18,0.0,Rear wing,49
2021,17,United States Grand Prix,ocon,alpine,11,19,0.0,Mechanical,40
2021,17,United States Grand Prix,gasly,alphatauri,8,20,0.0,Suspension,14
2021,18,Mexico City Grand Prix,max_verstappen,red_bull,3,1,25.0,Finished,71
2021,18,Mexico City Grand Prix,hamilton,mercedes,2,2,18.0,Finished,71
2021,18,Mexico City Grand Prix,perez,red_bull,4,3,15.0,Finished,71
2021,18,Mexico City Grand Prix,gasly,alphatauri,5,4,12.0,Finished,71
2021,18,Mexico City Grand Prix,leclerc,ferrari,8,5,10.0,Finished,71
2021,18,Mexico City Grand Prix,sainz,ferrari,6,6,8.0,+1 Lap,70
2021,18,Mexico City Grand Prix,vettel,aston_martin,9,7,6.0,+1 Lap,70
2021,18,Mexico City Grand Prix,raikkonen,alfa,10,8,4.0,+1 Lap,70
2021,18,Mexico City Grand Prix,alonso,alpine,12,9,2.0,+1 Lap,70
2021,18,Mexico City Grand Prix,norris,mclaren,18,10,1.0,+1 Lap,70
2021,18,Mexico City Grand Prix,giovinazzi,alfa,11,11,0.0,+1 Lap,70
2021,18,Mexico City Grand Prix,ricciardo,mclaren,7,12,0.0,+1 Lap,70
2021,18,Mexico City Grand Prix,ocon,alpine,19,13,0.0,+1 Lap,70
2021,18,Mexico City Grand Prix,stroll,aston_martin,20,14,0.0,+2 Laps,69
2021,18,Mexico City Grand Prix,bottas,mercedes,1,15,0.0,+2 Laps,69
2021,18,Mexico City Grand Prix,russell,williams,16,16,0.0,+2 Laps,69
2021,18,Mexico City Grand Prix,latifi,williams,13,17,0.0,+2 Laps,69
2021,18,Mexico City Grand Prix,mazepin,haas,15,18,0.0,+3 Laps,68
2021,18,Mexico City Grand Prix,mick_schumacher,haas,14,19,0.0,Collision,0
2021,18,Mexico City Grand Prix,tsunoda,alphatauri,17,20,0.0,Collision,0
2021,19,São Paulo Grand Prix,hamilton,mercedes,10,1,25.0,Finished,71
2021,19,São Paulo Grand Prix,max_verstappen,red_bull,2,2,18.0,Finished,71
2021,19,São Paulo Grand Prix,bottas,mercedes,1,3,15.0,Finished,71
2021,19,São Paulo Grand Prix,perez,red_bull,4,4,13.0,Finished,71
2021,19,São Paulo Grand Prix,leclerc,ferrari,6,5,10.0,Finished,71
2021,19,São Paulo Grand Prix,sainz,ferrari,3,6,8.0,Finished,71
2021,19,São Paulo Grand Prix,gasly,alphatauri,7,7,6.0,+1 Lap,70
2021,19,São Paulo Grand Prix,ocon,alpine,8,8,4.0,+1 Lap,70
2021,19,São Paulo Grand Prix,alonso,alpine,12,9,2.0,+1 Lap,70
2021,19,São Paulo Grand Prix,norris,mclaren,5,10,1.0,+1 Lap,70
2021,19,São Paulo Grand Prix,vettel,aston_martin,9,11,0.0,+1 Lap,70
2021,19,São Paulo Grand Prix,raikkonen,alfa,0,12,0.0,+1 Lap,70
2021,19,São Paulo Grand Prix,russell,williams,17,13,0.0,+1 Lap,70
2021,19,São Paulo Grand Prix,giovinazzi,alfa,13,14,0.0,+1 Lap,70
2021,19,São Paulo Grand Prix,tsunoda,alphatauri,15,15,0.0,+1 Lap,70
2021,19,São Paulo Grand Prix,latifi,williams,16,16,0.0,+1 Lap,70
2021,19,São Paulo Grand Prix,mazepin,haas,19,17,0.0,+2 Laps,69
2021,19,São Paulo Grand Prix,mick_schumacher,haas,18,18,0.0,+2 Laps,69
2021,19,São Paulo Grand Prix,ricciardo,mclaren,11,19,0.0,Power loss,49
2021,19,São Paulo Grand Prix,stroll,aston_martin,14,20,0.0,Collision damage,47
2021,20,Qatar Grand Prix,hamilton,mercedes,1,1,25.0,Finished,57
2021,20,Qatar Grand Prix,max_verstappen,red_bull,7,2,19.0,Finished,57
2021,20,Qatar Grand Prix,alonso,alpine,3,3,15.0,Finished,57
2021,20,Qatar Grand Prix,perez,red_bull,11,4,12.0,Finished,57
2021,20,Qatar Grand Prix,ocon,alpine,9,5,10.0,Finished,57
2021,20,Qatar Grand Prix,stroll,aston_martin,12,6,8.0,Finished,57
2021,20,Qatar Grand Prix,sainz,ferrari,5,7,6.0,Finished,57
2021,20,Qatar Grand Prix,leclerc,ferrari,13,8,4.0,Finished,57
2021,20,Qatar Grand Prix,norris,mclaren,4,9,2.0,+1 Lap,56
2021,20,Qatar Grand Prix,vettel,aston_martin,10,10,1.0,+1 Lap,56
2021,20,Qatar Grand Prix,gasly,alphatauri,2,11,0.0,+1 Lap,56
2021,20,Qatar Grand Prix,ricciardo,mclaren,14,12,0.0,+1 Lap,56
2021,20,Qatar Grand Prix,tsunoda,alphatauri,8,13,0.0,+1 Lap,56
2021,20,Qatar Grand Prix,raikkonen,alfa,16,14,0.0,+1 Lap,56
2021,20,Qatar Grand Prix,giovinazzi,alfa,18,15,0.0,+1 Lap,56
2021,20,Qatar Grand Prix,mick_schumacher,haas,19,16,0.0,+1 Lap,56
2021,20,Qatar Grand Prix,russell,williams,15,17,0.0,+2 Laps,55
2021,20,Qatar Grand Prix,mazepin,haas,20,18,0.0,+2 Laps,55
2021,20,Qatar Grand Prix,latifi,williams,17,19,0.0,Puncture,50
2021,20,Qatar Grand Prix,bottas,mercedes,6,20,0.0,Damage,48
2021,21,Saudi Arabian Grand Prix,hamilton,mercedes,1,1,26.0,Finished,50
2021,21,Saudi Arabian Grand Prix,max_verstappen,red_bull,3,2,18.0,Finished,50
2021,21,Saudi Arabian Grand Prix,bottas,mercedes,2,3,15.0,Finished,50
2021,21,Saudi Arabian Grand Prix,ocon,alpine,9,4,12.0,Finished,50
2021,21,Saudi Arabian Grand Prix,ricciardo,mclaren,11,5,10.0,Finished,50
2021,21,Saudi Arabian Grand Prix,gasly,alphatauri,6,6,8.0,Finished,50
2021,21,Saudi Arabian Grand Prix,leclerc,ferrari,4,7,6.0,Finished,50
2021,21,Saudi Arabian Grand Prix,sainz,ferrari,15,8,4.0,Finished,50
2021,21,Saudi Arabian Grand Prix,giovinazzi,alfa,10,9,2.0,Finished,50
2021,21,Saudi Arabian Grand Prix,norris,mclaren,7,10,1.0,Finished,50
2021,21,Saudi Arabian Grand Prix,stroll,aston_martin,18,11,0.0,Finished,50
2021,21,Saudi Arabian Grand Prix,latifi,williams,16,12,0.0,Finished,50
2021,21,Saudi Arabian Grand Prix,alonso,alpine,13,13,0.0,+1 Lap,49
2021,21,Saudi Arabian Grand Prix,tsunoda,alphatauri,8,14,0.0,+1 Lap,49
2021,21,Saudi Arabian Grand Prix,raikkonen,alfa,12,15,0.0,+1 Lap,49
2021,21,Saudi Arabian Grand Prix,vettel,aston_martin,17,16,0.0,Collision damage,44
2021,21,Saudi Arabian Grand Prix,perez,red_bull,5,17,0.0,Collision,14
2021,21,Saudi Arabian Grand Prix,mazepin,haas,20,18,0.0,Collision,14
2021,21,Saudi Arabian Grand Prix,russell,williams,14,19,0.0,Collision,14
2021,21,Saudi Arabian Grand Prix,mick_schumacher,haas,19,20,0.0,Accident,8
2021,22,Abu Dhabi Grand Prix,max_verstappen,red_bull,1,1,26.0,Finished,58
2021,22,Abu Dhabi Grand Prix,hamilton,mercedes,2,2,18.0,Finished,58
2021,22,Abu Dhabi Grand Prix,sainz,ferrari,5,3,15.0,Finished,58
2021,22,Abu Dhabi Grand Prix,tsunoda,alphatauri,8,4,12.0,Finished,58
2021,22,Abu Dhabi Grand Prix,gasly,alphatauri,12,5,10.0,Finished,58
2021,22,Abu Dhabi Grand Prix,bottas,mercedes,6,6,8.0,Finished,58
2021,22,Abu Dhabi Grand Prix,norris,mclaren,3,7,6.0,Finished,58
2021,22,Abu Dhabi Grand Prix,alonso,alpine,11,8,4.0,Finished,58
2021,22,Abu Dhabi Grand Prix,ocon,alpine,9,9,2.0,Finished,58
2021,22,Abu Dhabi Grand Prix,leclerc,ferrari,7,10,1.0,Finished,58
2021,22,Abu Dhabi Grand Prix,vettel,aston_martin,15,11,0.0,Finished,58
2021,22,Abu Dhabi Grand Prix,ricciardo,mclaren,10,12,0.0,+1 Lap,57
2021,22,Abu Dhabi Grand Prix,stroll,aston_martin,13,13,0.0,+1 Lap,57
2021,22,Abu Dhabi Grand Prix,mick_schumacher,haas,19,14,0.0,+1 Lap,57
2021,22,Abu Dhabi Grand Prix,perez,red_bull,4,15,0.0,Engine,55
2021,22,Abu Dhabi Grand Prix,latifi,williams,16,16,0.0,Accident,50
2021,22,Abu Dhabi Grand Prix,giovinazzi,alfa,14,17,0.0,Gearbox,33
2021,22,Abu Dhabi Grand Prix,russell,williams,17,18,0.0,Gearbox,26
2021,22,Abu Dhabi Grand Prix,raikkonen,alfa,18,19,0.0,Brakes,25
2021,22,Abu Dhabi Grand Prix,mazepin,haas,20,20,0.0,Illness,0
2022,1,Bahrain Grand Prix,leclerc,ferrari,1,1,26.0,Finished,57
2022,1,Bahrain Grand Prix,sainz,ferrari,3,2,18.0,Finished,57
2022,1,Bahrain Grand Prix,hamilton,mercedes,5,3,15.0,Finished,57
2022,1,Bahrain Grand Prix,russell,mercedes,9,4,12.0,Finished,57
2022,1,Bahrain Grand Prix,kevin_magnussen,haas,7,5,10.0,Finished,57
2022,1,Bahrain Grand Prix,bottas,alfa,6,6,8.0,Finished,57
2022,1,Bahrain Grand Prix,ocon,alpine,11,7,6.0,Finished,57
2022,1,Bahrain Grand Prix,tsunoda,alphatauri,16,8,4.0,Finished,57
2022,1,Bahrain Grand Prix,alonso,alpine,8,9,2.0,Finished,57
2022,1,Bahrain Grand Prix,zhou,alfa,15,10,1.0,Finished,57
2022,1,Bahrain Grand Prix,mick_schumacher,haas,12,11,0.0,Finished,57
2022,1,Bahrain Grand Prix,stroll,aston_martin,19,12,0.0,Finished,57
2022,1,Bahrain Grand Prix,albon,williams,14,13,0.0,Finished,57
2022,1,Bahrain Grand Prix,ricciardo,mclaren,18,14,0.0,Finished,57
2022,1,Bahrain Grand Prix,norris,mclaren,13,15,0.0,Finished,57
2022,1,Bahrain Grand Prix,latifi,williams,20,16,0.0,Finished,57
2022,1,Bahrain Grand Prix,hulkenberg,aston_martin,17,17,0.0,Finished,57
2022,1,Bahrain Grand Prix,perez,red_bull,4,18,0.0,Fuel pressure,56
2022,1,Bahrain Grand Prix,max_verstappen,red_bull,2,19,0.0,Fuel pressure,54
2022,1,Bahrain Grand Prix,gasly,alphatauri,10,20,0.0,Power Unit,44
2022,2,Saudi Arabian Grand Prix,max_verstappen,red_bull,4,1,25.0,Finished,50
2022,2,Saudi Arabian Grand Prix,leclerc,ferrari,2,2,19.0,Finished,50
2022,2,Saudi Arabian Grand Prix,sainz,ferrari,3,3,15.0,Finished,50
2022,2,Saudi Arabian Grand Prix,perez,red_bull,1,4,12.0,Finished,50
2022,2,Saudi Arabian Grand Prix,russell,mercedes,6,5,10.0,Finished,50
2022,2,Saudi Arabian Grand Prix,ocon,alpine,5,6,8.0,Finished,50
2022,2,Saudi Arabian Grand Prix,norris,mclaren,11,7,6.0,Finished,50
2022,2,Saudi Arabian Grand Prix,gasly,alphatauri,9,8,4.0,Finished,50
2022,2,Saudi Arabian Grand Prix,kevin_magnussen,haas,10,9,2.0,Finished,50
2022,2,Saudi Arabian Grand Prix,hamilton,mercedes,15,10,1.0,Finished,50
2022,2,Saudi Arabian Grand Prix,zhou,alfa,12,11,0.0,Finished,50
2022,2,Saudi Arabian Grand Prix,hulkenberg,aston_martin,17,12,0.0,Finished,50
2022,2,Saudi Arabian Grand Prix,stroll,aston_martin,13,13,0.0,+1 Lap,49
2022,2,Saudi Arabian Grand Prix,albon,williams,16,14,0.0,Collision damage,47
2022,2,Saudi Arabian Grand Prix,bottas,alfa,8,15,0.0,Cooling system,36
2022,2,Saudi Arabian Grand Prix,alonso,alpine,7,16,0.0,Water pump,35
2022,2,Saudi Arabian Grand Prix,ricciardo,mclaren,14,17,0.0,Gearbox,35
2022,2,Saudi Arabian Grand Prix,latifi,williams,18,18,0.0,Accident,14
2022,2,Saudi Arabian Grand Prix,tsunoda,alphatauri,19,19,0.0,Power Unit,0
2022,2,Saudi Arabian Grand Prix,mick_schumacher,haas,0,20,0.0,Withdrew,0
2022,3,Australian Grand Prix,leclerc,ferrari,1,1,26.0,Finished,58
2022,3,Australian Grand Prix,perez,red_bull,3,2,18.0,Finished,58
2022,3,Australian Grand Prix,russell,mercedes,6,3,15.0,Finished,58
2022,3,Australian Grand Prix,hamilton,mercedes,5,4,12.0,Finished,58
2022,3,Australian Grand Prix,norris,mclaren,4,5,10.0,Finished,58
2022,3,Australian Grand Prix,ricciardo,mclaren,7,6,8.0,Finished,58
2022,3,Australian Grand Prix,ocon,alpine,8,7,6.0,Finished,58
2022,3,Australian Grand Prix,bottas,alfa,12,8,4.0,Finished,58
2022,3,Australian Grand Prix,gasly,alphatauri,11,9,2.0,Finished,58
2022,3,Australian Grand Prix,albon,williams,20,10,1.0,Finished,58
2022,3,Australian Grand Prix,zhou,alfa,14,11,0.0,Finished,58
2022,3,Australian Grand Prix,stroll,aston_martin,19,12,0.0,Finished,58
2022,3,Australian Grand Prix,mick_schumacher,haas,15,13,0.0,+1 Lap,57
2022,3,Australian Grand Prix,kevin_magnussen,haas,16,14,0.0,+1 Lap,57
2022,3,Australian Grand Prix,tsunoda,alphatauri,13,15,0.0,+1 Lap,57
2022,3,Australian Grand Prix,latifi,williams,18,16,0.0,+1 Lap,57
2022,3,Australian Grand Prix,alonso,alpine,10,17,0.0,+1 Lap,57
2022,3,Australian Grand Prix,max_verstappen,red_bull,2,18,0.0,Fuel leak,38
2022,3,Australian Grand Prix,vettel,aston_martin,17,19,0.0,Accident,22
2022,3,Australian Grand Prix,sainz,ferrari,9,20,0.0,Spun off,1
2022,4,Emilia Romagna Grand Prix,max_verstappen,red_bull,1,1,26.0,Finished,63
2022,4,Emilia Romagna Grand Prix,perez,red_bull,3,2,18.0,Finished,63
2022,4,Emilia Romagna Grand Prix,norris,mclaren,5,3,15.0,Finished,63
2022,4,Emilia Romagna Grand Prix,russell,mercedes,11,4,12.0,Finished,63
2022,4,Emilia Romagna Grand Prix,bottas,alfa,7,5,10.0,Finished,63
2022,4,Emilia Romagna Grand Prix,leclerc,ferrari,2,6,8.0,Finished,63
2022,4,Emilia Romagna Grand Prix,tsunoda,alphatauri,12,7,6.0,Finished,63
2022,4,Emilia Romagna Grand Prix,vettel,aston_martin,13,8,4.0,Finished,63
2022,4,Emilia Romagna Grand Prix,kevin_magnussen,haas,8,9,2.0,Finished,63
2022,4,Emilia Romagna Grand Prix,stroll,aston_martin,15,10,1.0,+1 Lap,62
2022,4,Emilia Romagna Grand Prix,albon,williams,18,11,0.0,+1 Lap,62
2022,4,Emilia Romagna Grand Prix,gasly,alphatauri,17,12,0.0,+1 Lap,62
2022,4,Emilia Romagna Grand Prix,hamilton,mercedes,14,13,0.0,+1 Lap,62
2022,4,Emilia Romagna Grand Prix,ocon,alpine,16,14,0.0,+1 Lap,62
2022,4,Emilia Romagna Grand Prix,zhou,alfa,0,15,0.0,+1 Lap,62
2022,4,Emilia Romagna Grand Prix,latifi,williams,19,16,0.0,+1 Lap,62
2022,4,Emilia Romagna Grand Prix,mick_schumacher,haas,10,17,0.0,+1 Lap,62
2022,4,Emilia Romagna Grand Prix,ricciardo,mclaren,6,18,0.0,+1 Lap,62
2022,4,Emilia Romagna Grand Prix,alonso,alpine,9,19,0.0,Collision damage,6
2022,4,Emilia Romagna Grand Prix,sainz,ferrari,4,20,0.0,Collision,0
2022,5,Miami Grand Prix,max_verstappen,red_bull,3,1,26.0,Finished,57
2022,5,Miami Grand Prix,leclerc,ferrari,1,2,18.0,Finished,57
2022,5,Miami Grand Prix,sainz,ferrari,2,3,15.0,Finished,57
2022,5,Miami Grand Prix,perez,red_bull,4,4,12.0,Finished,57
2022,5,Miami Grand Prix,russell,mercedes,12,5,10.0,Finished,57
2022,5,Miami Grand Prix,hamilton,mercedes,6,6,8.0,Finished,57
2022,5,Miami Grand Prix,bottas,alfa,5,7,6.0,Finished,57
2022,5,Miami Grand Prix,ocon,alpine,20,8,4.0,Finished,57
2022,5,Miami Grand Prix,albon,williams,18,9,2.0,Finished,57
2022,5,Miami Grand Prix,stroll,aston_martin,0,10,1.0,Finished,57
2022,5,Miami Grand Prix,alonso,alpine,11,11,0.0,Finished,57
2022,5,Miami Grand Prix,tsunoda,alphatauri,9,12,0.0,Finished,57
2022,5,Miami Grand Prix,ricciardo,mclaren,14,13,0.0,Finished,57
2022,5,Miami Grand Prix,latifi,williams,19,14,0.0,Finished,57
2022,5,Miami Grand Prix,mick_schumacher,haas,15,15,0.0,Finished,57
2022,5,Miami Grand Prix,kevin_magnussen,haas,16,16,0.0,Front wing,56
2022,5,Miami Grand Prix,vettel,aston_martin,0,17,0.0,Collision,54
2022,5,Miami Grand Prix,gasly,alphatauri,7,18,0.0,Suspension,45
2022,5,Miami Grand Prix,norris,mclaren,8,19,0.0,Collision,39
2022,5,Miami Grand Prix,zhou,alfa,17,20,0.0,Water leak,6
2022,6,Spanish Grand Prix,max_verstappen,red_bull,2,1,25.0,Finished,66
2022,6,Spanish Grand Prix,perez,red_bull,5,2,19.0,Finished,66
2022,6,Spanish Grand Prix,russell,mercedes,4,3,15.0,Finished,66
2022,6,Spanish Grand Prix,sainz,ferrari,3,4,12.0,Finished,66
2022,6,Spanish Grand Prix,hamilton,mercedes,6,5,10.0,Finished,66
2022,6,Spanish Grand Prix,bottas,alfa,7,6,8.0,Finished,66
2022,6,Spanish Grand Prix,ocon,alpine,12,7,6.0,Finished,66
2022,6,Spanish Grand Prix,norris,mclaren,11,8,4.0,Finished,66
2022,6,Spanish Grand Prix,alonso,alpine,20,9,2.0,+1 Lap,65
2022,6,Spanish Grand Prix,tsunoda,alphatauri,13,10,1.0,+1 Lap,65
2022,6,Spanish Grand Prix,vettel,aston_martin,16,11,0.0,+1 Lap,65
2022,6,Spanish Grand Prix,ricciardo,mclaren,9,12,0.0,+1 Lap,65
2022,6,Spanish Grand Prix,gasly,alphatauri,14,13,0.0,+1 Lap,65
2022,6,Spanish Grand Prix,mick_schumacher,haas,10,14,0.0,+1 Lap,65
2022,6,Spanish Grand Prix,stroll,aston_martin,17,15,0.0,+1 Lap,65
2022,6,Spanish Grand Prix,latifi,williams,19,16,0.0,+2 Laps,64
2022,6,Spanish Grand Prix,kevin_magnussen,haas,8,17,0.0,+2 Laps,64
2022,6,Spanish Grand Prix,albon,williams,18,18,0.0,+2 Laps,64
2022,6,Spanish Grand Prix,zhou,alfa,15,19,0.0,Power loss,28
2022,6,Spanish Grand Prix,leclerc,ferrari,1,20,0.0,Turbo,27
2022,7,Monaco Grand Prix,perez,red_bull,3,1,25.0,Finished,64
2022,7,Monaco Grand Prix,sainz,ferrari,2,2,18.0,Finished,64
2022,7,Monaco Grand Prix,max_verstappen,red_bull,4,3,15.0,Finished,64
2022,7,Monaco Grand Prix,leclerc,ferrari,1,4,12.0,Finished,64
2022,7,Monaco Grand Prix,russell,mercedes,6,5,10.0,Finished,64
2022,7,Monaco Grand Prix,norris,mclaren,5,6,9.0,Finished,64
2022,7,Monaco Grand Prix,alonso,alpine,7,7,6.0,Finished,64
2022,7,Monaco Grand Prix,hamilton,mercedes,8,8,4.0,Finished,64
2022,7,Monaco Grand Prix,bottas,alfa,12,9,2.0,Finished,64
2022,7,Monaco Grand Prix,vettel,aston_martin,9,10,1.0,Finished,64
2022,7,Monaco Grand Prix,gasly,alphatauri,17,11,0.0,Finished,64
2022,7,Monaco Grand Prix,ocon,alpine,10,12,0.0,Finished,64
2022,7,Monaco Grand Prix,ricciardo,mclaren,14,13,0.0,Finished,64
2022,7,Monaco Grand Prix,stroll,aston_martin,18,14,0.0,Finished,64
2022,7,Monaco Grand Prix,latifi,williams,19,15,0.0,+1 Lap,63
2022,7,Monaco Grand Prix,zhou,alfa,20,16,0.0,+1 Lap,63
2022,7,Monaco Grand Prix,tsunoda,alphatauri,11,17,0.0,+1 Lap,63
2022,7,Monaco Grand Prix,albon,williams,16,18,0.0,Mechanical,48
2022,7,Monaco Grand Prix,mick_schumacher,haas,15,19,0.0,Accident,24
2022,7,Monaco Grand Prix,kevin_magnussen,haas,13,20,0.0,Water pressure,19
2022,8,Azerbaijan Grand Prix,max_verstappen,red_bull,3,1,25.0,Finished,51
2022,8,Azerbaijan Grand Prix,perez,red_bull,2,2,19.0,Finished,51
2022,8,Azerbaijan Grand Prix,russell,mercedes,5,3,15.0,Finished,51
2022,8,Azerbaijan Grand Prix,hamilton,mercedes,7,4,12.0,Finished,51
2022,8,Azerbaijan Grand Prix,gasly,alphatauri,6,5,10.0,Finished,51
2022,8,Azerbaijan Grand Prix,vettel,aston_martin,9,6,8.0,Finished,51
2022,8,Azerbaijan Grand Prix,alonso,alpine,10,7,6.0,Finished,51
2022,8,Azerbaijan Grand Prix,ricciardo,mclaren,12,8,4.0,Finished,51
2022,8,Azerbaijan Grand Prix,norris,mclaren,11,9,2.0,Finished,51
2022,8,Azerbaijan Grand Prix,ocon,alpine,13,10,1.0,Finished,51
2022,8,Azerbaijan Grand Prix,bottas,alfa,15,11,0.0,+1 Lap,50
2022,8,Azerbaijan Grand Prix,albon,williams,17,12,0.0,+1 Lap,50
2022,8,Azerbaijan Grand Prix,tsunoda,alphatauri,8,13,0.0,+1 Lap,50
2022,8,Azerbaijan Grand Prix,mick_schumacher,haas,20,14,0.0,+1 Lap,50
2022,8,Azerbaijan Grand Prix,latifi,williams,18,15,0.0,+1 Lap,50
2022,8,Azerbaijan Grand Prix,stroll,aston_martin,19,16,0.0,Vibrations,46
2022,8,Azerbaijan Grand Prix,kevin_magnussen,haas,16,17,0.0,Power Unit,31
2022,8,Azerbaijan Grand Prix,zhou,alfa,14,18,0.0,Hydraulics,23
2022,8,Azerbaijan Grand Prix,leclerc,ferrari,1,19,0.0,Power Unit,21
2022,8,Azerbaijan Grand Prix,sainz,ferrari,4,20,0.0,Hydraulics,8
2022,9,Canadian Grand Prix,max_verstappen,red_bull,1,1,25.0,Finished,70
2022,9,Canadian Grand Prix,sainz,ferrari,3,2,19.0,Finished,70
2022,9,Canadian Grand Prix,hamilton,mercedes,4,3,15.0,Finished,70
2022,9,Canadian Grand Prix,russell,mercedes,8,4,12.0,Finished,70
2022,9,Canadian Grand Prix,leclerc,ferrari,19,5,10.0,Finished,70
2022,9,Canadian Grand Prix,ocon,alpine,7,6,8.0,Finished,70
2022,9,Canadian Grand Prix,bottas,alfa,11,7,6.0,Finished,70
2022,9,Canadian Grand Prix,zhou,alfa,10,8,4.0,Finished,70
2022,9,Canadian Grand Prix,alonso,alpine,2,9,2.0,Finished,70
2022,9,Canadian Grand Prix,stroll,aston_martin,17,10,1.0,Finished,70
2022,9,Canadian Grand Prix,ricciardo,mclaren,9,11,0.0,Finished,70
2022,9,Canadian Grand Prix,vettel,aston_martin,16,12,0.0,Finished,70
2022,9,Canadian Grand Prix,albon,williams,12,13,0.0,Finished,70
2022,9,Canadian Grand Prix,gasly,alphatauri,15,14,0.0,Finished,70
2022,9,Canadian Grand Prix,norris,mclaren,14,15,0.0,Finished,70
2022,9,Canadian Grand Prix,latifi,williams,18,16,0.0,Finished,70
2022,9,Canadian Grand Prix,kevin_magnussen,haas,5,17,0.0,Finished,70
2022,9,Canadian Grand Prix,tsunoda,alphatauri,20,18,0.0,Accident,47
2022,9,Canadian Grand Prix,mick_schumacher,haas,6,19,0.0,Engine,18
2022,9,Canadian Grand Prix,perez,red_bull,13,20,0.0,Gearbox,7
2022,10,British Grand Prix,sainz,ferrari,1,1,25.0,Finished,52
2022,10,British Grand Prix,perez,red_bull,4,2,18.0,Finished,52
2022,10,British Grand Prix,hamilton,mercedes,5,3,16.0,Finished,52
2022,10,British Grand Prix,leclerc,ferrari,3,4,12.0,Finished,52
2022,10,British Grand Prix,alonso,alpine,7,5,10.0,Finished,52
2022,10,British Grand Prix,norris,mclaren,6,6,8.0,Finished,52
2022,10,British Grand Prix,max_verstappen,red_bull,2,7,6.0,Finished,52
2022,10,British Grand Prix,mick_schumacher,haas,19,8,4.0,Finished,52
2022,10,British Grand Prix,vettel,aston_martin,18,9,2.0,Finished,52
2022,10,British Grand Prix,kevin_magnussen,haas,17,10,1.0,Finished,52
2022,10,British Grand Prix,stroll,aston_martin,20,11,0.0,Finished,52
2022,10,British Grand Prix,latifi,williams,10,12,0.0,Finished,52
2022,10,British Grand Prix,ricciardo,mclaren,14,13,0.0,Finished,52
2022,10,British Grand Prix,tsunoda,alphatauri,13,14,0.0,Finished,52
2022,10,British Grand Prix,ocon,alpine,15,15,0.0,Fuel pump,37
2022,10,British Grand Prix,gasly,alphatauri,11,16,0.0,Collision damage,26
2022,10,British Grand Prix,bottas,alfa,12,17,0.0,Gearbox,20
2022,10,British Grand Prix,russell,mercedes,8,18,0.0,Collision,0
2022,10,British Grand Prix,zhou,alfa,9,19,0.0,Collision,0
2022,10,British Grand Prix,albon,williams,16,20,0.0,Collision,0
2022,11,Austrian Grand Prix,leclerc,ferrari,2,1,25.0,Finished,71
2022,11,Austrian Grand Prix,max_verstappen,red_bull,1,2,19.0,Finished,71
2022,11,Austrian Grand Prix,hamilton,mercedes,8,3,15.0,Finished,71
2022,11,Austrian Grand Prix,russell,mercedes,4,4,12.0,Finished,71
2022,11,Austrian Grand Prix,ocon,alpine,6,5,10.0,Finished,71
2022,11,Austrian Grand Prix,mick_schumacher,haas,9,6,8.0,+1 Lap,70
2022,11,Austrian Grand Prix,norris,mclaren,10,7,6.0,+1 Lap,70
2022,11,Austrian Grand Prix,kevin_magnussen,haas,7,8,4.0,+1 Lap,70
2022,11,Austrian Grand Prix,ricciardo,mclaren,11,9,2.0,+1 Lap,70
2022,11,Austrian Grand Prix,alonso,alpine,19,10,1.0,+1 Lap,70
2022,11,Austrian Grand Prix,bottas,alfa,0,11,0.0,+1 Lap,70
2022,11,Austrian Grand Prix,albon,williams,15,12,0.0,+1 Lap,70
2022,11,Austrian Grand Prix,stroll,aston_martin,12,13,0.0,+1 Lap,70
2022,11,Austrian Grand Prix,zhou,alfa,13,14,0.0,+1 Lap,70
2022,11,Austrian Grand Prix,gasly,alphatauri,14,15,0.0,+1 Lap,70
2022,11,Austrian Grand Prix,tsunoda,alphatauri,16,16,0.0,+1 Lap,70
2022,11,Austrian Grand Prix,vettel,aston_martin,18,17,0.0,+1 Lap,70
2022,11,Austrian Grand Prix,sainz,ferrari,3,18,0.0,Power Unit,56
2022,11,Austrian Grand Prix,latifi,williams,17,19,0.0,Undertray,48
2022,11,Austrian Grand Prix,perez,red_bull,5,20,0.0,Collision damage,24
2022,12,French Grand Prix,max_verstappen,red_bull,2,1,25.0,Finished,53
2022,12,French Grand Prix,hamilton,mercedes,4,2,18.0,Finished,53
2022,12,French Grand Prix,russell,mercedes,6,3,15.0,Finished,53
2022,12,French Grand Prix,perez,red_bull,3,4,12.0,Finished,53
2022,12,French Grand Prix,sainz,ferrari,19,5,11.0,Finished,53
2022,12,French Grand Prix,alonso,alpine,7,6,8.0,Finished,53
2022,12,French Grand Prix,norris,mclaren,5,7,6.0,Finished,53
2022,12,French Grand Prix,ocon,alpine,10,8,4.0,Finished,53
2022,12,French Grand Prix,ricciardo,mclaren,9,9,2.0,Finished,53
2022,12,French Grand Prix,stroll,aston_martin,15,10,1.0,Finished,53
2022,12,French Grand Prix,vettel,aston_martin,12,11,0.0,Finished,53
2022,12,French Grand Prix,gasly,alphatauri,14,12,0.0,Finished,53
2022,12,French Grand Prix,albon,williams,13,13,0.0,Finished,53
2022,12,French Grand Prix,bottas,alfa,11,14,0.0,Finished,53
2022,12,French Grand Prix,mick_schumacher,haas,17,15,0.0,Finished,53
2022,12,French Grand Prix,zhou,alfa,16,16,0.0,+6 Laps,47
2022,12,French Grand Prix,latifi,williams,18,17,0.0,Collision damage,40
2022,12,French Grand Prix,kevin_magnussen,haas,20,18,0.0,Collision damage,37
2022,12,French Grand Prix,leclerc,ferrari,1,19,0.0,Accident,17
2022,12,French Grand Prix,tsunoda,alphatauri,8,20,0.0,Undertray,17
2022,13,Hungarian Grand Prix,max_verstappen,red_bull,10,1,25.0,Finished,70
2022,13,Hungarian Grand Prix,hamilton,mercedes,7,2,19.0,Finished,70
2022,13,Hungarian Grand Prix,russell,mercedes,1,3,15.0,Finished,70
2022,13,Hungarian Grand Prix,sainz,ferrari,2,4,12.0,Finished,70
2022,13,Hungarian Grand Prix,perez,red_bull,11,5,10.0,Finished,70
2022,13,Hungarian Grand Prix,leclerc,ferrari,3,6,8.0,Finished,70
2022,13,Hungarian Grand Prix,norris,mclaren,4,7,6.0,Finished,70
2022,13,Hungarian Grand Prix,alonso,alpine,6,8,4.0,+1 Lap,69
2022,13,Hungarian Grand Prix,ocon,alpine,5,9,2.0,+1 Lap,69
2022,13,Hungarian Grand Prix,vettel,aston_martin,18,10,1.0,+1 Lap,69
2022,13,Hungarian Grand Prix,stroll,aston_martin,14,11,0.0,+1 Lap,69
2022,13,Hungarian Grand Prix,gasly,alphatauri,0,12,0.0,+1 Lap,69
2022,13,Hungarian Grand Prix,zhou,alfa,12,13,0.0,+1 Lap,69
2022,13,Hungarian Grand Prix,mick_schumacher,haas,15,14,0.0,+1 Lap,69
2022,13,Hungarian Grand Prix,ricciardo,mclaren,9,15,0.0,+1 Lap,69
2022,13,Hungarian Grand Prix,kevin_magnussen,haas,13,16,0.0,+1 Lap,69
2022,13,Hungarian Grand Prix,albon,williams,17,17,0.0,+1 Lap,69
2022,13,Hungarian Grand Prix,latifi,williams,19,18,0.0,+1 Lap,69
2022,13,Hungarian Grand Prix,tsunoda,alphatauri,16,19,0.0,+2 Laps,68
2022,13,Hungarian Grand Prix,bottas,alfa,8,20,0.0,Power Unit,65
2022,14,Belgian Grand Prix,max_verstappen,red_bull,14,1,26.0,Finished,44
2022,14,Belgian Grand Prix,perez,red_bull,2,2,18.0,Finished,44
2022,14,Belgian Grand Prix,sainz,ferrari,1,3,15.0,Finished,44
2022,14,Belgian Grand Prix,russell,mercedes,5,4,12.0,Finished,44
2022,14,Belgian Grand Prix,alonso,alpine,3,5,10.0,Finished,44
2022,14,Belgian Grand Prix,leclerc,ferrari,15,6,8.0,Finished,44
2022,14,Belgian Grand Prix,ocon,alpine,16,7,6.0,Finished,44
2022,14,Belgian Grand Prix,vettel,aston_martin,10,8,4.0,Finished,44
2022,14,Belgian Grand Prix,gasly,alphatauri,0,9,2.0,Finished,44
2022,14,Belgian Grand Prix,albon,williams,6,10,1.0,Finished,44
2022,14,Belgian Grand Prix,stroll,aston_martin,9,11,0.0,Finished,44
2022,14,Belgian Grand Prix,norris,mclaren,17,12,0.0,Finished,44
2022,14,Belgian Grand Prix,tsunoda,alphatauri,0,13,0.0,Finished,44
2022,14,Belgian Grand Prix,zhou,alfa,18,14,0.0,Finished,44
2022,14,Belgian Grand Prix,ricciardo,mclaren,7,15,0.0,Finished,44
2022,14,Belgian Grand Prix,kevin_magnussen,haas,12,16,0.0,+1 Lap,43
2022,14,Belgian Grand Prix,mick_schumacher,haas,19,17,0.0,+1 Lap,43
2022,14,Belgian Grand Prix,latifi,williams,11,18,0.0,+1 Lap,43
2022,14,Belgian Grand Prix,bottas,alfa,13,19,0.0,Accident,1
2022,14,Belgian Grand Prix,hamilton,mercedes,4,20,0.0,Collision damage,0
2022,15,Dutch Grand Prix,max_verstappen,red_bull,1,1,26.0,Finished,72
2022,15,Dutch Grand Prix,russell,mercedes,6,2,18.0,Finished,72
2022,15,Dutch Grand Prix,leclerc,ferrari,2,3,15.0,Finished,72
2022,15,Dutch Grand Prix,hamilton,mercedes,4,4,12.0,Finished,72
2022,15,Dutch Grand Prix,perez,red_bull,5,5,10.0,Finished,72
2022,15,Dutch Grand Prix,alonso,alpine,13,6,8.0,Finished,72
2022,15,Dutch Grand Prix,norris,mclaren,7,7,6.0,Finished,72
2022,15,Dutch Grand Prix,sainz,ferrari,3,8,4.0,Finished,72
2022,15,Dutch Grand Prix,ocon,alpine,12,9,2.0,Finished,72
2022,15,Dutch Grand Prix,stroll,aston_martin,10,10,1.0,Finished,72
2022,15,Dutch Grand Prix,gasly,alphatauri,11,11,0.0,Finished,72
2022,15,Dutch Grand Prix,albon,williams,15,12,0.0,Finished,72
2022,15,Dutch Grand Prix,mick_schumacher,haas,8,13,0.0,Finished,72
2022,15,Dutch Grand Prix,vettel,aston_martin,19,14,0.0,Finished,72
2022,15,Dutch Grand Prix,kevin_magnussen,haas,18,15,0.0,Finished,72
2022,15,Dutch Grand Prix,zhou,alfa,14,16,0.0,Finished,72
2022,15,Dutch Grand Prix,ricciardo,mclaren,17,17,0.0,Finished,72
2022,15,Dutch Grand Prix,latifi,williams,20,18,0.0,+1 Lap,71
2022,15,Dutch Grand Prix,bottas,alfa,16,19,0.0,Engine,53
2022,15,Dutch Grand Prix,tsunoda,alphatauri,9,20,0.0,Differential,43
2022,16,Italian Grand Prix,max_verstappen,red_bull,7,1,25.0,Finished,53
2022,16,Italian Grand Prix,leclerc,ferrari,1,2,18.0,Finished,53
2022,16,Italian Grand Prix,russell,mercedes,2,3,15.0,Finished,53
2022,16,Italian Grand Prix,sainz,ferrari,18,4,12.0,Finished,53
2022,16,Italian Grand Prix,hamilton,mercedes,19,5,10.0,Finished,53
2022,16,Italian Grand Prix,perez,red_bull,13,6,9.0,Finished,53
2022,16,Italian Grand Prix,norris,mclaren,3,7,6.0,Finished,53
2022,16,Italian Grand Prix,gasly,alphatauri,5,8,4.0,Finished,53
2022,16,Italian Grand Prix,de_vries,williams,8,9,2.0,Finished,53
2022,16,Italian Grand Prix,zhou,alfa,9,10,1.0,Finished,53
2022,16,Italian Grand Prix,ocon,alpine,14,11,0.0,Finished,53
2022,16,Italian Grand Prix,mick_schumacher,haas,17,12,0.0,Finished,53
2022,16,Italian Grand Prix,bottas,alfa,15,13,0.0,+1 Lap,52
2022,16,Italian Grand Prix,tsunoda,alphatauri,20,14,0.0,+1 Lap,52
2022,16,Italian Grand Prix,latifi,williams,10,15,0.0,+1 Lap,52
2022,16,Italian Grand Prix,kevin_magnussen,haas,16,16,0.0,+1 Lap,52
2022,16,Italian Grand Prix,ricciardo,mclaren,4,17,0.0,Oil leak,45
2022,16,Italian Grand Prix,stroll,aston_martin,12,18,0.0,Engine,39
2022,16,Italian Grand Prix,alonso,alpine,6,19,0.0,Water pressure,31
2022,16,Italian Grand Prix,vettel,aston_martin,11,20,0.0,Engine,10
2022,17,Singapore Grand Prix,perez,red_bull,2,1,25.0,Finished,59
2022,17,Singapore Grand Prix,leclerc,ferrari,1,2,18.0,Finished,59
2022,17,Singapore Grand Prix,sainz,ferrari,4,3,15.0,Finished,59
2022,17,Singapore Grand Prix,norris,mclaren,6,4,12.0,Finished,59
2022,17,Singapore Grand Prix,ricciardo,mclaren,16,5,10.0,Finished,59
2022,17,Singapore Grand Prix,stroll,aston_martin,11,6,8.0,Finished,59
2022,17,Singapore Grand Prix,max_verstappen,red_bull,8,7,6.0,Finished,59
2022,17,Singapore Grand Prix,vettel,aston_martin,13,8,4.0,Finished,59
2022,17,Singapore Grand Prix,hamilton,mercedes,3,9,2.0,Finished,59
2022,17,Singapore Grand Prix,gasly,alphatauri,7,10,1.0,Finished,59
2022,17,Singapore Grand Prix,bottas,alfa,15,11,0.0,Finished,59
2022,17,Singapore Grand Prix,kevin_magnussen,haas,9,12,0.0,Finished,59
2022,17,Singapore Grand Prix,mick_schumacher,haas,12,13,0.0,+1 Lap,58
2022,17,Singapore Grand Prix,russell,mercedes,0,14,0.0,+2 Laps,57
2022,17,Singapore Grand Prix,tsunoda,alphatauri,10,15,0.0,Accident,34
2022,17,Singapore Grand Prix,ocon,alpine,17,16,0.0,Engine,26
2022,17,Singapore Grand Prix,albon,williams,18,17,0.0,Collision damage,25
2022,17,Singapore Grand Prix,alonso,alpine,5,18,0.0,Engine,20
2022,17,Singapore Grand Prix,latifi,williams,19,19,0.0,Collision damage,7
2022,17,Singapore Grand Prix,zhou,alfa,14,20,0.0,Collision,6
2022,18,Japanese Grand Prix,max_verstappen,red_bull,1,1,25.0,Finished,28
2022,18,Japanese Grand Prix,perez,red_bull,4,2,18.0,Finished,28
2022,18,Japanese Grand Prix,leclerc,ferrari,2,3,15.0,Finished,28
2022,18,Japanese Grand Prix,ocon,alpine,5,4,12.0,Finished,28
2022,18,Japanese Grand Prix,hamilton,mercedes,6,5,10.0,Finished,28
2022,18,Japanese Grand Prix,vettel,aston_martin,9,6,8.0,Finished,28
2022,18,Japanese Grand Prix,alonso,alpine,7,7,6.0,Finished,28
2022,18,Japanese Grand Prix,russell,mercedes,8,8,4.0,Finished,28
2022,18,Japanese Grand Prix,latifi,williams,20,9,2.0,Finished,28
2022,18,Japanese Grand Prix,norris,mclaren,10,10,1.0,Finished,28
2022,18,Japanese Grand Prix,ricciardo,mclaren,11,11,0.0,Finished,28
2022,18,Japanese Grand Prix,stroll,aston_martin,19,12,0.0,Finished,28
2022,18,Japanese Grand Prix,tsunoda,alphatauri,13,13,0.0,Finished,28
2022,18,Japanese Grand Prix,kevin_magnussen,haas,18,14,0.0,Finished,28
2022,18,Japanese Grand Prix,bottas,alfa,12,15,0.0,Finished,28
2022,18,Japanese Grand Prix,zhou,alfa,14,16,0.0,Finished,28
2022,18,Japanese Grand Prix,mick_schumacher,haas,15,17,0.0,Finished,28
2022,18,Japanese Grand Prix,gasly,alphatauri,17,18,0.0,Finished,28
2022,18,Japanese Grand Prix,sainz,ferrari,3,19,0.0,Accident,0
2022,18,Japanese Grand Prix,albon,williams,16,20,0.0,Hydraulics,0
2022,19,United States Grand Prix,max_verstappen,red_bull,2,1,25.0,Finished,56
2022,19,United States Grand Prix,hamilton,mercedes,3,2,18.0,Finished,56
2022,19,United States Grand Prix,leclerc,ferrari,12,3,15.0,Finished,56
2022,19,United States Grand Prix,perez,red_bull,9,4,12.0,Finished,56
2022,19,United States Grand Prix,russell,mercedes,4,5,11.0,Finished,56
2022,19,United States Grand Prix,norris,mclaren,6,6,8.0,Finished,56
2022,19,United States Grand Prix,alonso,alpine,14,7,6.0,Finished,56
2022,19,United States Grand Prix,vettel,aston_martin,10,8,4.0,Finished,56
2022,19,United States Grand Prix,kevin_magnussen,haas,13,9,2.0,Finished,56
2022,19,United States Grand Prix,tsunoda,alphatauri,19,10,1.0,Finished,56
2022,19,United States Grand Prix,ocon,alpine,0,11,0.0,Finished,56
2022,19,United States Grand Prix,zhou,alfa,18,12,0.0,Finished,56
2022,19,United States Grand Prix,albon,williams,8,13,0.0,Finished,56
2022,19,United States Grand Prix,gasly,alphatauri,11,14,0.0,Finished,56
2022,19,United States Grand Prix,mick_schumacher,haas,16,15,0.0,Finished,56
2022,19,United States Grand Prix,ricciardo,mclaren,15,16,0.0,Finished,56
2022,19,United States Grand Prix,latifi,williams,17,17,0.0,Finished,56
2022,19,United States Grand Prix,stroll,aston_martin,5,18,0.0,Collision,21
2022,19,United States Grand Prix,bottas,alfa,7,19,0.0,Spun off,16
2022,19,United States Grand Prix,sainz,ferrari,1,20,0.0,Collision damage,1
2022,20,Mexico City Grand Prix,max_verstappen,red_bull,1,1,25.0,Finished,71
2022,20,Mexico City Grand Prix,hamilton,mercedes,3,2,18.0,Finished,71
2022,20,Mexico City Grand Prix,perez,red_bull,4,3,15.0,Finished,71
2022,20,Mexico City Grand Prix,russell,mercedes,2,4,13.0,Finished,71
2022,20,Mexico City Grand Prix,sainz,ferrari,5,5,10.0,Finished,71
2022,20,Mexico City Grand Prix,leclerc,ferrari,7,6,8.0,Finished,71
2022,20,Mexico City Grand Prix,ricciardo,mclaren,11,7,6.0,+1 Lap,70
2022,20,Mexico City Grand Prix,ocon,alpine,10,8,4.0,+1 Lap,70
2022,20,Mexico City Grand Prix,norris,mclaren,8,9,2.0,+1 Lap,70
2022,20,Mexico City Grand Prix,bottas,alfa,6,10,1.0,+1 Lap,70
2022,20,Mexico City Grand Prix,gasly,alphatauri,14,11,0.0,+1 Lap,70
2022,20,Mexico City Grand Prix,albon,williams,17,12,0.0,+1 Lap,70
2022,20,Mexico City Grand Prix,zhou,alfa,12,13,0.0,+1 Lap,70
2022,20,Mexico City Grand Prix,vettel,aston_martin,16,14,0.0,+1 Lap,70
2022,20,Mexico City Grand Prix,stroll,aston_martin,20,15,0.0,+1 Lap,70
2022,20,Mexico City Grand Prix,mick_schumacher,haas,15,16,0.0,+1 Lap,70
2022,20,Mexico City Grand Prix,kevin_magnussen,haas,19,17,0.0,+1 Lap,70
2022,20,Mexico City Grand Prix,latifi,williams,18,18,0.0,+2 Laps,69
2022,20,Mexico City Grand Prix,alonso,alpine,9,19,0.0,Engine,63
2022,20,Mexico City Grand Prix,tsunoda,alphatauri,13,20,0.0,Collision damage,50
2022,21,São Paulo Grand Prix,russell,mercedes,1,1,26.0,Finished,71
2022,21,São Paulo Grand Prix,hamilton,mercedes,2,2,18.0,Finished,71
2022,21,São Paulo Grand Prix,sainz,ferrari,7,3,15.0,Finished,71
2022,21,São Paulo Grand Prix,leclerc,ferrari,5,4,12.0,Finished,71
2022,21,São Paulo Grand Prix,alonso,alpine,17,5,10.0,Finished,71
2022,21,São Paulo Grand Prix,max_verstappen,red_bull,3,6,8.0,Finished,71
2022,21,São Paulo Grand Prix,perez,red_bull,4,7,6.0,Finished,71
2022,21,São Paulo Grand Prix,ocon,alpine,16,8,4.0,Finished,71
2022,21,São Paulo Grand Prix,bottas,alfa,14,9,2.0,Finished,71
2022,21,São Paulo Grand Prix,stroll,aston_martin,15,10,1.0,Finished,71
2022,21,São Paulo Grand Prix,vettel,aston_martin,9,11,0.0,Finished,71
2022,21,São Paulo Grand Prix,zhou,alfa,13,12,0.0,Finished,71
2022,21,São Paulo Grand Prix,mick_schumacher,haas,12,13,0.0,Finished,71
2022,21,São Paulo Grand Prix,gasly,alphatauri,10,14,0.0,Finished,71
2022,21,São Paulo Grand Prix,albon,williams,19,15,0.0,Finished,71
2022,21,São Paulo Grand Prix,latifi,williams,18,16,0.0,Finished,71
2022,21,São Paulo Grand Prix,tsunoda,alphatauri,0,17,0.0,+1 Lap,70
2022,21,São Paulo Grand Prix,norris,mclaren,6,18,0.0,Gearbox,50
2022,21,São Paulo Grand Prix,kevin_magnussen,haas,8,19,0.0,Collision,0
2022,21,São Paulo Grand Prix,ricciardo,mclaren,11,20,0.0,Collision,0
2022,22,Abu Dhabi Grand Prix,max_verstappen,red_bull,1,1,25.0,Finished,58
2022,22,Abu Dhabi Grand Prix,leclerc,ferrari,3,2,18.0,Finished,58
2022,22,Abu Dhabi Grand Prix,perez,red_bull,2,3,15.0,Finished,58
2022,22,Abu Dhabi Grand Prix,sainz,ferrari,4,4,12.0,Finished,58
2022,22,Abu Dhabi Grand Prix,russell,mercedes,6,5,10.0,Finished,58
2022,22,Abu Dhabi Grand Prix,norris,mclaren,7,6,9.0,Finished,58
2022,22,Abu Dhabi Grand Prix,ocon,alpine,8,7,6.0,Finished,58
2022,22,Abu Dhabi Grand Prix,stroll,aston_martin,14,8,4.0,Finished,58
2022,22,Abu Dhabi Grand Prix,ricciardo,mclaren,13,9,2.0,Finished,58
2022,22,Abu Dhabi Grand Prix,vettel,aston_martin,9,10,1.0,Finished,58
2022,22,Abu Dhabi Grand Prix,tsunoda,alphatauri,11,11,0.0,Finished,58
2022,22,Abu Dhabi Grand Prix,zhou,alfa,15,12,0.0,+1 Lap,57
2022,22,Abu Dhabi Grand Prix,albon,williams,19,13,0.0,+1 Lap,57
2022,22,Abu Dhabi Grand Prix,gasly,alphatauri,17,14,0.0,+1 Lap,57
2022,22,Abu Dhabi Grand Prix,bottas,alfa,18,15,0.0,+1 Lap,57
2022,22,Abu Dhabi Grand Prix,mick_schumacher,haas,12,16,0.0,+1 Lap,57
2022,22,Abu Dhabi Grand Prix,kevin_magnussen,haas,16,17,0.0,+1 Lap,57
2022,22,Abu Dhabi Grand Prix,hamilton,mercedes,5,18,0.0,Hydraulics,55
2022,22,Abu Dhabi Grand Prix,latifi,williams,20,19,0.0,Collision damage,55
2022,22,Abu Dhabi Grand Prix,alonso,alpine,10,20,0.0,Water leak,27
2023,1,Bahrain Grand Prix,max_verstappen,red_bull,1,1,25.0,Finished,57
2023,1,Bahrain Grand Prix,perez,red_bull,2,2,18.0,Finished,57
2023,1,Bahrain Grand Prix,alonso,aston_martin,5,3,15.0,Finished,57
2023,1,Bahrain Grand Prix,sainz,ferrari,4,4,12.0,Finished,57
2023,1,Bahrain Grand Prix,hamilton,mercedes,7,5,10.0,Finished,57
2023,1,Bahrain Grand Prix,stroll,aston_martin,8,6,8.0,Finished,57
2023,1,Bahrain Grand Prix,russell,mercedes,6,7,6.0,Finished,57
2023,1,Bahrain Grand Prix,bottas,alfa,12,8,4.0,Finished,57
2023,1,Bahrain Grand Prix,gasly,alpine,20,9,2.0,Finished,57
2023,1,Bahrain Grand Prix,albon,williams,15,10,1.0,Finished,57
2023,1,Bahrain Grand Prix,tsunoda,alphatauri,14,11,0.0,Finished,57
2023,1,Bahrain Grand Prix,sargeant,williams,16,12,0.0,Lapped,56
2023,1,Bahrain Grand Prix,kevin_magnussen,haas,17,13,0.0,Lapped,56
2023,1,Bahrain Grand Prix,de_vries,alphatauri,19,14,0.0,Lapped,56
2023,1,Bahrain Grand Prix,hulkenberg,haas,10,15,0.0,Lapped,56
2023,1,Bahrain Grand Prix,zhou,alfa,13,16,0.0,Lapped,56
2023,1,Bahrain Grand Prix,norris,mclaren,11,17,0.0,Lapped,55
2023,1,Bahrain Grand Prix,ocon,alpine,9,18,0.0,Retired,41
2023,1,Bahrain Grand Prix,leclerc,ferrari,3,19,0.0,Retired,39
2023,1,Bahrain Grand Prix,piastri,mclaren,18,20,0.0,Retired,13
2023,2,Saudi Arabian Grand Prix,perez,red_bull,1,1,25.0,Finished,50
2023,2,Saudi Arabian Grand Prix,max_verstappen,red_bull,15,2,19.0,Finished,50
2023,2,Saudi Arabian Grand Prix,alonso,aston_martin,2,3,15.0,Finished,50
2023,2,Saudi Arabian Grand Prix,russell,mercedes,3,4,12.0,Finished,50
2023,2,Saudi Arabian Grand Prix,hamilton,mercedes,7,5,10.0,Finished,50
2023,2,Saudi Arabian Grand Prix,sainz,ferrari,4,6,8.0,Finished,50
2023,2,Saudi Arabian Grand Prix,leclerc,ferrari,12,7,6.0,Finished,50
2023,2,Saudi Arabian Grand Prix,ocon,alpine,6,8,4.0,Finished,50
2023,2,Saudi Arabian Grand Prix,gasly,alpine,9,9,2.0,Finished,50
2023,2,Saudi Arabian Grand Prix,kevin_magnussen,haas,13,10,1.0,Finished,50
2023,2,Saudi Arabian Grand Prix,tsunoda,alphatauri,16,11,0.0,Finished,50
2023,2,Saudi Arabian Grand Prix,hulkenberg,haas,10,12,0.0,Finished,50
2023,2,Saudi Arabian Grand Prix,zhou,alfa,11,13,0.0,Finished,50
2023,2,Saudi Arabian Grand Prix,de_vries,alphatauri,18,14,0.0,Finished,50
2023,2,Saudi Arabian Grand Prix,piastri,mclaren,8,15,0.0,Finished,50
2023,2,Saudi Arabian Grand Prix,sargeant,williams,20,16,0.0,Finished,50
2023,2,Saudi Arabian Grand Prix,norris,mclaren,19,17,0.0,Finished,50
2023,2,Saudi Arabian Grand Prix,bottas,alfa,14,18,0.0,Lapped,49
2023,2,Saudi Arabian Grand Prix,albon,williams,17,19,0.0,Retired,27
2023,2,Saudi Arabian Grand Prix,stroll,aston_martin,5,20,0.0,Retired,16
2023,3,Australian Grand Prix,max_verstappen,red_bull,1,1,25.0,Finished,58
2023,3,Australian Grand Prix,hamilton,mercedes,3,2,18.0,Finished,58
2023,3,Australian Grand Prix,alonso,aston_martin,4,3,15.0,Finished,58
2023,3,Australian Grand Prix,stroll,aston_martin,6,4,12.0,Finished,58
2023,3,Australian Grand Prix,perez,red_bull,20,5,11.0,Finished,58
2023,3,Australian Grand Prix,norris,mclaren,13,6,8.0,Finished,58
2023,3,Australian Grand Prix,hulkenberg,haas,10,7,6.0,Finished,58
2023,3,Australian Grand Prix,piastri,mclaren,16,8,4.0,Finished,58
2023,3,Australian Grand Prix,zhou,alfa,17,9,2.0,Finished,58
2023,3,Australian Grand Prix,tsunoda,alphatauri,12,10,1.0,Finished,58
2023,3,Australian Grand Prix,bottas,alfa,19,11,0.0,Finished,58
2023,3,Australian Grand Prix,sainz,ferrari,5,12,0.0,Finished,58
2023,3,Australian Grand Prix,gasly,alpine,9,13,0.0,Retired,56
2023,3,Australian Grand Prix,ocon,alpine,11,14,0.0,Retired,56
2023,3,Australian Grand Prix,de_vries,alphatauri,15,15,0.0,Retired,56
2023,3,Australian Grand Prix,sargeant,williams,18,16,0.0,Retired,56
2023,3,Australian Grand Prix,kevin_magnussen,haas,14,17,0.0,Retired,52
2023,3,Australian Grand Prix,russell,mercedes,2,18,0.0,Retired,17
2023,3,Australian Grand Prix,albon,williams,8,19,0.0,Retired,6
2023,3,Australian Grand Prix,leclerc,ferrari,7,20,0.0,Retired,0
2023,4,Azerbaijan Grand Prix,perez,red_bull,3,1,25.0,Finished,51
2023,4,Azerbaijan Grand Prix,max_verstappen,red_bull,2,2,18.0,Finished,51
2023,4,Azerbaijan Grand Prix,leclerc,ferrari,1,3,15.0,Finished,51
2023,4,Azerbaijan Grand Prix,alonso,aston_martin,6,4,12.0,Finished,51
2023,4,Azerbaijan Grand Prix,sainz,ferrari,4,5,10.0,Finished,51
2023,4,Azerbaijan Grand Prix,hamilton,mercedes,5,6,8.0,Finished,51
2023,4,Azerbaijan Grand Prix,stroll,aston_martin,9,7,6.0,Finished,51
2023,4,Azerbaijan Grand Prix,russell,mercedes,11,8,5.0,Finished,51
2023,4,Azerbaijan Grand Prix,norris,mclaren,7,9,2.0,Finished,51
2023,4,Azerbaijan Grand Prix,tsunoda,alphatauri,8,10,1.0,Finished,51
2023,4,Azerbaijan Grand Prix,piastri,mclaren,10,11,0.0,Finished,51
2023,4,Azerbaijan Grand Prix,albon,williams,12,12,0.0,Finished,51
2023,4,Azerbaijan Grand Prix,kevin_magnussen,haas,16,13,0.0,Finished,51
2023,4,Azerbaijan Grand Prix,gasly,alpine,17,14,0.0,Finished,51
2023,4,Azerbaijan Grand Prix,ocon,alpine,19,15,0.0,Finished,51
2023,4,Azerbaijan Grand Prix,sargeant,williams,14,16,0.0,Finished,51
2023,4,Azerbaijan Grand Prix,hulkenberg,haas,20,17,0.0,Lapped,50
2023,4,Azerbaijan Grand Prix,bottas,alfa,13,18,0.0,Lapped,50
2023,4,Azerbaijan Grand Prix,zhou,alfa,15,19,0.0,Retired,36
2023,4,Azerbaijan Grand Prix,de_vries,alphatauri,18,20,0.0,Retired,9
2023,5,Miami Grand Prix,max_verstappen,red_bull,9,1,26.0,Finished,57
2023,5,Miami Grand Prix,perez,red_bull,1,2,18.0,Finished,57
2023,5,Miami Grand Prix,alonso,aston_martin,2,3,15.0,Finished,57
2023,5,Miami Grand Prix,russell,mercedes,6,4,12.0,Finished,57
2023,5,Miami Grand Prix,sainz,ferrari,3,5,10.0,Finished,57
2023,5,Miami Grand Prix,hamilton,mercedes,13,6,8.0,Finished,57
2023,5,Miami Grand Prix,leclerc,ferrari,7,7,6.0,Finished,57
2023,5,Miami Grand Prix,gasly,alpine,5,8,4.0,Finished,57
2023,5,Miami Grand Prix,ocon,alpine,8,9,2.0,Finished,57
2023,5,Miami Grand Prix,kevin_magnussen,haas,4,10,1.0,Finished,57
2023,5,Miami Grand Prix,tsunoda,alphatauri,17,11,0.0,Finished,57
2023,5,Miami Grand Prix,stroll,aston_martin,18,12,0.0,Finished,57
2023,5,Miami Grand Prix,bottas,alfa,10,13,0.0,Finished,57
2023,5,Miami Grand Prix,albon,williams,11,14,0.0,Finished,57
2023,5,Miami Grand Prix,hulkenberg,haas,12,15,0.0,Finished,57
2023,5,Miami Grand Prix,zhou,alfa,14,16,0.0,Finished,57
2023,5,Miami Grand Prix,norris,mclaren,16,17,0.0,Finished,57
2023,5,Miami Grand Prix,de_vries,alphatauri,15,18,0.0,Finished,57
2023,5,Miami Grand Prix,piastri,mclaren,19,19,0.0,Lapped,56
2023,5,Miami Grand Prix,sargeant,williams,20,20,0.0,Lapped,56
2023,6,Monaco Grand Prix,max_verstappen,red_bull,1,1,25.0,Finished,78
2023,6,Monaco Grand Prix,alonso,aston_martin,2,2,18.0,Finished,78
2023,6,Monaco Grand Prix,ocon,alpine,3,3,15.0,Finished,78
2023,6,Monaco Grand Prix,hamilton,mercedes,5,4,13.0,Finished,78
2023,6,Monaco Grand Prix,russell,mercedes,8,5,10.0,Finished,78
2023,6,Monaco Grand Prix,leclerc,ferrari,6,6,8.0,Finished,78
2023,6,Monaco Grand Prix,gasly,alpine,7,7,6.0,Finished,78
2023,6,Monaco Grand Prix,sainz,ferrari,4,8,4.0,Finished,78
2023,6,Monaco Grand Prix,norris,mclaren,10,9,2.0,Lapped,77
2023,6,Monaco Grand Prix,piastri,mclaren,11,10,1.0,Lapped,77
2023,6,Monaco Grand Prix,bottas,alfa,15,11,0.0,Lapped,77
2023,6,Monaco Grand Prix,de_vries,alphatauri,12,12,0.0,Lapped,77
2023,6,Monaco Grand Prix,zhou,alfa,19,13,0.0,Lapped,77
2023,6,Monaco Grand Prix,albon,williams,13,14,0.0,Lapped,77
2023,6,Monaco Grand Prix,tsunoda,alphatauri,9,15,0.0,Lapped,76
2023,6,Monaco Grand Prix,perez,red_bull,20,16,0.0,Lapped,76
2023,6,Monaco Grand Prix,hulkenberg,haas,18,17,0.0,Lapped,76
2023,6,Monaco Grand Prix,sargeant,williams,16,18,0.0,Lapped,76
2023,6,Monaco Grand Prix,kevin_magnussen,haas,17,19,0.0,Retired,70
2023,6,Monaco Grand Prix,stroll,aston_martin,14,20,0.0,Retired,53
2023,7,Spanish Grand Prix,max_verstappen,red_bull,1,1,26.0,Finished,66
2023,7,Spanish Grand Prix,hamilton,mercedes,4,2,18.0,Finished,66
2023,7,Spanish Grand Prix,russell,mercedes,12,3,15.0,Finished,66
2023,7,Spanish Grand Prix,perez,red_bull,11,4,12.0,Finished,66
2023,7,Spanish Grand Prix,sainz,ferrari,2,5,10.0,Finished,66
2023,7,Spanish Grand Prix,stroll,aston_martin,5,6,8.0,Finished,66
2023,7,Spanish Grand Prix,alonso,aston_martin,8,7,6.0,Finished,66
2023,7,Spanish Grand Prix,ocon,alpine,6,8,4.0,Finished,66
2023,7,Spanish Grand Prix,zhou,alfa,13,9,2.0,Finished,66
2023,7,Spanish Grand Prix,gasly,alpine,10,10,1.0,Finished,66
2023,7,Spanish Grand Prix,leclerc,ferrari,19,11,0.0,Finished,66
2023,7,Spanish Grand Prix,tsunoda,alphatauri,15,12,0.0,Finished,66
2023,7,Spanish Grand Prix,piastri,mclaren,9,13,0.0,Lapped,65
2023,7,Spanish Grand Prix,de_vries,alphatauri,14,14,0.0,Lapped,65
2023,7,Spanish Grand Prix,hulkenberg,haas,7,15,0.0,Lapped,65
2023,7,Spanish Grand Prix,albon,williams,18,16,0.0,Lapped,65
2023,7,Spanish Grand Prix,norris,mclaren,3,17,0.0,Lapped,65
2023,7,Spanish Grand Prix,kevin_magnussen,haas,17,18,0.0,Lapped,65
2023,7,Spanish Grand Prix,bottas,alfa,16,19,0.0,Lapped,65
2023,7,Spanish Grand Prix,sargeant,williams,20,20,0.0,Lapped,65
2023,8,Canadian Grand Prix,max_verstappen,red_bull,1,1,25.0,Finished,70
2023,8,Canadian Grand Prix,alonso,aston_martin,2,2,18.0,Finished,70
2023,8,Canadian Grand Prix,hamilton,mercedes,3,3,15.0,Finished,70
2023,8,Canadian Grand Prix,leclerc,ferrari,10,4,12.0,Finished,70
2023,8,Canadian Grand Prix,sainz,ferrari,11,5,10.0,Finished,70
2023,8,Canadian Grand Prix,perez,red_bull,12,6,9.0,Finished,70
2023,8,Canadian Grand Prix,albon,williams,9,7,6.0,Finished,70
2023,8,Canadian Grand Prix,ocon,alpine,6,8,4.0,Finished,70
2023,8,Canadian Grand Prix,stroll,aston_martin,16,9,2.0,Finished,70
2023,8,Canadian Grand Prix,bottas,alfa,14,10,1.0,Finished,70
2023,8,Canadian Grand Prix,piastri,mclaren,8,11,0.0,Finished,70
2023,8,Canadian Grand Prix,gasly,alpine,15,12,0.0,Finished,70
2023,8,Canadian Grand Prix,norris,mclaren,7,13,0.0,Finished,70
2023,8,Canadian Grand Prix,tsunoda,alphatauri,19,14,0.0,Finished,70
2023,8,Canadian Grand Prix,hulkenberg,haas,5,15,0.0,Lapped,69
2023,8,Canadian Grand Prix,zhou,alfa,20,16,0.0,Lapped,69
2023,8,Canadian Grand Prix,kevin_magnussen,haas,13,17,0.0,Lapped,69
2023,8,Canadian Grand Prix,de_vries,alphatauri,17,18,0.0,Lapped,69
2023,8,Canadian Grand Prix,russell,mercedes,4,19,0.0,Retired,53
2023,8,Canadian Grand Prix,sargeant,williams,18,20,0.0,Retired,6
2023,9,Austrian Grand Prix,max_verstappen,red_bull,1,1,26.0,Finished,71
2023,9,Austrian Grand Prix,leclerc,ferrari,2,2,18.0,Finished,71
2023,9,Austrian Grand Prix,perez,red_bull,15,3,15.0,Finished,71
2023,9,Austrian Grand Prix,norris,mclaren,4,4,12.0,Finished,71
2023,9,Austrian Grand Prix,alonso,aston_martin,7,5,10.0,Finished,71
2023,9,Austrian Grand Prix,sainz,ferrari,3,6,8.0,Finished,71
2023,9,Austrian Grand Prix,russell,mercedes,11,7,6.0,Finished,71
2023,9,Austrian Grand Prix,hamilton,mercedes,5,8,4.0,Finished,71
2023,9,Austrian Grand Prix,stroll,aston_martin,6,9,2.0,Finished,71
2023,9,Austrian Grand Prix,gasly,alpine,9,10,1.0,Finished,71
2023,9,Austrian Grand Prix,albon,williams,10,11,0.0,Finished,71
2023,9,Austrian Grand Prix,zhou,alfa,17,12,0.0,Lapped,70
2023,9,Austrian Grand Prix,sargeant,williams,18,13,0.0,Lapped,70
2023,9,Austrian Grand Prix,ocon,alpine,12,14,0.0,Lapped,70
2023,9,Austrian Grand Prix,bottas,alfa,14,15,0.0,Lapped,70
2023,9,Austrian Grand Prix,piastri,mclaren,13,16,0.0,Lapped,70
2023,9,Austrian Grand Prix,de_vries,alphatauri,20,17,0.0,Lapped,70
2023,9,Austrian Grand Prix,kevin_magnussen,haas,19,18,0.0,Lapped,70
2023,9,Austrian Grand Prix,tsunoda,alphatauri,16,19,0.0,Lapped,70
2023,9,Austrian Grand Prix,hulkenberg,haas,8,20,0.0,Retired,12
2023,10,British Grand Prix,max_verstappen,red_bull,1,1,26.0,Finished,52
2023,10,British Grand Prix,norris,mclaren,2,2,18.0,Finished,52
2023,10,British Grand Prix,hamilton,mercedes,7,3,15.0,Finished,52
2023,10,British Grand Prix,piastri,mclaren,3,4,12.0,Finished,52
2023,10,British Grand Prix,russell,mercedes,6,5,10.0,Finished,52
2023,10,British Grand Prix,perez,red_bull,15,6,8.0,Finished,52
2023,10,British Grand Prix,alonso,aston_martin,9,7,6.0,Finished,52
2023,10,British Grand Prix,albon,williams,8,8,4.0,Finished,52
2023,10,British Grand Prix,leclerc,ferrari,4,9,2.0,Finished,52
2023,10,British Grand Prix,sainz,ferrari,5,10,1.0,Finished,52
2023,10,British Grand Prix,sargeant,williams,14,11,0.0,Finished,52
2023,10,British Grand Prix,bottas,alfa,20,12,0.0,Finished,52
2023,10,British Grand Prix,hulkenberg,haas,11,13,0.0,Finished,52
2023,10,British Grand Prix,stroll,aston_martin,12,14,0.0,Finished,52
2023,10,British Grand Prix,zhou,alfa,17,15,0.0,Finished,52
2023,10,British Grand Prix,tsunoda,alphatauri,16,16,0.0,Finished,52
2023,10,British Grand Prix,de_vries,alphatauri,18,17,0.0,Finished,52
2023,10,British Grand Prix,gasly,alpine,10,18,0.0,Retired,46
2023,10,British Grand Prix,kevin_magnussen,haas,19,19,0.0,Retired,31
2023,10,British Grand Prix,ocon,alpine,13,20,0.0,Retired,9
2023,11,Hungarian Grand Prix,max_verstappen,red_bull,2,1,26.0,Finished,70
2023,11,Hungarian Grand Prix,norris,mclaren,3,2,18.0,Finished,70
2023,11,Hungarian Grand Prix,perez,red_bull,9,3,15.0,Finished,70
2023,11,Hungarian Grand Prix,hamilton,mercedes,1,4,12.0,Finished,70
2023,11,Hungarian Grand Prix,piastri,mclaren,4,5,10.0,Finished,70
2023,11,Hungarian Grand Prix,russell,mercedes,18,6,8.0,Finished,70
2023,11,Hungarian Grand Prix,leclerc,ferrari,6,7,6.0,Finished,70
2023,11,Hungarian Grand Prix,sainz,ferrari,11,8,4.0,Finished,70
2023,11,Hungarian Grand Prix,alonso,aston_martin,8,9,2.0,Finished,70
2023,11,Hungarian Grand Prix,stroll,aston_martin,14,10,1.0,Lapped,69
2023,11,Hungarian Grand Prix,albon,williams,16,11,0.0,Lapped,69
2023,11,Hungarian Grand Prix,bottas,alfa,7,12,0.0,Lapped,69
2023,11,Hungarian Grand Prix,ricciardo,alphatauri,13,13,0.0,Lapped,69
2023,11,Hungarian Grand Prix,hulkenberg,haas,10,14,0.0,Lapped,69
2023,11,Hungarian Grand Prix,tsunoda,alphatauri,17,15,0.0,Lapped,69
2023,11,Hungarian Grand Prix,zhou,alfa,5,16,0.0,Lapped,69
2023,11,Hungarian Grand Prix,kevin_magnussen,haas,19,17,0.0,Lapped,69
2023,11,Hungarian Grand Prix,sargeant,williams,20,18,0.0,Retired,67
2023,11,Hungarian Grand Prix,ocon,alpine,12,19,0.0,Retired,2
2023,11,Hungarian Grand Prix,gasly,alpine,15,20,0.0,Retired,1
2023,12,Belgian Grand Prix,max_verstappen,red_bull,6,1,25.0,Finished,44
2023,12,Belgian Grand Prix,perez,red_bull,2,2,18.0,Finished,44
2023,12,Belgian Grand Prix,leclerc,ferrari,1,3,15.0,Finished,44
2023,12,Belgian Grand Prix,hamilton,mercedes,3,4,13.0,Finished,44
2023,12,Belgian Grand Prix,alonso,aston_martin,9,5,10.0,Finished,44
2023,12,Belgian Grand Prix,russell,mercedes,8,6,8.0,Finished,44
2023,12,Belgian Grand Prix,norris,mclaren,7,7,6.0,Finished,44
2023,12,Belgian Grand Prix,ocon,alpine,14,8,4.0,Finished,44
2023,12,Belgian Grand Prix,stroll,aston_martin,10,9,2.0,Finished,44
2023,12,Belgian Grand Prix,tsunoda,alphatauri,11,10,1.0,Finished,44
2023,12,Belgian Grand Prix,gasly,alpine,12,11,0.0,Finished,44
2023,12,Belgian Grand Prix,bottas,alfa,13,12,0.0,Finished,44
2023,12,Belgian Grand Prix,zhou,alfa,17,13,0.0,Finished,44
2023,12,Belgian Grand Prix,albon,williams,15,14,0.0,Finished,44
2023,12,Belgian Grand Prix,kevin_magnussen,haas,16,15,0.0,Finished,44
2023,12,Belgian Grand Prix,ricciardo,alphatauri,19,16,0.0,Finished,44
2023,12,Belgian Grand Prix,sargeant,williams,18,17,0.0,Finished,44
2023,12,Belgian Grand Prix,hulkenberg,haas,20,18,0.0,Finished,44
2023,12,Belgian Grand Prix,sainz,ferrari,4,19,0.0,Retired,23
2023,12,Belgian Grand Prix,piastri,mclaren,5,20,0.0,Retired,0
2023,13,Dutch Grand Prix,max_verstappen,red_bull,1,1,25.0,Finished,72
2023,13,Dutch Grand Prix,alonso,aston_martin,5,2,19.0,Finished,72
2023,13,Dutch Grand Prix,gasly,alpine,12,3,15.0,Finished,72
2023,13,Dutch Grand Prix,perez,red_bull,7,4,12.0,Finished,72
2023,13,Dutch Grand Prix,sainz,ferrari,6,5,10.0,Finished,72
2023,13,Dutch Grand Prix,hamilton,mercedes,13,6,8.0,Finished,72
2023,13,Dutch Grand Prix,norris,mclaren,2,7,6.0,Finished,72
2023,13,Dutch Grand Prix,albon,williams,4,8,4.0,Finished,72
2023,13,Dutch Grand Prix,piastri,mclaren,8,9,2.0,Finished,72
2023,13,Dutch Grand Prix,ocon,alpine,16,10,1.0,Finished,72
2023,13,Dutch Grand Prix,stroll,aston_martin,11,11,0.0,Finished,72
2023,13,Dutch Grand Prix,hulkenberg,haas,14,12,0.0,Finished,72
2023,13,Dutch Grand Prix,lawson,alphatauri,19,13,0.0,Finished,72
2023,13,Dutch Grand Prix,bottas,alfa,18,14,0.0,Finished,72
2023,13,Dutch Grand Prix,tsunoda,alphatauri,17,15,0.0,Finished,72
2023,13,Dutch Grand Prix,kevin_magnussen,haas,0,16,0.0,Finished,72
2023,13,Dutch Grand Prix,russell,mercedes,3,17,0.0,Finished,72
2023,13,Dutch Grand Prix,zhou,alfa,15,18,0.0,Accident,62
2023,13,Dutch Grand Prix,leclerc,ferrari,9,19,0.0,Undertray,41
2023,13,Dutch Grand Prix,sargeant,williams,10,20,0.0,Accident,14
2023,14,Italian Grand Prix,max_verstappen,red_bull,2,1,25.0,Finished,51
2023,14,Italian Grand Prix,perez,red_bull,5,2,18.0,Finished,51
2023,14,Italian Grand Prix,sainz,ferrari,1,3,15.0,Finished,51
2023,14,Italian Grand Prix,leclerc,ferrari,3,4,12.0,Finished,51
2023,14,Italian Grand Prix,russell,mercedes,4,5,10.0,Finished,51
2023,14,Italian Grand Prix,hamilton,mercedes,8,6,8.0,Finished,51
2023,14,Italian Grand Prix,albon,williams,6,7,6.0,Finished,51
2023,14,Italian Grand Prix,norris,mclaren,9,8,4.0,Finished,51
2023,14,Italian Grand Prix,alonso,aston_martin,10,9,2.0,Finished,51
2023,14,Italian Grand Prix,bottas,alfa,14,10,1.0,Finished,51
2023,14,Italian Grand Prix,lawson,alphatauri,12,11,0.0,Finished,51
2023,14,Italian Grand Prix,piastri,mclaren,7,12,0.0,Finished,51
2023,14,Italian Grand Prix,sargeant,williams,15,13,0.0,Finished,51
2023,14,Italian Grand Prix,zhou,alfa,16,14,0.0,Finished,51
2023,14,Italian Grand Prix,gasly,alpine,17,15,0.0,Finished,51
2023,14,Italian Grand Prix,stroll,aston_martin,20,16,0.0,Finished,51
2023,14,Italian Grand Prix,hulkenberg,haas,13,17,0.0,Lapped,50
2023,14,Italian Grand Prix,kevin_magnussen,haas,19,18,0.0,Lapped,50
2023,14,Italian Grand Prix,ocon,alpine,18,19,0.0,Retired,39
2023,14,Italian Grand Prix,tsunoda,alphatauri,11,20,0.0,Did not start,0
2023,15,Singapore Grand Prix,sainz,ferrari,1,1,25.0,Finished,62
2023,15,Singapore Grand Prix,norris,mclaren,4,2,18.0,Finished,62
2023,15,Singapore Grand Prix,hamilton,mercedes,5,3,16.0,Finished,62
2023,15,Singapore Grand Prix,leclerc,ferrari,3,4,12.0,Finished,62
2023,15,Singapore Grand Prix,max_verstappen,red_bull,11,5,10.0,Finished,62
2023,15,Singapore Grand Prix,gasly,alpine,12,6,8.0,Finished,62
2023,15,Singapore Grand Prix,piastri,mclaren,17,7,6.0,Finished,62
2023,15,Singapore Grand Prix,perez,red_bull,13,8,4.0,Finished,62
2023,15,Singapore Grand Prix,lawson,alphatauri,10,9,2.0,Finished,62
2023,15,Singapore Grand Prix,kevin_magnussen,haas,6,10,1.0,Finished,62
2023,15,Singapore Grand Prix,albon,williams,14,11,0.0,Finished,62
2023,15,Singapore Grand Prix,zhou,alfa,19,12,0.0,Finished,62
2023,15,Singapore Grand Prix,hulkenberg,haas,9,13,0.0,Finished,62
2023,15,Singapore Grand Prix,sargeant,williams,18,14,0.0,Finished,62
2023,15,Singapore Grand Prix,alonso,aston_martin,7,15,0.0,Finished,62
2023,15,Singapore Grand Prix,russell,mercedes,2,16,0.0,Retired,61
2023,15,Singapore Grand Prix,bottas,alfa,16,17,0.0,Retired,51
2023,15,Singapore Grand Prix,ocon,alpine,8,18,0.0,Retired,42
2023,15,Singapore Grand Prix,tsunoda,alphatauri,15,19,0.0,Retired,0
2023,15,Singapore Grand Prix,stroll,aston_martin,0,20,0.0,Withdrew,0
2023,16,Japanese Grand Prix,max_verstappen,red_bull,1,1,26.0,Finished,53
2023,16,Japanese Grand Prix,norris,mclaren,3,2,18.0,Finished,53
2023,16,Japanese Grand Prix,piastri,mclaren,2,3,15.0,Finished,53
2023,16,Japanese Grand Prix,leclerc,ferrari,4,4,12.0,Finished,53
2023,16,Japanese Grand Prix,hamilton,mercedes,7,5,10.0,Finished,53
2023,16,Japanese Grand Prix,sainz,ferrari,6,6,8.0,Finished,53
2023,16,Japanese Grand Prix,russell,mercedes,8,7,6.0,Finished,53
2023,16,Japanese Grand Prix,alonso,aston_martin,10,8,4.0,Finished,53
2023,16,Japanese Grand Prix,ocon,alpine,14,9,2.0,Finished,53
2023,16,Japanese Grand Prix,gasly,alpine,12,10,1.0,Finished,53
2023,16,Japanese Grand Prix,lawson,alphatauri,11,11,0.0,Lapped,52
2023,16,Japanese Grand Prix,tsunoda,alphatauri,9,12,0.0,Lapped,52
2023,16,Japanese Grand Prix,zhou,alfa,19,13,0.0,Lapped,52
2023,16,Japanese Grand Prix,hulkenberg,haas,18,14,0.0,Lapped,52
2023,16,Japanese Grand Prix,kevin_magnussen,haas,15,15,0.0,Lapped,52
2023,16,Japanese Grand Prix,albon,williams,13,16,0.0,Retired,26
2023,16,Japanese Grand Prix,sargeant,williams,20,17,0.0,Retired,22
2023,16,Japanese Grand Prix,stroll,aston_martin,17,18,0.0,Retired,20
2023,16,Japanese Grand Prix,perez,red_bull,5,19,0.0,Retired,15
2023,16,Japanese Grand Prix,bottas,alfa,16,20,0.0,Retired,7
2023,17,Qatar Grand Prix,max_verstappen,red_bull,1,1,26.0,Finished,57
2023,17,Qatar Grand Prix,piastri,mclaren,6,2,18.0,Finished,57
2023,17,Qatar Grand Prix,norris,mclaren,10,3,15.0,Finished,57
2023,17,Qatar Grand Prix,russell,mercedes,2,4,12.0,Finished,57
2023,17,Qatar Grand Prix,leclerc,ferrari,5,5,10.0,Finished,57
2023,17,Qatar Grand Prix,alonso,aston_martin,4,6,8.0,Finished,57
2023,17,Qatar Grand Prix,ocon,alpine,8,7,6.0,Finished,57
2023,17,Qatar Grand Prix,bottas,alfa,9,8,4.0,Finished,57
2023,17,Qatar Grand Prix,zhou,alfa,19,9,2.0,Finished,57
2023,17,Qatar Grand Prix,perez,red_bull,20,10,1.0,Finished,57
2023,17,Qatar Grand Prix,stroll,aston_martin,16,11,0.0,Finished,57
2023,17,Qatar Grand Prix,gasly,alpine,7,12,0.0,Finished,57
2023,17,Qatar Grand Prix,albon,williams,13,13,0.0,Finished,57
2023,17,Qatar Grand Prix,kevin_magnussen,haas,18,14,0.0,Lapped,56
2023,17,Qatar Grand Prix,tsunoda,alphatauri,11,15,0.0,Lapped,56
2023,17,Qatar Grand Prix,hulkenberg,haas,14,16,0.0,Lapped,56
2023,17,Qatar Grand Prix,lawson,alphatauri,17,17,0.0,Lapped,56
2023,17,Qatar Grand Prix,sargeant,williams,15,18,0.0,Retired,40
2023,17,Qatar Grand Prix,hamilton,mercedes,3,19,0.0,Retired,0
2023,17,Qatar Grand Prix,sainz,ferrari,12,20,0.0,Did not start,0
2023,18,United States Grand Prix,max_verstappen,red_bull,6,1,25.0,Finished,56
2023,18,United States Grand Prix,norris,mclaren,2,2,18.0,Finished,56
2023,18,United States Grand Prix,sainz,ferrari,4,3,15.0,Finished,56
2023,18,United States Grand Prix,perez,red_bull,9,4,12.0,Finished,56
2023,18,United States Grand Prix,russell,mercedes,5,5,10.0,Finished,56
2023,18,United States Grand Prix,gasly,alpine,7,6,8.0,Finished,56
2023,18,United States Grand Prix,stroll,aston_martin,20,7,6.0,Finished,56
2023,18,United States Grand Prix,tsunoda,alphatauri,11,8,5.0,Finished,56
2023,18,United States Grand Prix,albon,williams,15,9,2.0,Finished,56
2023,18,United States Grand Prix,sargeant,williams,16,10,1.0,Finished,56
2023,18,United States Grand Prix,hulkenberg,haas,18,11,0.0,Finished,56
2023,18,United States Grand Prix,bottas,alfa,13,12,0.0,Finished,56
2023,18,United States Grand Prix,zhou,alfa,12,13,0.0,Lapped,55
2023,18,United States Grand Prix,kevin_magnussen,haas,17,14,0.0,Lapped,55
2023,18,United States Grand Prix,ricciardo,alphatauri,14,15,0.0,Lapped,55
2023,18,United States Grand Prix,alonso,aston_martin,19,16,0.0,Retired,49
2023,18,United States Grand Prix,piastri,mclaren,10,17,0.0,Retired,10
2023,18,United States Grand Prix,ocon,alpine,8,18,0.0,Retired,6
2023,18,United States Grand Prix,hamilton,mercedes,3,19,0.0,Disqualified,56
2023,18,United States Grand Prix,leclerc,ferrari,1,20,0.0,Disqualified,56
2023,19,Mexico City Grand Prix,max_verstappen,red_bull,3,1,25.0,Finished,71
2023,19,Mexico City Grand Prix,hamilton,mercedes,6,2,19.0,Finished,71
2023,19,Mexico City Grand Prix,leclerc,ferrari,1,3,15.0,Finished,71
2023,19,Mexico City Grand Prix,sainz,ferrari,2,4,12.0,Finished,71
2023,19,Mexico City Grand Prix,norris,mclaren,17,5,10.0,Finished,71
2023,19,Mexico City Grand Prix,russell,mercedes,8,6,8.0,Finished,71
2023,19,Mexico City Grand Prix,ricciardo,alphatauri,4,7,6.0,Finished,71
2023,19,Mexico City Grand Prix,piastri,mclaren,7,8,4.0,Finished,71
2023,19,Mexico City Grand Prix,albon,williams,14,9,2.0,Finished,71
2023,19,Mexico City Grand Prix,ocon,alpine,15,10,1.0,Finished,71
2023,19,Mexico City Grand Prix,gasly,alpine,11,11,0.0,Finished,71
2023,19,Mexico City Grand Prix,tsunoda,alphatauri,18,12,0.0,Finished,71
2023,19,Mexico City Grand Prix,hulkenberg,haas,12,13,0.0,Finished,71
2023,19,Mexico City Grand Prix,zhou,alfa,10,14,0.0,Finished,71
2023,19,Mexico City Grand Prix,bottas,alfa,9,15,0.0,Finished,71
2023,19,Mexico City Grand Prix,sargeant,williams,19,16,0.0,Retired,70
2023,19,Mexico City Grand Prix,stroll,aston_martin,0,17,0.0,Collision damage,66
2023,19,Mexico City Grand Prix,alonso,aston_martin,13,18,0.0,Withdrew,47
2023,19,Mexico City Grand Prix,kevin_magnussen,haas,16,19,0.0,Accident,31
2023,19,Mexico City Grand Prix,perez,red_bull,5,20,0.0,Collision damage,1
2023,20,São Paulo Grand Prix,max_verstappen,red_bull,1,1,25.0,Finished,71
2023,20,São Paulo Grand Prix,norris,mclaren,6,2,19.0,Finished,71
2023,20,São Paulo Grand Prix,alonso,aston_martin,4,3,15.0,Finished,71
2023,20,São Paulo Grand Prix,perez,red_bull,9,4,12.0,Finished,71
2023,20,São Paulo Grand Prix,stroll,aston_martin,3,5,10.0,Finished,71
2023,20,São Paulo Grand Prix,sainz,ferrari,7,6,8.0,Finished,71
2023,20,São Paulo Grand Prix,gasly,alpine,15,7,6.0,Finished,71
2023,20,São Paulo Grand Prix,hamilton,mercedes,5,8,4.0,Finished,71
2023,20,São Paulo Grand Prix,tsunoda,alphatauri,16,9,2.0,Finished,71
2023,20,São Paulo Grand Prix,ocon,alpine,14,10,1.0,Lapped,70
2023,20,São Paulo Grand Prix,sargeant,williams,19,11,0.0,Lapped,70
2023,20,São Paulo Grand Prix,hulkenberg,haas,11,12,0.0,Lapped,70
2023,20,São Paulo Grand Prix,ricciardo,alphatauri,17,13,0.0,Lapped,70
2023,20,São Paulo Grand Prix,piastri,mclaren,10,14,0.0,Lapped,69
2023,20,São Paulo Grand Prix,russell,mercedes,8,15,0.0,Retired,57
2023,20,São Paulo Grand Prix,bottas,alfa,18,16,0.0,Retired,39
2023,20,São Paulo Grand Prix,zhou,alfa,20,17,0.0,Retired,22
2023,20,São Paulo Grand Prix,kevin_magnussen,haas,12,18,0.0,Retired,0
2023,20,São Paulo Grand Prix,albon,williams,13,19,0.0,Retired,0
2023,20,São Paulo Grand Prix,leclerc,ferrari,2,20,0.0,Did not start,0
2023,21,Las Vegas Grand Prix,max_verstappen,red_bull,2,1,25.0,Finished,50
2023,21,Las Vegas Grand Prix,leclerc,ferrari,1,2,18.0,Finished,50
2023,21,Las Vegas Grand Prix,perez,red_bull,11,3,15.0,Finished,50
2023,21,Las Vegas Grand Prix,ocon,alpine,16,4,12.0,Finished,50
2023,21,Las Vegas Grand Prix,stroll,aston_martin,19,5,10.0,Finished,50
2023,21,Las Vegas Grand Prix,sainz,ferrari,12,6,8.0,Finished,50
2023,21,Las Vegas Grand Prix,hamilton,mercedes,10,7,6.0,Finished,50
2023,21,Las Vegas Grand Prix,russell,mercedes,3,8,4.0,Finished,50
2023,21,Las Vegas Grand Prix,alonso,aston_martin,9,9,2.0,Finished,50
2023,21,Las Vegas Grand Prix,piastri,mclaren,18,10,2.0,Finished,50
2023,21,Las Vegas Grand Prix,gasly,alpine,4,11,0.0,Finished,50
2023,21,Las Vegas Grand Prix,albon,williams,5,12,0.0,Finished,50
2023,21,Las Vegas Grand Prix,kevin_magnussen,haas,8,13,0.0,Finished,50
2023,21,Las Vegas Grand Prix,ricciardo,alphatauri,14,14,0.0,Finished,50
2023,21,Las Vegas Grand Prix,zhou,alfa,17,15,0.0,Finished,50
2023,21,Las Vegas Grand Prix,sargeant,williams,6,16,0.0,Finished,50
2023,21,Las Vegas Grand Prix,bottas,alfa,7,17,0.0,Finished,50
2023,21,Las Vegas Grand Prix,tsunoda,alphatauri,20,18,0.0,Retired,46
2023,21,Las Vegas Grand Prix,hulkenberg,haas,13,19,0.0,Retired,45
2023,21,Las Vegas Grand Prix,norris,mclaren,15,20,0.0,Retired,2
2023,22,Abu Dhabi Grand Prix,max_verstappen,red_bull,1,1,26.0,Finished,58
2023,22,Abu Dhabi Grand Prix,leclerc,ferrari,2,2,18.0,Finished,58
2023,22,Abu Dhabi Grand Prix,russell,mercedes,4,3,15.0,Finished,58
2023,22,Abu Dhabi Grand Prix,perez,red_bull,9,4,12.0,Finished,58
2023,22,Abu Dhabi Grand Prix,norris,mclaren,5,5,10.0,Finished,58
2023,22,Abu Dhabi Grand Prix,piastri,mclaren,3,6,8.0,Finished,58
2023,22,Abu Dhabi Grand Prix,alonso,aston_martin,7,7,6.0,Finished,58
2023,22,Abu Dhabi Grand Prix,tsunoda,alphatauri,6,8,4.0,Finished,58
2023,22,Abu Dhabi Grand Prix,hamilton,mercedes,11,9,2.0,Finished,58
2023,22,Abu Dhabi Grand Prix,stroll,aston_martin,13,10,1.0,Finished,58
2023,22,Abu Dhabi Grand Prix,ricciardo,alphatauri,15,11,0.0,Finished,58
2023,22,Abu Dhabi Grand Prix,ocon,alpine,12,12,0.0,Finished,58
2023,22,Abu Dhabi Grand Prix,gasly,alpine,10,13,0.0,Finished,58
2023,22,Abu Dhabi Grand Prix,albon,williams,14,14,0.0,Finished,58
2023,22,Abu Dhabi Grand Prix,hulkenberg,haas,8,15,0.0,Finished,58
2023,22,Abu Dhabi Grand Prix,sargeant,williams,20,16,0.0,Finished,58
2023,22,Abu Dhabi Grand Prix,zhou,alfa,19,17,0.0,Finished,58
2023,22,Abu Dhabi Grand Prix,sainz,ferrari,16,18,0.0,Retired,57
2023,22,Abu Dhabi Grand Prix,bottas,alfa,18,19,0.0,Lapped,57
2023,22,Abu Dhabi Grand Prix,kevin_magnussen,haas,17,20,0.0,Lapped,57
2024,1,Bahrain Grand Prix,max_verstappen,red_bull,1,1,26.0,Finished,57
2024,1,Bahrain Grand Prix,perez,red_bull,5,2,18.0,Finished,57
2024,1,Bahrain Grand Prix,sainz,ferrari,4,3,15.0,Finished,57
2024,1,Bahrain Grand Prix,leclerc,ferrari,2,4,12.0,Finished,57
2024,1,Bahrain Grand Prix,russell,mercedes,3,5,10.0,Finished,57
2024,1,Bahrain Grand Prix,norris,mclaren,7,6,8.0,Finished,57
2024,1,Bahrain Grand Prix,hamilton,mercedes,9,7,6.0,Finished,57
2024,1,Bahrain Grand Prix,piastri,mclaren,8,8,4.0,Finished,57
2024,1,Bahrain Grand Prix,alonso,aston_martin,6,9,2.0,Finished,57
2024,1,Bahrain Grand Prix,stroll,aston_martin,12,10,1.0,Finished,57
2024,1,Bahrain Grand Prix,zhou,sauber,17,11,0.0,Lapped,56
2024,1,Bahrain Grand Prix,kevin_magnussen,haas,15,12,0.0,Lapped,56
2024,1,Bahrain Grand Prix,ricciardo,rb,14,13,0.0,Lapped,56
2024,1,Bahrain Grand Prix,tsunoda,rb,11,14,0.0,Lapped,56
2024,1,Bahrain Grand Prix,albon,williams,13,15,0.0,Lapped,56
2024,1,Bahrain Grand Prix,hulkenberg,haas,10,16,0.0,Lapped,56
2024,1,Bahrain Grand Prix,ocon,alpine,19,17,0.0,Lapped,56
2024,1,Bahrain Grand Prix,gasly,alpine,20,18,0.0,Lapped,56
2024,1,Bahrain Grand Prix,bottas,sauber,16,19,0.0,Lapped,56
2024,1,Bahrain Grand Prix,sargeant,williams,18,20,0.0,Lapped,55
2024,2,Saudi Arabian Grand Prix,max_verstappen,red_bull,1,1,25.0,Finished,50
2024,2,Saudi Arabian Grand Prix,perez,red_bull,3,2,18.0,Finished,50
2024,2,Saudi Arabian Grand Prix,leclerc,ferrari,2,3,16.0,Finished,50
2024,2,Saudi Arabian Grand Prix,piastri,mclaren,5,4,12.0,Finished,50
2024,2,Saudi Arabian Grand Prix,alonso,aston_martin,4,5,10.0,Finished,50
2024,2,Saudi Arabian Grand Prix,russell,mercedes,7,6,8.0,Finished,50
2024,2,Saudi Arabian Grand Prix,bearman,ferrari,11,7,6.0,Finished,50
2024,2,Saudi Arabian Grand Prix,norris,mclaren,6,8,4.0,Finished,50
2024,2,Saudi Arabian Grand Prix,hamilton,mercedes,8,9,2.0,Finished,50
2024,2,Saudi Arabian Grand Prix,hulkenberg,haas,15,10,1.0,Finished,50
2024,2,Saudi Arabian Grand Prix,albon,williams,12,11,0.0,Finished,50
2024,2,Saudi Arabian Grand Prix,kevin_magnussen,haas,13,12,0.0,Finished,50
2024,2,Saudi Arabian Grand Prix,ocon,alpine,17,13,0.0,Lapped,49
2024,2,Saudi Arabian Grand Prix,sargeant,williams,19,14,0.0,Lapped,49
2024,2,Saudi Arabian Grand Prix,tsunoda,rb,9,15,0.0,Lapped,49
2024,2,Saudi Arabian Grand Prix,ricciardo,rb,14,16,0.0,Lapped,49
2024,2,Saudi Arabian Grand Prix,bottas,sauber,16,17,0.0,Lapped,49
2024,2,Saudi Arabian Grand Prix,zhou,sauber,20,18,0.0,Lapped,49
2024,2,Saudi Arabian Grand Prix,stroll,aston_martin,10,19,0.0,Retired,5
2024,2,Saudi Arabian Grand Prix,gasly,alpine,18,20,0.0,Retired,1
2024,3,Australian Grand Prix,sainz,ferrari,2,1,25.0,Finished,58
2024,3,Australian Grand Prix,leclerc,ferrari,4,2,19.0,Finished,58
2024,3,Australian Grand Prix,norris,mclaren,3,3,15.0,Finished,58
2024,3,Australian Grand Prix,piastri,mclaren,5,4,12.0,Finished,58
2024,3,Australian Grand Prix,perez,red_bull,6,5,10.0,Finished,58
2024,3,Australian Grand Prix,stroll,aston_martin,9,6,8.0,Finished,58
2024,3,Australian Grand Prix,tsunoda,rb,8,7,6.0,Finished,58
2024,3,Australian Grand Prix,alonso,aston_martin,10,8,4.0,Finished,58
2024,3,Australian Grand Prix,hulkenberg,haas,16,9,2.0,Finished,58
2024,3,Australian Grand Prix,kevin_magnussen,haas,14,10,1.0,Lapped,57
2024,3,Australian Grand Prix,albon,williams,12,11,0.0,Lapped,57
2024,3,Australian Grand Prix,ricciardo,rb,18,12,0.0,Lapped,57
2024,3,Australian Grand Prix,gasly,alpine,17,13,0.0,Lapped,57
2024,3,Australian Grand Prix,bottas,sauber,13,14,0.0,Lapped,57
2024,3,Australian Grand Prix,zhou,sauber,19,15,0.0,Lapped,57
2024,3,Australian Grand Prix,ocon,alpine,15,16,0.0,Lapped,57
2024,3,Australian Grand Prix,russell,mercedes,7,17,0.0,Retired,56
2024,3,Australian Grand Prix,hamilton,mercedes,11,18,0.0,Retired,15
2024,3,Australian Grand Prix,max_verstappen,red_bull,1,19,0.0,Retired,3
2024,4,Japanese Grand Prix,max_verstappen,red_bull,1,1,26.0,Finished,53
2024,4,Japanese Grand Prix,perez,red_bull,2,2,18.0,Finished,53
2024,4,Japanese Grand Prix,sainz,ferrari,4,3,15.0,Finished,53
2024,4,Japanese Grand Prix,leclerc,ferrari,8,4,12.0,Finished,53
2024,4,Japanese Grand Prix,norris,mclaren,3,5,10.0,Finished,53
2024,4,Japanese Grand Prix,alonso,aston_martin,5,6,8.0,Finished,53
2024,4,Japanese Grand Prix,russell,mercedes,9,7,6.0,Finished,53
2024,4,Japanese Grand Prix,piastri,mclaren,6,8,4.0,Finished,53
2024,4,Japanese Grand Prix,hamilton,mercedes,7,9,2.0,Finished,53
2024,4,Japanese Grand Prix,tsunoda,rb,10,10,1.0,Lapped,52
2024,4,Japanese Grand Prix,hulkenberg,haas,12,11,0.0,Lapped,52
2024,4,Japanese Grand Prix,stroll,aston_martin,16,12,0.0,Lapped,52
2024,4,Japanese Grand Prix,kevin_magnussen,haas,18,13,0.0,Lapped,52
2024,4,Japanese Grand Prix,bottas,sauber,13,14,0.0,Lapped,52
2024,4,Japanese Grand Prix,ocon,alpine,15,15,0.0,Lapped,52
2024,4,Japanese Grand Prix,gasly,alpine,17,16,0.0,Lapped,52
2024,4,Japanese Grand Prix,sargeant,williams,19,17,0.0,Lapped,52
2024,4,Japanese Grand Prix,zhou,sauber,20,18,0.0,Retired,12
2024,4,Japanese Grand Prix,ricciardo,rb,11,19,0.0,Retired,0
2024,4,Japanese Grand Prix,albon,williams,14,20,0.0,Retired,0
2024,5,Chinese Grand Prix,max_verstappen,red_bull,1,1,25.0,Finished,56
2024,5,Chinese Grand Prix,norris,mclaren,4,2,18.0,Finished,56
2024,5,Chinese Grand Prix,perez,red_bull,2,3,15.0,Finished,56
2024,5,Chinese Grand Prix,leclerc,ferrari,6,4,12.0,Finished,56
2024,5,Chinese Grand Prix,sainz,ferrari,7,5,10.0,Finished,56
2024,5,Chinese Grand Prix,russell,mercedes,8,6,8.0,Finished,56
2024,5,Chinese Grand Prix,alonso,aston_martin,3,7,7.0,Finished,56
2024,5,Chinese Grand Prix,piastri,mclaren,5,8,4.0,Finished,56
2024,5,Chinese Grand Prix,hamilton,mercedes,18,9,2.0,Finished,56
2024,5,Chinese Grand Prix,hulkenberg,haas,9,10,1.0,Finished,56
2024,5,Chinese Grand Prix,ocon,alpine,13,11,0.0,Finished,56
2024,5,Chinese Grand Prix,albon,williams,14,12,0.0,Finished,56
2024,5,Chinese Grand Prix,gasly,alpine,15,13,0.0,Finished,56
2024,5,Chinese Grand Prix,zhou,sauber,16,14,0.0,Finished,56
2024,5,Chinese Grand Prix,stroll,aston_martin,11,15,0.0,Finished,56
2024,5,Chinese Grand Prix,kevin_magnussen,haas,17,16,0.0,Finished,56
2024,5,Chinese Grand Prix,sargeant,williams,20,17,0.0,Finished,56
2024,5,Chinese Grand Prix,ricciardo,rb,12,18,0.0,Retired,33
2024,5,Chinese Grand Prix,tsunoda,rb,19,19,0.0,Retired,26
2024,5,Chinese Grand Prix,bottas,sauber,10,20,0.0,Retired,19
2024,6,Miami Grand Prix,norris,mclaren,5,1,25.0,Finished,57
2024,6,Miami Grand Prix,max_verstappen,red_bull,1,2,18.0,Finished,57
2024,6,Miami Grand Prix,leclerc,ferrari,2,3,15.0,Finished,57
2024,6,Miami Grand Prix,perez,red_bull,4,4,12.0,Finished,57
2024,6,Miami Grand Prix,sainz,ferrari,3,5,10.0,Finished,57
2024,6,Miami Grand Prix,hamilton,mercedes,8,6,8.0,Finished,57
2024,6,Miami Grand Prix,tsunoda,rb,10,7,6.0,Finished,57
2024,6,Miami Grand Prix,russell,mercedes,7,8,4.0,Finished,57
2024,6,Miami Grand Prix,alonso,aston_martin,15,9,2.0,Finished,57
2024,6,Miami Grand Prix,ocon,alpine,13,10,1.0,Finished,57
2024,6,Miami Grand Prix,hulkenberg,haas,9,11,0.0,Finished,57
2024,6,Miami Grand Prix,gasly,alpine,12,12,0.0,Finished,57
2024,6,Miami Grand Prix,piastri,mclaren,6,13,0.0,Finished,57
2024,6,Miami Grand Prix,zhou,sauber,19,14,0.0,Finished,57
2024,6,Miami Grand Prix,ricciardo,rb,20,15,0.0,Finished,57
2024,6,Miami Grand Prix,bottas,sauber,16,16,0.0,Finished,57
2024,6,Miami Grand Prix,stroll,aston_martin,11,17,0.0,Finished,57
2024,6,Miami Grand Prix,albon,williams,14,18,0.0,Finished,57
2024,6,Miami Grand Prix,kevin_magnussen,haas,18,19,0.0,Finished,57
2024,6,Miami Grand Prix,sargeant,williams,17,20,0.0,Retired,27
2024,7,Emilia Romagna Grand Prix,max_verstappen,red_bull,1,1,25.0,Finished,63
2024,7,Emilia Romagna Grand Prix,norris,mclaren,2,2,18.0,Finished,63
2024,7,Emilia Romagna Grand Prix,leclerc,ferrari,3,3,15.0,Finished,63
2024,7,Emilia Romagna Grand Prix,piastri,mclaren,5,4,12.0,Finished,63
2024,7,Emilia Romagna Grand Prix,sainz,ferrari,4,5,10.0,Finished,63
2024,7,Emilia Romagna Grand Prix,hamilton,mercedes,8,6,8.0,Finished,63
2024,7,Emilia Romagna Grand Prix,russell,mercedes,6,7,7.0,Finished,63
2024,7,Emilia Romagna Grand Prix,perez,red_bull,11,8,4.0,Finished,63
2024,7,Emilia Romagna Grand Prix,stroll,aston_martin,13,9,2.0,Finished,63
2024,7,Emilia Romagna Grand Prix,tsunoda,rb,7,10,1.0,Lapped,62
2024,7,Emilia Romagna Grand Prix,hulkenberg,haas,10,11,0.0,Lapped,62
2024,7,Emilia Romagna Grand Prix,kevin_magnussen,haas,18,12,0.0,Lapped,62
2024,7,Emilia Romagna Grand Prix,ricciardo,rb,9,13,0.0,Lapped,62
2024,7,Emilia Romagna Grand Prix,ocon,alpine,12,14,0.0,Lapped,62
2024,7,Emilia Romagna Grand Prix,zhou,sauber,17,15,0.0,Lapped,62
2024,7,Emilia Romagna Grand Prix,gasly,alpine,15,16,0.0,Lapped,62
2024,7,Emilia Romagna Grand Prix,sargeant,williams,19,17,0.0,Lapped,62
2024,7,Emilia Romagna Grand Prix,bottas,sauber,16,18,0.0,Lapped,62
2024,7,Emilia Romagna Grand Prix,alonso,aston_martin,20,19,0.0,Lapped,62
2024,7,Emilia Romagna Grand Prix,albon,williams,14,20,0.0,Retired,51
2024,8,Monaco Grand Prix,leclerc,ferrari,1,1,25.0,Finished,78
2024,8,Monaco Grand Prix,piastri,mclaren,2,2,18.0,Finished,78
2024,8,Monaco Grand Prix,sainz,ferrari,3,3,15.0,Finished,78
2024,8,Monaco Grand Prix,norris,mclaren,4,4,12.0,Finished,78
2024,8,Monaco Grand Prix,russell,mercedes,5,5,10.0,Finished,78
2024,8,Monaco Grand Prix,max_verstappen,red_bull,6,6,8.0,Finished,78
2024,8,Monaco Grand Prix,hamilton,mercedes,7,7,7.0,Finished,78
2024,8,Monaco Grand Prix,tsunoda,rb,8,8,4.0,Lapped,77
2024,8,Monaco Grand Prix,albon,williams,9,9,2.0,Lapped,77
2024,8,Monaco Grand Prix,gasly,alpine,10,10,1.0,Lapped,77
2024,8,Monaco Grand Prix,alonso,aston_martin,14,11,0.0,Lapped,76
2024,8,Monaco Grand Prix,ricciardo,rb,12,12,0.0,Lapped,76
2024,8,Monaco Grand Prix,bottas,sauber,17,13,0.0,Lapped,76
2024,8,Monaco Grand Prix,stroll,aston_martin,13,14,0.0,Lapped,76
2024,8,Monaco Grand Prix,sargeant,williams,15,15,0.0,Lapped,76
2024,8,Monaco Grand Prix,zhou,sauber,18,16,0.0,Lapped,76
2024,8,Monaco Grand Prix,ocon,alpine,11,17,0.0,Retired,0
2024,8,Monaco Grand Prix,perez,red_bull,16,18,0.0,Retired,0
2024,8,Monaco Grand Prix,hulkenberg,haas,19,19,0.0,Retired,0
2024,8,Monaco Grand Prix,kevin_magnussen,haas,20,20,0.0,Retired,0
2024,9,Canadian Grand Prix,max_verstappen,red_bull,2,1,25.0,Finished,70
2024,9,Canadian Grand Prix,norris,mclaren,3,2,18.0,Finished,70
2024,9,Canadian Grand Prix,russell,mercedes,1,3,15.0,Finished,70
2024,9,Canadian Grand Prix,hamilton,mercedes,7,4,13.0,Finished,70
2024,9,Canadian Grand Prix,piastri,mclaren,4,5,10.0,Finished,70
2024,9,Canadian Grand Prix,alonso,aston_martin,6,6,8.0,Finished,70
2024,9,Canadian Grand Prix,stroll,aston_martin,9,7,6.0,Finished,70
2024,9,Canadian Grand Prix,ricciardo,rb,5,8,4.0,Finished,70
2024,9,Canadian Grand Prix,gasly,alpine,15,9,2.0,Finished,70
2024,9,Canadian Grand Prix,ocon,alpine,18,10,1.0,Finished,70
2024,9,Canadian Grand Prix,hulkenberg,haas,17,11,0.0,Finished,70
2024,9,Canadian Grand Prix,kevin_magnussen,haas,14,12,0.0,Finished,70
2024,9,Canadian Grand Prix,bottas,sauber,19,13,0.0,Finished,70
2024,9,Canadian Grand Prix,tsunoda,rb,8,14,0.0,Finished,70
2024,9,Canadian Grand Prix,zhou,sauber,20,15,0.0,Lapped,69
2024,9,Canadian Grand Prix,sainz,ferrari,12,16,0.0,Retired,52
2024,9,Canadian Grand Prix,albon,williams,10,17,0.0,Retired,52
2024,9,Canadian Grand Prix,perez,red_bull,16,18,0.0,Retired,51
2024,9,Canadian Grand Prix,leclerc,ferrari,11,19,0.0,Retired,40
2024,9,Canadian Grand Prix,sargeant,williams,13,20,0.0,Retired,23
2024,10,Spanish Grand Prix,max_verstappen,red_bull,2,1,25.0,Finished,66
2024,10,Spanish Grand Prix,norris,mclaren,1,2,19.0,Finished,66
2024,10,Spanish Grand Prix,hamilton,mercedes,3,3,15.0,Finished,66
2024,10,Spanish Grand Prix,russell,mercedes,4,4,12.0,Finished,66
2024,10,Spanish Grand Prix,leclerc,ferrari,5,5,10.0,Finished,66
2024,10,Spanish Grand Prix,sainz,ferrari,6,6,8.0,Finished,66
2024,10,Spanish Grand Prix,piastri,mclaren,9,7,6.0,Finished,66
2024,10,Spanish Grand Prix,perez,red_bull,11,8,4.0,Finished,66
2024,10,Spanish Grand Prix,gasly,alpine,7,9,2.0,Finished,66
2024,10,Spanish Grand Prix,ocon,alpine,8,10,1.0,Finished,66
2024,10,Spanish Grand Prix,hulkenberg,haas,13,11,0.0,Finished,66
2024,10,Spanish Grand Prix,alonso,aston_martin,10,12,0.0,Lapped,65
2024,10,Spanish Grand Prix,zhou,sauber,15,13,0.0,Lapped,65
2024,10,Spanish Grand Prix,stroll,aston_martin,14,14,0.0,Lapped,65
2024,10,Spanish Grand Prix,ricciardo,rb,18,15,0.0,Lapped,65
2024,10,Spanish Grand Prix,bottas,sauber,12,16,0.0,Lapped,65
2024,10,Spanish Grand Prix,kevin_magnussen,haas,16,17,0.0,Lapped,65
2024,10,Spanish Grand Prix,albon,williams,20,18,0.0,Lapped,65
2024,10,Spanish Grand Prix,tsunoda,rb,17,19,0.0,Lapped,65
2024,10,Spanish Grand Prix,sargeant,williams,19,20,0.0,Lapped,64
2024,11,Austrian Grand Prix,russell,mercedes,3,1,25.0,Finished,71
2024,11,Austrian Grand Prix,piastri,mclaren,7,2,18.0,Finished,71
2024,11,Austrian Grand Prix,sainz,ferrari,4,3,15.0,Finished,71
2024,11,Austrian Grand Prix,hamilton,mercedes,5,4,12.0,Finished,71
2024,11,Austrian Grand Prix,max_verstappen,red_bull,1,5,10.0,Finished,71
2024,11,Austrian Grand Prix,hulkenberg,haas,9,6,8.0,Finished,71
2024,11,Austrian Grand Prix,perez,red_bull,8,7,6.0,Finished,71
2024,11,Austrian Grand Prix,kevin_magnussen,haas,12,8,4.0,Finished,71
2024,11,Austrian Grand Prix,ricciardo,rb,11,9,2.0,Finished,71
2024,11,Austrian Grand Prix,gasly,alpine,13,10,1.0,Finished,71
2024,11,Austrian Grand Prix,leclerc,ferrari,6,11,0.0,Finished,71
2024,11,Austrian Grand Prix,ocon,alpine,10,12,0.0,Finished,71
2024,11,Austrian Grand Prix,stroll,aston_martin,17,13,0.0,Lapped,70
2024,11,Austrian Grand Prix,tsunoda,rb,14,14,0.0,Lapped,70
2024,11,Austrian Grand Prix,albon,williams,16,15,0.0,Lapped,70
2024,11,Austrian Grand Prix,bottas,sauber,18,16,0.0,Lapped,70
2024,11,Austrian Grand Prix,zhou,sauber,20,17,0.0,Lapped,70
2024,11,Austrian Grand Prix,alonso,aston_martin,15,18,0.0,Lapped,70
2024,11,Austrian Grand Prix,sargeant,williams,19,19,0.0,Lapped,69
2024,11,Austrian Grand Prix,norris,mclaren,2,20,0.0,Lapped,64
2024,12,British Grand Prix,hamilton,mercedes,2,1,25.0,Finished,52
2024,12,British Grand Prix,max_verstappen,red_bull,4,2,18.0,Finished,52
2024,12,British Grand Prix,norris,mclaren,3,3,15.0,Finished,52
2024,12,British Grand Prix,piastri,mclaren,5,4,12.0,Finished,52
2024,12,British Grand Prix,sainz,ferrari,7,5,11.0,Finished,52
2024,12,British Grand Prix,hulkenberg,haas,6,6,8.0,Finished,52
2024,12,British Grand Prix,stroll,aston_martin,8,7,6.0,Finished,52
2024,12,British Grand Prix,alonso,aston_martin,10,8,4.0,Finished,52
2024,12,British Grand Prix,albon,williams,9,9,2.0,Finished,52
2024,12,British Grand Prix,tsunoda,rb,13,10,1.0,Finished,52
2024,12,British Grand Prix,sargeant,williams,12,11,0.0,Finished,52
2024,12,British Grand Prix,kevin_magnussen,haas,17,12,0.0,Finished,52
2024,12,British Grand Prix,ricciardo,rb,15,13,0.0,Lapped,51
2024,12,British Grand Prix,leclerc,ferrari,11,14,0.0,Lapped,51
2024,12,British Grand Prix,bottas,sauber,16,15,0.0,Lapped,51
2024,12,British Grand Prix,ocon,alpine,18,16,0.0,Lapped,50
2024,12,British Grand Prix,perez,red_bull,20,17,0.0,Lapped,50
2024,12,British Grand Prix,zhou,sauber,14,18,0.0,Lapped,50
2024,12,British Grand Prix,russell,mercedes,1,19,0.0,Retired,33
2024,12,British Grand Prix,gasly,alpine,19,20,0.0,Did not start,0
2024,13,Hungarian Grand Prix,piastri,mclaren,2,1,25.0,Finished,70
2024,13,Hungarian Grand Prix,norris,mclaren,1,2,18.0,Finished,70
2024,13,Hungarian Grand Prix,hamilton,mercedes,5,3,15.0,Finished,70
2024,13,Hungarian Grand Prix,leclerc,ferrari,6,4,12.0,Finished,70
2024,13,Hungarian Grand Prix,max_verstappen,red_bull,3,5,10.0,Finished,70
2024,13,Hungarian Grand Prix,sainz,ferrari,4,6,8.0,Finished,70
2024,13,Hungarian Grand Prix,perez,red_bull,16,7,6.0,Finished,70
2024,13,Hungarian Grand Prix,russell,mercedes,17,8,5.0,Finished,70
2024,13,Hungarian Grand Prix,tsunoda,rb,10,9,2.0,Finished,70
2024,13,Hungarian Grand Prix,stroll,aston_martin,8,10,1.0,Finished,70
2024,13,Hungarian Grand Prix,alonso,aston_martin,7,11,0.0,Finished,70
2024,13,Hungarian Grand Prix,ricciardo,rb,9,12,0.0,Lapped,69
2024,13,Hungarian Grand Prix,hulkenberg,haas,11,13,0.0,Lapped,69
2024,13,Hungarian Grand Prix,albon,williams,13,14,0.0,Lapped,69
2024,13,Hungarian Grand Prix,kevin_magnussen,haas,15,15,0.0,Lapped,69
2024,13,Hungarian Grand Prix,bottas,sauber,12,16,0.0,Lapped,69
2024,13,Hungarian Grand Prix,sargeant,williams,14,17,0.0,Lapped,69
2024,13,Hungarian Grand Prix,ocon,alpine,19,18,0.0,Lapped,69
2024,13,Hungarian Grand Prix,zhou,sauber,18,19,0.0,Lapped,69
2024,13,Hungarian Grand Prix,gasly,alpine,20,20,0.0,Retired,33
2024,14,Belgian Grand Prix,hamilton,mercedes,3,1,25.0,Finished,44
2024,14,Belgian Grand Prix,piastri,mclaren,5,2,18.0,Finished,44
2024,14,Belgian Grand Prix,leclerc,ferrari,1,3,15.0,Finished,44
2024,14,Belgian Grand Prix,max_verstappen,red_bull,11,4,12.0,Finished,44
2024,14,Belgian Grand Prix,norris,mclaren,4,5,10.0,Finished,44
2024,14,Belgian Grand Prix,sainz,ferrari,7,6,8.0,Finished,44
2024,14,Belgian Grand Prix,perez,red_bull,2,7,7.0,Finished,44
2024,14,Belgian Grand Prix,alonso,aston_martin,8,8,4.0,Finished,44
2024,14,Belgian Grand Prix,ocon,alpine,9,9,2.0,Finished,44
2024,14,Belgian Grand Prix,ricciardo,rb,13,10,1.0,Finished,44
2024,14,Belgian Grand Prix,stroll,aston_martin,15,11,0.0,Finished,44
2024,14,Belgian Grand Prix,albon,williams,10,12,0.0,Finished,44
2024,14,Belgian Grand Prix,gasly,alpine,12,13,0.0,Finished,44
2024,14,Belgian Grand Prix,kevin_magnussen,haas,17,14,0.0,Finished,44
2024,14,Belgian Grand Prix,bottas,sauber,14,15,0.0,Finished,44
2024,14,Belgian Grand Prix,tsunoda,rb,20,16,0.0,Finished,44
2024,14,Belgian Grand Prix,sargeant,williams,18,17,0.0,Finished,44
2024,14,Belgian Grand Prix,hulkenberg,haas,16,18,0.0,Finished,44
2024,14,Belgian Grand Prix,zhou,sauber,19,19,0.0,Retired,5
2024,14,Belgian Grand Prix,russell,mercedes,6,20,0.0,Disqualified,44
2024,15,Dutch Grand Prix,norris,mclaren,1,1,26.0,Finished,72
2024,15,Dutch Grand Prix,max_verstappen,red_bull,2,2,18.0,Finished,72
2024,15,Dutch Grand Prix,leclerc,ferrari,6,3,15.0,Finished,72
2024,15,Dutch Grand Prix,piastri,mclaren,3,4,12.0,Finished,72
2024,15,Dutch Grand Prix,sainz,ferrari,10,5,10.0,Finished,72
2024,15,Dutch Grand Prix,perez,red_bull,5,6,8.0,Finished,72
2024,15,Dutch Grand Prix,russell,mercedes,4,7,6.0,Finished,72
2024,15,Dutch Grand Prix,hamilton,mercedes,14,8,4.0,Finished,72
2024,15,Dutch Grand Prix,gasly,alpine,9,9,2.0,Lapped,71
2024,15,Dutch Grand Prix,alonso,aston_martin,7,10,1.0,Lapped,71
2024,15,Dutch Grand Prix,hulkenberg,haas,12,11,0.0,Lapped,71
2024,15,Dutch Grand Prix,ricciardo,rb,13,12,0.0,Lapped,71
2024,15,Dutch Grand Prix,stroll,aston_martin,8,13,0.0,Lapped,71
2024,15,Dutch Grand Prix,albon,williams,19,14,0.0,Lapped,71
2024,15,Dutch Grand Prix,ocon,alpine,15,15,0.0,Lapped,71
2024,15,Dutch Grand Prix,sargeant,williams,18,16,0.0,Lapped,71
2024,15,Dutch Grand Prix,tsunoda,rb,11,17,0.0,Lapped,71
2024,15,Dutch Grand Prix,kevin_magnussen,haas,20,18,0.0,Lapped,71
2024,15,Dutch Grand Prix,bottas,sauber,16,19,0.0,Lapped,70
2024,15,Dutch Grand Prix,zhou,sauber,17,20,0.0,Lapped,70
2024,16,Italian Grand Prix,leclerc,ferrari,4,1,25.0,Finished,53
2024,16,Italian Grand Prix,piastri,mclaren,2,2,18.0,Finished,53
2024,16,Italian Grand Prix,norris,mclaren,1,3,16.0,Finished,53
2024,16,Italian Grand Prix,sainz,ferrari,5,4,12.0,Finished,53
2024,16,Italian Grand Prix,hamilton,mercedes,6,5,10.0,Finished,53
2024,16,Italian Grand Prix,max_verstappen,red_bull,7,6,8.0,Finished,53
2024,16,Italian Grand Prix,russell,mercedes,3,7,6.0,Finished,53
2024,16,Italian Grand Prix,perez,red_bull,8,8,4.0,Finished,53
2024,16,Italian Grand Prix,albon,williams,9,9,2.0,Finished,53
2024,16,Italian Grand Prix,kevin_magnussen,haas,13,10,1.0,Finished,53
2024,16,Italian Grand Prix,alonso,aston_martin,11,11,0.0,Finished,53
2024,16,Italian Grand Prix,colapinto,williams,18,12,0.0,Finished,53
2024,16,Italian Grand Prix,ricciardo,rb,12,13,0.0,Finished,53
2024,16,Italian Grand Prix,ocon,alpine,15,14,0.0,Lapped,52
2024,16,Italian Grand Prix,gasly,alpine,14,15,0.0,Lapped,52
2024,16,Italian Grand Prix,bottas,sauber,19,16,0.0,Lapped,52
2024,16,Italian Grand Prix,hulkenberg,haas,10,17,0.0,Lapped,52
2024,16,Italian Grand Prix,zhou,sauber,20,18,0.0,Lapped,52
2024,16,Italian Grand Prix,stroll,aston_martin,17,19,0.0,Lapped,52
2024,16,Italian Grand Prix,tsunoda,rb,16,20,0.0,Retired,7
2024,17,Azerbaijan Grand Prix,piastri,mclaren,2,1,25.0,Finished,51
2024,17,Azerbaijan Grand Prix,leclerc,ferrari,1,2,18.0,Finished,51
2024,17,Azerbaijan Grand Prix,russell,mercedes,5,3,15.0,Finished,51
2024,17,Azerbaijan Grand Prix,norris,mclaren,15,4,13.0,Finished,51
2024,17,Azerbaijan Grand Prix,max_verstappen,red_bull,6,5,10.0,Finished,51
2024,17,Azerbaijan Grand Prix,alonso,aston_martin,7,6,8.0,Finished,51
2024,17,Azerbaijan Grand Prix,albon,williams,9,7,6.0,Finished,51
2024,17,Azerbaijan Grand Prix,colapinto,williams,8,8,4.0,Finished,51
2024,17,Azerbaijan Grand Prix,hamilton,mercedes,19,9,2.0,Finished,51
2024,17,Azerbaijan Grand Prix,bearman,haas,10,10,1.0,Finished,51
2024,17,Azerbaijan Grand Prix,hulkenberg,haas,12,11,0.0,Finished,51
2024,17,Azerbaijan Grand Prix,gasly,alpine,18,12,0.0,Finished,51
2024,17,Azerbaijan Grand Prix,ricciardo,rb,14,13,0.0,Finished,51
2024,17,Azerbaijan Grand Prix,zhou,sauber,17,14,0.0,Finished,51
2024,17,Azerbaijan Grand Prix,ocon,alpine,20,15,0.0,Lapped,50
2024,17,Azerbaijan Grand Prix,bottas,sauber,16,16,0.0,Lapped,50
2024,17,Azerbaijan Grand Prix,perez,red_bull,4,17,0.0,Retired,49
2024,17,Azerbaijan Grand Prix,sainz,ferrari,3,18,0.0,Retired,49
2024,17,Azerbaijan Grand Prix,stroll,aston_martin,13,19,0.0,Retired,45
2024,17,Azerbaijan Grand Prix,tsunoda,rb,11,20,0.0,Retired,14
2024,18,Singapore Grand Prix,norris,mclaren,1,1,25.0,Finished,62
2024,18,Singapore Grand Prix,max_verstappen,red_bull,2,2,18.0,Finished,62
2024,18,Singapore Grand Prix,piastri,mclaren,5,3,15.0,Finished,62
2024,18,Singapore Grand Prix,russell,mercedes,4,4,12.0,Finished,62
2024,18,Singapore Grand Prix,leclerc,ferrari,9,5,10.0,Finished,62
2024,18,Singapore Grand Prix,hamilton,mercedes,3,6,8.0,Finished,62
2024,18,Singapore Grand Prix,sainz,ferrari,10,7,6.0,Finished,62
2024,18,Singapore Grand Prix,alonso,aston_martin,7,8,4.0,Lapped,61
2024,18,Singapore Grand Prix,hulkenberg,haas,6,9,2.0,Lapped,61
2024,18,Singapore Grand Prix,perez,red_bull,13,10,1.0,Lapped,61
2024,18,Singapore Grand Prix,colapinto,williams,12,11,0.0,Lapped,61
2024,18,Singapore Grand Prix,tsunoda,rb,8,12,0.0,Lapped,61
2024,18,Singapore Grand Prix,ocon,alpine,15,13,0.0,Lapped,61
2024,18,Singapore Grand Prix,stroll,aston_martin,17,14,0.0,Lapped,61
2024,18,Singapore Grand Prix,zhou,sauber,20,15,0.0,Lapped,61
2024,18,Singapore Grand Prix,bottas,sauber,19,16,0.0,Lapped,61
2024,18,Singapore Grand Prix,gasly,alpine,18,17,0.0,Lapped,61
2024,18,Singapore Grand Prix,ricciardo,rb,16,18,0.0,Lapped,61
2024,18,Singapore Grand Prix,kevin_magnussen,haas,14,19,0.0,Retired,57
2024,18,Singapore Grand Prix,albon,williams,11,20,0.0,Retired,15
2024,19,United States Grand Prix,leclerc,ferrari,4,1,25.0,Finished,56
2024,19,United States Grand Prix,sainz,ferrari,3,2,18.0,Finished,56
2024,19,United States Grand Prix,max_verstappen,red_bull,2,3,15.0,Finished,56
2024,19,United States Grand Prix,norris,mclaren,1,4,12.0,Finished,56
2024,19,United States Grand Prix,piastri,mclaren,5,5,10.0,Finished,56
2024,19,United States Grand Prix,russell,mercedes,20,6,8.0,Finished,56
2024,19,United States Grand Prix,perez,red_bull,9,7,6.0,Finished,56
2024,19,United States Grand Prix,hulkenberg,haas,11,8,4.0,Finished,56
2024,19,United States Grand Prix,lawson,rb,19,9,2.0,Finished,56
2024,19,United States Grand Prix,colapinto,williams,15,10,1.0,Finished,56
2024,19,United States Grand Prix,kevin_magnussen,haas,8,11,0.0,Finished,56
2024,19,United States Grand Prix,gasly,alpine,6,12,0.0,Finished,56
2024,19,United States Grand Prix,alonso,aston_martin,7,13,0.0,Lapped,55
2024,19,United States Grand Prix,tsunoda,rb,10,14,0.0,Lapped,55
2024,19,United States Grand Prix,stroll,aston_martin,13,15,0.0,Lapped,55
2024,19,United States Grand Prix,albon,williams,14,16,0.0,Lapped,55
2024,19,United States Grand Prix,bottas,sauber,16,17,0.0,Lapped,55
2024,19,United States Grand Prix,ocon,alpine,12,18,0.0,Lapped,55
2024,19,United States Grand Prix,zhou,sauber,18,19,0.0,Lapped,55
2024,19,United States Grand Prix,hamilton,mercedes,17,20,0.0,Retired,1
2024,20,Mexico City Grand Prix,sainz,ferrari,1,1,25.0,Finished,71
2024,20,Mexico City Grand Prix,norris,mclaren,3,2,18.0,Finished,71
2024,20,Mexico City Grand Prix,leclerc,ferrari,4,3,16.0,Finished,71
2024,20,Mexico City Grand Prix,hamilton,mercedes,6,4,12.0,Finished,71
2024,20,Mexico City Grand Prix,russell,mercedes,5,5,10.0,Finished,71
2024,20,Mexico City Grand Prix,max_verstappen,red_bull,2,6,8.0,Finished,71
2024,20,Mexico City Grand Prix,kevin_magnussen,haas,7,7,6.0,Finished,71
2024,20,Mexico City Grand Prix,piastri,mclaren,17,8,4.0,Finished,71
2024,20,Mexico City Grand Prix,hulkenberg,haas,10,9,2.0,Lapped,70
2024,20,Mexico City Grand Prix,gasly,alpine,8,10,1.0,Lapped,70
2024,20,Mexico City Grand Prix,stroll,aston_martin,14,11,0.0,Lapped,70
2024,20,Mexico City Grand Prix,colapinto,williams,16,12,0.0,Lapped,70
2024,20,Mexico City Grand Prix,ocon,alpine,0,13,0.0,Lapped,70
2024,20,Mexico City Grand Prix,bottas,sauber,15,14,0.0,Lapped,70
2024,20,Mexico City Grand Prix,zhou,sauber,19,15,0.0,Lapped,70
2024,20,Mexico City Grand Prix,lawson,rb,12,16,0.0,Lapped,70
2024,20,Mexico City Grand Prix,perez,red_bull,18,17,0.0,Lapped,70
2024,20,Mexico City Grand Prix,alonso,aston_martin,13,18,0.0,Retired,15
2024,20,Mexico City Grand Prix,albon,williams,9,19,0.0,Retired,0
2024,20,Mexico City Grand Prix,tsunoda,rb,11,20,0.0,Retired,0
2024,21,São Paulo Grand Prix,max_verstappen,red_bull,17,1,26.0,Finished,69
2024,21,São Paulo Grand Prix,ocon,alpine,4,2,18.0,Finished,69
2024,21,São Paulo Grand Prix,gasly,alpine,13,3,15.0,Finished,69
2024,21,São Paulo Grand Prix,russell,mercedes,2,4,12.0,Finished,69
2024,21,São Paulo Grand Prix,leclerc,ferrari,6,5,10.0,Finished,69
2024,21,São Paulo Grand Prix,norris,mclaren,1,6,8.0,Finished,69
2024,21,São Paulo Grand Prix,tsunoda,rb,3,7,6.0,Finished,69
2024,21,São Paulo Grand Prix,piastri,mclaren,8,8,4.0,Finished,69
2024,21,São Paulo Grand Prix,lawson,rb,5,9,2.0,Finished,69
2024,21,São Paulo Grand Prix,hamilton,mercedes,14,10,1.0,Finished,69
2024,21,São Paulo Grand Prix,perez,red_bull,12,11,0.0,Finished,69
2024,21,São Paulo Grand Prix,bearman,haas,15,12,0.0,Finished,69
2024,21,São Paulo Grand Prix,bottas,sauber,11,13,0.0,Finished,69
2024,21,São Paulo Grand Prix,alonso,aston_martin,9,14,0.0,Finished,69
2024,21,São Paulo Grand Prix,zhou,sauber,19,15,0.0,Finished,69
2024,21,São Paulo Grand Prix,sainz,ferrari,20,16,0.0,Retired,38
2024,21,São Paulo Grand Prix,colapinto,williams,16,17,0.0,Retired,30
2024,21,São Paulo Grand Prix,albon,williams,7,18,0.0,Did not start,0
2024,21,São Paulo Grand Prix,stroll,aston_martin,10,19,0.0,Did not start,0
2024,21,São Paulo Grand Prix,hulkenberg,haas,18,20,0.0,Disqualified,0
2024,22,Las Vegas Grand Prix,russell,mercedes,1,1,25.0,Finished,50
2024,22,Las Vegas Grand Prix,hamilton,mercedes,10,2,18.0,Finished,50
2024,22,Las Vegas Grand Prix,sainz,ferrari,2,3,15.0,Finished,50
2024,22,Las Vegas Grand Prix,leclerc,ferrari,4,4,12.0,Finished,50
2024,22,Las Vegas Grand Prix,max_verstappen,red_bull,5,5,10.0,Finished,50
2024,22,Las Vegas Grand Prix,norris,mclaren,6,6,9.0,Finished,50
2024,22,Las Vegas Grand Prix,piastri,mclaren,8,7,6.0,Finished,50
2024,22,Las Vegas Grand Prix,hulkenberg,haas,9,8,4.0,Finished,50
2024,22,Las Vegas Grand Prix,tsunoda,rb,7,9,2.0,Finished,50
2024,22,Las Vegas Grand Prix,perez,red_bull,15,10,1.0,Finished,50
2024,22,Las Vegas Grand Prix,alonso,aston_martin,16,11,0.0,Finished,50
2024,22,Las Vegas Grand Prix,kevin_magnussen,haas,12,12,0.0,Finished,50
2024,22,Las Vegas Grand Prix,zhou,sauber,13,13,0.0,Finished,50
2024,22,Las Vegas Grand Prix,colapinto,williams,20,14,0.0,Finished,50
2024,22,Las Vegas Grand Prix,stroll,aston_martin,18,15,0.0,Finished,50
2024,22,Las Vegas Grand Prix,lawson,rb,14,16,0.0,Finished,50
2024,22,Las Vegas Grand Prix,ocon,alpine,11,17,0.0,Lapped,49
2024,22,Las Vegas Grand Prix,bottas,sauber,19,18,0.0,Lapped,49
2024,22,Las Vegas Grand Prix,albon,williams,17,19,0.0,Retired,25
2024,22,Las Vegas Grand Prix,gasly,alpine,3,20,0.0,Retired,15
2024,23,Qatar Grand Prix,max_verstappen,red_bull,2,1,25.0,Finished,57
2024,23,Qatar Grand Prix,leclerc,ferrari,5,2,18.0,Finished,57
2024,23,Qatar Grand Prix,piastri,mclaren,4,3,15.0,Finished,57
2024,23,Qatar Grand Prix,russell,mercedes,1,4,12.0,Finished,57
2024,23,Qatar Grand Prix,gasly,alpine,11,5,10.0,Finished,57
2024,23,Qatar Grand Prix,sainz,ferrari,7,6,8.0,Finished,57
2024,23,Qatar Grand Prix,alonso,aston_martin,8,7,6.0,Finished,57
2024,23,Qatar Grand Prix,zhou,sauber,12,8,4.0,Finished,57
2024,23,Qatar Grand Prix,kevin_magnussen,haas,10,9,2.0,Finished,57
2024,23,Qatar Grand Prix,norris,mclaren,3,10,2.0,Finished,57
2024,23,Qatar Grand Prix,bottas,sauber,13,11,0.0,Finished,57
2024,23,Qatar Grand Prix,hamilton,mercedes,6,12,0.0,Finished,57
2024,23,Qatar Grand Prix,tsunoda,rb,14,13,0.0,Finished,57
2024,23,Qatar Grand Prix,lawson,rb,17,14,0.0,Finished,57
2024,23,Qatar Grand Prix,albon,williams,16,15,0.0,Lapped,56
2024,23,Qatar Grand Prix,hulkenberg,haas,18,16,0.0,Retired,39
2024,23,Qatar Grand Prix,perez,red_bull,9,17,0.0,Retired,38
2024,23,Qatar Grand Prix,stroll,aston_martin,15,18,0.0,Retired,8
2024,23,Qatar Grand Prix,colapinto,williams,19,19,0.0,Retired,0
2024,23,Qatar Grand Prix,ocon,alpine,20,20,0.0,Retired,0
2024,24,Abu Dhabi Grand Prix,norris,mclaren,1,1,25.0,Finished,58
2024,24,Abu Dhabi Grand Prix,sainz,ferrari,3,2,18.0,Finished,58
2024,24,Abu Dhabi Grand Prix,leclerc,ferrari,19,3,15.0,Finished,58
2024,24,Abu Dhabi Grand Prix,hamilton,mercedes,16,4,12.0,Finished,58
2024,24,Abu Dhabi Grand Prix,russell,mercedes,6,5,10.0,Finished,58
2024,24,Abu Dhabi Grand Prix,max_verstappen,red_bull,4,6,8.0,Finished,58
2024,24,Abu Dhabi Grand Prix,gasly,alpine,5,7,6.0,Finished,58
2024,24,Abu Dhabi Grand Prix,hulkenberg,haas,7,8,4.0,Finished,58
2024,24,Abu Dhabi Grand Prix,alonso,aston_martin,8,9,2.0,Finished,58
2024,24,Abu Dhabi Grand Prix,piastri,mclaren,2,10,1.0,Finished,58
2024,24,Abu Dhabi Grand Prix,albon,williams,18,11,0.0,Lapped,57
2024,24,Abu Dhabi Grand Prix,tsunoda,rb,11,12,0.0,Lapped,57
2024,24,Abu Dhabi Grand Prix,zhou,sauber,15,13,0.0,Lapped,57
2024,24,Abu Dhabi Grand Prix,stroll,aston_martin,13,14,0.0,Lapped,57
2024,24,Abu Dhabi Grand Prix,doohan,alpine,17,15,0.0,Lapped,57
2024,24,Abu Dhabi Grand Prix,kevin_magnussen,haas,14,16,0.0,Lapped,57
2024,24,Abu Dhabi Grand Prix,lawson,rb,12,17,0.0,Retired,55
2024,24,Abu Dhabi Grand Prix,bottas,sauber,9,18,0.0,Retired,30
2024,24,Abu Dhabi Grand Prix,colapinto,williams,20,19,0.0,Retired,26
2024,24,Abu Dhabi Grand Prix,perez,red_bull,10,20,0.0,Retired,0
